X,Y,Index_,ACCNUM,YEAR,DATE,TIME,Hour,STREET1,STREET2,OFFSET,ROAD_CLASS,District,WardNum,WardNum_X,WardNum_Y,Division,Division_X,Division_Y,LATITUDE,LONGITUDE,LOCCOORD,ACCLOC,TRAFFCTL,VISIBILITY,LIGHT,RDSFCOND,ACCLASS,IMPACTYPE,INVTYPE,INVAGE,INJURY,FATAL_NO,INITDIR,VEHTYPE,MANOEUVER,DRIVACT,DRIVCOND,PEDTYPE,PEDACT,PEDCOND,CYCLISTYPE,CYCACT,CYCCOND,PEDESTRIAN,CYCLIST,AUTOMOBILE,MOTORCYCLE,TRUCK,TRSN_CITY_,EMERG_VEH,PASSENGER,SPEEDING,AG_DRIV,REDLIGHT,ALCOHOL,DISABILITY,Hood_ID,Neighbourh,ObjectId
-79.508617,43.720904,80563775,6001143418,2016,2016-06-30T04:00:00.000Z,1143,11,JANE ST,WILSON AVE,5 m South of,Major Arterial,North York,706,6,7,31,0,0,43.720904,-79.508617,Intersection,Intersection Related,Traffic Signal,Clear,Daylight,Dry,Non-Fatal Injury,Cyclist Collisions,Truck Driver,30 to 34,None,0,East,"Truck - Closed (Blazer, etc)",Turning Right,Other,Normal, , , , , , , ,Yes, , ,Yes, , , , , , , , ,26,Downsview-Roding-CFB (26),108
-79.459316,43.730696,80951039,8001650785,2018,2018-09-06T04:00:00.000Z,1310,13,ANTHONY RD,NAJIB ABBOUD LANE, ,Local,North York,6,0,0,32,0,0,43.730696,-79.459316,Intersection,At Intersection,No Control,Clear,Daylight,Dry,Non-Fatal Injury,Cyclist Collisions,Driver,30 to 34,None,0,East,"Automobile, Station Wagon",Going Ahead,Driving Properly,Normal, , , , , , , ,Yes,Yes, , , , ,Yes, , , , , ,26,Downsview-Roding-CFB (26),109
-79.55492,43.628993,80248479,5001450991,2015,2015-08-23T04:00:00.000Z,1147,11,DUNDAS ST W,CLOVERDALE MALL,100 m East of,Expressway,Etobicoke York,3,0,0,22,0,0,43.628993,-79.55492,Intersection,At Intersection,Traffic Signal,Clear,Daylight,Dry,Non-Fatal Injury,Cyclist Collisions,Driver,60 to 64,Minimal,0,East,"Automobile, Station Wagon",Turning Left,Improper Turn,Inattentive, , , , , , , ,Yes,Yes, , , , ,Yes, , , , , ,14,Islington-City Centre West (14),110
-79.55492,43.628993,80248480,5001450991,2015,2015-08-23T04:00:00.000Z,1147,11,DUNDAS ST W,CLOVERDALE MALL,100 m East of,Expressway,Etobicoke York,3,0,0,22,0,0,43.628993,-79.55492,Intersection,At Intersection,Traffic Signal,Clear,Daylight,Dry,Non-Fatal Injury,Cyclist Collisions,Driver,45 to 49,Minimal,0,West,Passenger Van,Going Ahead,Driving Properly,Normal, , , , , , , ,Yes,Yes, , , , ,Yes, , , , , ,14,Islington-City Centre West (14),111
-79.55492,43.628993,80248481,5001450991,2015,2015-08-23T04:00:00.000Z,1147,11,DUNDAS ST W,CLOVERDALE MALL,100 m East of,Expressway,Etobicoke York,3,0,0,22,0,0,43.628993,-79.55492,Intersection,At Intersection,Traffic Signal,Clear,Daylight,Dry,Non-Fatal Injury,Cyclist Collisions,Cyclist,55 to 59,Major,0,East,Bicycle,Stopped, , , , , ,Motorist loses control and strikes cyclist.,Driving Properly,Normal, ,Yes,Yes, , , , ,Yes, , , , , ,14,Islington-City Centre West (14),112
-79.55492,43.628993,80248482,5001450991,2015,2015-08-23T04:00:00.000Z,1147,11,DUNDAS ST W,CLOVERDALE MALL,100 m East of,Expressway,Etobicoke York,3,0,0,22,0,0,43.628993,-79.55492,Intersection,At Intersection,Traffic Signal,Clear,Daylight,Dry,Non-Fatal Injury,Cyclist Collisions,Passenger,40 to 44,Major,0, , , , , , , , , , , , ,Yes,Yes, , , , ,Yes, , , , , ,14,Islington-City Centre West (14),113
-79.403827,43.666583,80784301,7001799357,2017,2017-10-04T04:00:00.000Z,1147,11,BLOOR ST W,SPADINA RD, ,Major Arterial,Toronto and East York,11,0,0,"14,53,52",0,0,43.666583,-79.403827,Intersection,At Intersection,Traffic Signal,Clear,Daylight,Dry,Non-Fatal Injury,Cyclist Collisions,Cyclist,25 to 29,None,0,West,Bicycle,Overtaking, , , , , ,Cyclist and Driver travelling in same direction. One vehicle sideswipes the other.,Improper Passing,Other, ,Yes,Yes, , , , , , , , , , ,79,University (79),114
-79.403827,43.666583,80784302,7001799357,2017,2017-10-04T04:00:00.000Z,1147,11,BLOOR ST W,SPADINA RD, ,Major Arterial,Toronto and East York,11,0,0,"14,53,52",0,0,43.666583,-79.403827,Intersection,At Intersection,Traffic Signal,Clear,Daylight,Dry,Non-Fatal Injury,Cyclist Collisions,Driver,35 to 39,None,0,West,"Automobile, Station Wagon",Going Ahead,Driving Properly,Normal, , , , , , , ,Yes,Yes, , , , , , , , , , ,79,University (79),115
-79.403827,43.666583,80784303,7001799357,2017,2017-10-04T04:00:00.000Z,1147,11,BLOOR ST W,SPADINA RD, ,Major Arterial,Toronto and East York,11,0,0,"14,53,52",0,0,43.666583,-79.403827,Intersection,At Intersection,Traffic Signal,Clear,Daylight,Dry,Non-Fatal Injury,Cyclist Collisions,Cyclist,50 to 54,Major,0,West,Bicycle,Going Ahead, , , , , ,Cyclist and Driver travelling in same direction. One vehicle sideswipes the other.,Driving Properly,Normal, ,Yes,Yes, , , , , , , , , , ,79,University (79),116
-79.38299,43.655845,6608167,1225017,2011,2011-01-21T05:00:00.000Z,1150,11,DUNDAS ST W,BAY ST, ,Major Arterial,Toronto and East York,1113,13,11,52,0,0,43.655845,-79.38299,Mid-Block, ,No Control,Clear,Daylight,Wet,Non-Fatal Injury,Cyclist Collisions,Driver,40 to 44,None,0,East,"Automobile, Station Wagon",Changing Lanes,Improper Lane Change,Inattentive, , , , , , , ,Yes,Yes, , , , , , , , , , ,76,Bay Street Corridor (76),117
-79.38299,43.655845,6608168,1225017,2011,2011-01-21T05:00:00.000Z,1150,11,DUNDAS ST W,BAY ST, ,Major Arterial,Toronto and East York,1113,13,11,52,0,0,43.655845,-79.38299,Mid-Block, ,No Control,Clear,Daylight,Wet,Non-Fatal Injury,Cyclist Collisions,Cyclist,20 to 24,Major,0,East,Bicycle,Overtaking, , , , , ,Cyclist and Driver travelling in same direction. One vehicle sideswipes the other.,Driving Properly,Normal, ,Yes,Yes, , , , , , , , , , ,76,Bay Street Corridor (76),118
-79.452823,43.733313,80631888,4002987190,2014,2014-09-26T04:00:00.000Z,1153,11,WILSON AVE,BILLY BISHOP WAY,4 m South of,Major Arterial,North York,6,0,0,32,0,0,43.733313,-79.452823,Intersection,At Intersection,Traffic Signal,Clear,Daylight,Dry,Non-Fatal Injury,Cyclist Collisions,Driver,50 to 54,None,0,North,"Automobile, Station Wagon",Turning Right,Driving Properly,Normal, , , , , , , ,Yes,Yes, , , , , , , , , , ,33,Clanton Park (33),119
-79.452823,43.733313,80631889,4002987190,2014,2014-09-26T04:00:00.000Z,1153,11,WILSON AVE,BILLY BISHOP WAY,4 m South of,Major Arterial,North York,6,0,0,32,0,0,43.733313,-79.452823,Intersection,At Intersection,Traffic Signal,Clear,Daylight,Dry,Non-Fatal Injury,Cyclist Collisions,Cyclist,20 to 24,Major,0,East,Bicycle,Going Ahead, , , , , ,"Cyclist without ROW rides into path of motorist at inter, lnwy, dwy-Cyclist not turn.",Failed to Yield Right of Way,Normal, ,Yes,Yes, , , , , , , , , , ,33,Clanton Park (33),120
-79.343387,43.667445,5222835,1097106,2009,2009-03-10T04:00:00.000Z,1156,11,GERRARD St E,CARLAW Ave, ,Minor Arterial,Toronto and East York,14,0,0,55,0,0,43.667445,-79.343387,Mid-Block, ,No Control,Clear,Daylight,Dry,Non-Fatal Injury,Cyclist Collisions,Driver,50 to 54,None,0,West,"Automobile, Station Wagon",Parked,Other,Inattentive, , , , , , , ,Yes,Yes, , , , , , , , , , ,70,South Riverdale (70),121
-79.343387,43.667445,5222836,1097106,2009,2009-03-10T04:00:00.000Z,1156,11,GERRARD St E,CARLAW Ave, ,Minor Arterial,Toronto and East York,14,0,0,55,0,0,43.667445,-79.343387,Mid-Block, ,No Control,Clear,Daylight,Dry,Non-Fatal Injury,Cyclist Collisions,Cyclist,45 to 49,Major,0,West,Bicycle,Going Ahead, , , , , ,Cyclist struck opened vehicle door,Driving Properly,Normal, ,Yes,Yes, , , , , , , , , , ,70,South Riverdale (70),122
-79.34819,43.693645,7828765,1360626,2013,2013-06-12T04:00:00.000Z,1157,11,O CONNOR DR,RIVERCOURT BLVD, ,Major Arterial,Toronto and East York,14,0,0,54,0,0,43.693645,-79.34819,Intersection,At Intersection,Traffic Signal,Clear,Daylight,Dry,Non-Fatal Injury,Cyclist Collisions,Passenger,15 to 19,None,0, ,Other, , , , , , , , , , ,Yes,Yes, , , , ,Yes, , , , , ,58,Old East York (58),123
-79.34819,43.693645,7828766,1360626,2013,2013-06-12T04:00:00.000Z,1157,11,O CONNOR DR,RIVERCOURT BLVD, ,Major Arterial,Toronto and East York,14,0,0,54,0,0,43.693645,-79.34819,Intersection,At Intersection,Traffic Signal,Clear,Daylight,Dry,Non-Fatal Injury,Cyclist Collisions,Vehicle Owner,unknown, ,0, ,Other, , , , , , , , , , ,Yes,Yes, , , , ,Yes, , , , , ,58,Old East York (58),124
-79.34819,43.693645,7828767,1360626,2013,2013-06-12T04:00:00.000Z,1157,11,O CONNOR DR,RIVERCOURT BLVD, ,Major Arterial,Toronto and East York,14,0,0,54,0,0,43.693645,-79.34819,Intersection,At Intersection,Traffic Signal,Clear,Daylight,Dry,Non-Fatal Injury,Cyclist Collisions,Driver,50 to 54,None,0,West,"Automobile, Station Wagon",Going Ahead,Driving Properly,Normal, , , , , , , ,Yes,Yes, , , , ,Yes, , , , , ,58,Old East York (58),125
-79.34819,43.693645,7828768,1360626,2013,2013-06-12T04:00:00.000Z,1157,11,O CONNOR DR,RIVERCOURT BLVD, ,Major Arterial,Toronto and East York,14,0,0,54,0,0,43.693645,-79.34819,Intersection,At Intersection,Traffic Signal,Clear,Daylight,Dry,Non-Fatal Injury,Cyclist Collisions,Cyclist,35 to 39,Major,0,West,Bicycle,Turning Left, , , , , ,Cyclist turned left across motorists path.,Improper Turn,Inattentive, ,Yes,Yes, , , , ,Yes, , , , , ,58,Old East York (58),126
-79.40679,43.636345,6654066,1244722,2011,2011-06-05T04:00:00.000Z,1200,12,FLEET ST,FORT YORK BLVD, ,Minor Arterial,Toronto and East York,10,0,0,14,0,0,43.636345,-79.40679,Intersection,At Intersection,Traffic Signal,Clear,Daylight,Dry,Non-Fatal Injury,Cyclist Collisions,Driver,35 to 39,None,0,East,"Automobile, Station Wagon",Stopped,Driving Properly,Normal, , , , , , , ,Yes,Yes, , , , , , , , , , ,82,Niagara (82),127
-79.40679,43.636345,6654067,1244722,2011,2011-06-05T04:00:00.000Z,1200,12,FLEET ST,FORT YORK BLVD, ,Minor Arterial,Toronto and East York,10,0,0,14,0,0,43.636345,-79.40679,Intersection,At Intersection,Traffic Signal,Clear,Daylight,Dry,Non-Fatal Injury,Cyclist Collisions,Cyclist,25 to 29,Major,0,East,Bicycle,Going Ahead, , , , , ,Cyclist struck opened vehicle door,Improper Passing,Normal, ,Yes,Yes, , , , , , , , , , ,82,Niagara (82),128
-79.37499,43.649745,7431443,1301330,2012,2012-05-03T04:00:00.000Z,1200,12,95 KING ST E, , ,Major Arterial,Toronto and East York,13,0,0,51,0,0,43.649745,-79.37499,Mid-Block, ,No Control,Clear,Daylight,Dry,Non-Fatal Injury,Cyclist Collisions,Driver,40 to 44,None,0,East,"Automobile, Station Wagon",Stopped,Driving Properly,Normal, , , , , , , ,Yes,Yes, , , , , , , , , , ,75,Church-Yonge Corridor (75),129
-79.37499,43.649745,7431444,1301330,2012,2012-05-03T04:00:00.000Z,1200,12,95 KING ST E, , ,Major Arterial,Toronto and East York,13,0,0,51,0,0,43.649745,-79.37499,Mid-Block, ,No Control,Clear,Daylight,Dry,Non-Fatal Injury,Cyclist Collisions,Cyclist,25 to 29,Major,0,East,Bicycle,Going Ahead, , , , , ,Cyclist struck opened vehicle door,Driving Properly,Normal, ,Yes,Yes, , , , , , , , , , ,75,Church-Yonge Corridor (75),130
-79.373737,43.667224,80631880,4002824583,2014,2014-08-29T04:00:00.000Z,1200,12,WELLESLEY ST E,BLEECKER ST,18 m East of,Minor Arterial,Toronto and East York,13,0,0,51,0,0,43.667224,-79.373737,Intersection,Intersection Related,No Control,Clear,Daylight,Dry,Non-Fatal Injury,Cyclist Collisions,Driver,unknown,None,0,North,"Automobile, Station Wagon",Going Ahead,Failed to Yield Right of Way,Unknown, , , , , , , ,Yes,Yes, , , , , , ,Yes, , , ,71,Cabbagetown-South St.James Town (71),131
-79.373737,43.667224,80631881,4002824583,2014,2014-08-29T04:00:00.000Z,1200,12,WELLESLEY ST E,BLEECKER ST,18 m East of,Minor Arterial,Toronto and East York,13,0,0,51,0,0,43.667224,-79.373737,Intersection,Intersection Related,No Control,Clear,Daylight,Dry,Non-Fatal Injury,Cyclist Collisions,Cyclist,50 to 54,Major,0,West,Bicycle,Going Ahead, , , , , ,"Motorist without ROW drives into path of cyclist at inter, lnwy, dwy-Driver not turn.",Driving Properly,Normal, ,Yes,Yes, , , , , , ,Yes, , , ,71,Cabbagetown-South St.James Town (71),132
-79.39919,43.655845,5807803,1122417,2009,2009-09-01T04:00:00.000Z,1203,12,SPADINA AVE,NASSAU ST, ,Major Arterial,Toronto and East York,11,0,0,"14,52",52,14,43.655845,-79.39919,Intersection, ,Traffic Signal,Clear,Daylight,Dry,Fatal,Cyclist Collisions,Driver,45 to 49,None,0,South,Municipal Transit Bus (TTC),Going Ahead,Driving Properly,Unknown, , , , , , , ,Yes, , , ,Yes, , , , , , , ,78,Kensington-Chinatown (78),133
-79.39919,43.655845,5807804,1122417,2009,2009-09-01T04:00:00.000Z,1203,12,SPADINA AVE,NASSAU ST, ,Major Arterial,Toronto and East York,11,0,0,"14,52",52,14,43.655845,-79.39919,Intersection, ,Traffic Signal,Clear,Daylight,Dry,Fatal,Cyclist Collisions,Cyclist,65 to 69,Fatal,25,South,Bicycle,Turning Left, , , , , ,Cyclist turned left across motorists path.,Disobeyed Traffic Control,Normal, ,Yes, , , ,Yes, , , , , , , ,78,Kensington-Chinatown (78),134
-79.399799,43.667445,80944449,8001064286,2018,2018-06-12T04:00:00.000Z,1204,12,ST GEORGE ST,BLOOR ST W, ,Major Arterial,Toronto and East York,11,0,0,"53,52",52,53,43.667445,-79.399799,Intersection,At Intersection,Traffic Signal,Clear,Daylight,Dry,Fatal,Cyclist Collisions,Driver,65 to 69,None,0,North,Truck - Open,Turning Right,Other,Normal, , , , , , , ,Yes, , ,Yes, , , , , , , , ,79,University (79),135
-79.399799,43.667445,80944450,8001064286,2018,2018-06-12T04:00:00.000Z,1204,12,ST GEORGE ST,BLOOR ST W, ,Major Arterial,Toronto and East York,11,0,0,"53,52",52,53,43.667445,-79.399799,Intersection,At Intersection,Traffic Signal,Clear,Daylight,Dry,Fatal,Cyclist Collisions,Cyclist,55 to 59,Fatal,32,South,Bicycle,Going Ahead, , , , , ,Motorist turning right on green or amber at signalized intersection strikes cyclist.,Other,Unknown, ,Yes, , ,Yes, , , , , , , , ,79,University (79),136
-79.379688,43.647261,80974614,8001722956,2018,2018-09-17T04:00:00.000Z,1204,12,BAY ST,WELLINGTON ST W, ,Major Arterial,Toronto and East York,1013,13,10,52,0,0,43.647261,-79.379688,Intersection,At Intersection,Traffic Signal,Clear,Daylight,Dry,Non-Fatal Injury,Cyclist Collisions,Driver,55 to 59,None,0,West,"Bus (Other) (Go Bus, Gray Coach)",Turning Right,Failed to Yield Right of Way,Normal, , , , , , , ,Yes, , , ,Yes, , , ,Yes, , , ,76,Bay Street Corridor (76),137
-79.379688,43.647261,80974615,8001722956,2018,2018-09-17T04:00:00.000Z,1204,12,BAY ST,WELLINGTON ST W, ,Major Arterial,Toronto and East York,1013,13,10,52,0,0,43.647261,-79.379688,Intersection,At Intersection,Traffic Signal,Clear,Daylight,Dry,Non-Fatal Injury,Cyclist Collisions,Cyclist,30 to 34,Major,0,West,Bicycle,Going Ahead, , , , , ,Motorist turning right on green or amber at signalized intersection strikes cyclist.,Driving Properly,Normal, ,Yes, , , ,Yes, , , ,Yes, , , ,76,Bay Street Corridor (76),138
-79.565189,43.654746,7429802,1300673,2012,2012-06-25T04:00:00.000Z,1210,12,RATHBURN RD,THE EAST MALL, ,Expressway,Etobicoke York,2,0,0,22,0,0,43.654746,-79.565189,Mid-Block,At Intersection,No Control,Clear,Daylight,Dry,Non-Fatal Injury,Cyclist Collisions,Driver,60 to 64,None,0,West,"Automobile, Station Wagon",Merging,Improper Lane Change,Normal, , , , , , , ,Yes,Yes, , , , , , , , , , ,11,Eringate-Centennial-West Deane (11),139
-79.565189,43.654746,7429803,1300673,2012,2012-06-25T04:00:00.000Z,1210,12,RATHBURN RD,THE EAST MALL, ,Expressway,Etobicoke York,2,0,0,22,0,0,43.654746,-79.565189,Mid-Block,At Intersection,No Control,Clear,Daylight,Dry,Non-Fatal Injury,Cyclist Collisions,Cyclist,80 to 84,Major,0,West,Bicycle,Going Ahead, , , , , ,Cyclist and Driver travelling in same direction. One vehicle sideswipes the other.,Driving Properly,Normal, ,Yes,Yes, , , , , , , , , , ,11,Eringate-Centennial-West Deane (11),140
-79.367381,43.662856,80496212,5002232122,2015,2015-10-01T04:00:00.000Z,1212,12,PARLIAMENT ST,SPRUCE ST,500 m North of,Minor Arterial,Toronto and East York,13,0,0,51,0,0,43.662856,-79.367381,Mid-Block,Non Intersection,No Control,Clear,Daylight,Dry,Non-Fatal Injury,Cyclist Collisions,Driver,unknown,None,0,North,"Automobile, Station Wagon",Stopped,Other,Inattentive, , , , , , , ,Yes,Yes, , , , , , , , , , ,71,Cabbagetown-South St.James Town (71),141
-79.367381,43.662856,80496213,5002232122,2015,2015-10-01T04:00:00.000Z,1212,12,PARLIAMENT ST,SPRUCE ST,500 m North of,Minor Arterial,Toronto and East York,13,0,0,51,0,0,43.662856,-79.367381,Mid-Block,Non Intersection,No Control,Clear,Daylight,Dry,Non-Fatal Injury,Cyclist Collisions,Cyclist,60 to 64,Major,0,North,Bicycle,Overtaking, , , , , ,Cyclist struck opened vehicle door,Driving Properly,Normal, ,Yes,Yes, , , , , , , , , , ,71,Cabbagetown-South St.James Town (71),142
-79.496135,43.677233,7805821,1350654,2013,2013-03-30T04:00:00.000Z,1214,12,JANE ST,DALRYMPLE DR, ,Major Arterial,Etobicoke York,5,0,0,12,0,0,43.677233,-79.496135,Intersection,At Intersection,No Control,Clear,Daylight,Dry,Non-Fatal Injury,Cyclist Collisions,Driver,unknown,None,0,North,"Automobile, Station Wagon",Turning Left,Failed to Yield Right of Way,Unknown, , , , , , , ,Yes,Yes, , , , , , ,Yes, , , ,111,Rockcliffe-Smythe (111),143
-79.496135,43.677233,7805822,1350654,2013,2013-03-30T04:00:00.000Z,1214,12,JANE ST,DALRYMPLE DR, ,Major Arterial,Etobicoke York,5,0,0,12,0,0,43.677233,-79.496135,Intersection,At Intersection,No Control,Clear,Daylight,Dry,Non-Fatal Injury,Cyclist Collisions,Cyclist,40 to 44,Major,0,South,Bicycle,Going Ahead, , , , , ,Motorist turned left across cyclists path.,Driving Properly,Normal, ,Yes,Yes, , , , , , ,Yes, , , ,111,Rockcliffe-Smythe (111),144
-79.48669,43.618545,5376328,1045776,2008,2008-05-25T04:00:00.000Z,1215,12,2300 LAKE SHORE BLVD W, , ,Major Arterial,Etobicoke York,3,0,0,22,0,0,43.618545,-79.48669,Mid-Block, ,No Control,Clear,Daylight,Dry,Non-Fatal Injury,Cyclist Collisions,Driver,20 to 24,None,0,West,"Automobile, Station Wagon",Stopped,Failed to Yield Right of Way,Unknown, , , , , , , ,Yes,Yes, , , , , , ,Yes, , , ,17,Mimico (includes Humber Bay Shores) (17),145
-79.48669,43.618545,5376329,1045776,2008,2008-05-25T04:00:00.000Z,1215,12,2300 LAKE SHORE BLVD W, , ,Major Arterial,Etobicoke York,3,0,0,22,0,0,43.618545,-79.48669,Mid-Block, ,No Control,Clear,Daylight,Dry,Non-Fatal Injury,Cyclist Collisions,Cyclist,25 to 29,Major,0,North,Bicycle,Going Ahead, , , , , ,"Motorist without ROW drives into path of cyclist at inter, lnwy, dwy-Driver not turn.",Driving Properly,Normal, ,Yes,Yes, , , , , , ,Yes, , , ,17,Mimico (includes Humber Bay Shores) (17),146
-79.35879,43.726645,7441006,1305291,2012,2012-06-02T04:00:00.000Z,1218,12,32 SUNCREST DR, , ,Local,North York,15,0,0,33,0,0,43.726645,-79.35879,Mid-Block, ,No Control,Clear,Daylight,Dry,Non-Fatal Injury,Cyclist Collisions,Driver,70 to 74,None,0,North,"Automobile, Station Wagon",Reversing,Other,Inattentive, , , , , , , ,Yes,Yes, , , , , , , , , , ,41,Bridle Path-Sunnybrook-York Mills (41),147
-79.35879,43.726645,7441007,1305291,2012,2012-06-02T04:00:00.000Z,1218,12,32 SUNCREST DR, , ,Local,North York,15,0,0,33,0,0,43.726645,-79.35879,Mid-Block, ,No Control,Clear,Daylight,Dry,Non-Fatal Injury,Cyclist Collisions,Cyclist,50 to 54,Major,0,West,Bicycle,Going Ahead, , , , , ,Motorist reversing struck cyclist.,Other,Normal, ,Yes,Yes, , , , , , , , , , ,41,Bridle Path-Sunnybrook-York Mills (41),148
-79.45949,43.654845,5388094,1050893,2008,2008-07-13T04:00:00.000Z,1220,12,BLOOR Stre W,KEELE Stre, ,Major Arterial,Toronto and East York,4,0,0,11,0,0,43.654845,-79.45949,Mid-Block, ,No Control,Clear,Daylight,Dry,Non-Fatal Injury,Cyclist Collisions,Driver,30 to 34,None,0,East,"Automobile, Station Wagon",Turning Left,Driving Properly,Normal, , , , , , , ,Yes,Yes, , , , , , , , , , ,88,High Park North (88),149
-79.45949,43.654845,5388095,1050893,2008,2008-07-13T04:00:00.000Z,1220,12,BLOOR Stre W,KEELE Stre, ,Major Arterial,Toronto and East York,4,0,0,11,0,0,43.654845,-79.45949,Mid-Block, ,No Control,Clear,Daylight,Dry,Non-Fatal Injury,Cyclist Collisions,Cyclist,55 to 59,Major,0,West,Bicycle,Going Ahead, , , , , ,Motorist turned left across cyclists path.,Improper Passing,Normal, ,Yes,Yes, , , , , , , , , , ,88,High Park North (88),150
-79.413425,43.66075,7883861,1384125,2013,2013-09-01T04:00:00.000Z,1220,12,HARBORD St,EUCLID Ave, ,Minor Arterial,Toronto and East York,11,0,0,14,0,0,43.66075,-79.413425,Intersection, ,Traffic Controller,Clear,Daylight,Dry,Non-Fatal Injury,Cyclist Collisions,Driver,70 to 74,None,0,East,"Automobile, Station Wagon",Going Ahead,Driving Properly,Normal, , , , , , , ,Yes,Yes, , , , , , , , , , ,80,Palmerston-Little Italy (80),151
-79.413425,43.66075,7883862,1384125,2013,2013-09-01T04:00:00.000Z,1220,12,HARBORD St,EUCLID Ave, ,Minor Arterial,Toronto and East York,11,0,0,14,0,0,43.66075,-79.413425,Intersection, ,Traffic Controller,Clear,Daylight,Dry,Non-Fatal Injury,Cyclist Collisions,Cyclist,60 to 64,Major,0,East,Bicycle,Changing Lanes, , , , , ,Cyclist and Driver travelling in same direction. One vehicle sideswipes the other.,Improper Lane Change,Inattentive, ,Yes,Yes, , , , , , , , , , ,80,Palmerston-Little Italy (80),152
-79.375842,43.666476,80251602,5001670080,2015,2015-09-27T04:00:00.000Z,1220,12,HOMEWOOD AVE,WELLESLEY ST E, ,Minor Arterial,Toronto and East York,13,0,0,51,0,0,43.666476,-79.375842,Intersection,At Intersection,Traffic Signal,Clear,Daylight,Dry,Non-Fatal Injury,Cyclist Collisions,Driver,40 to 44,None,0,South,"Automobile, Station Wagon",Turning Right,Failed to Yield Right of Way,Inattentive, , , , , , , ,Yes,Yes, , , , , ,Yes,Yes, , , ,71,Cabbagetown-South St.James Town (71),153
-79.375842,43.666476,80251603,5001670080,2015,2015-09-27T04:00:00.000Z,1220,12,HOMEWOOD AVE,WELLESLEY ST E, ,Minor Arterial,Toronto and East York,13,0,0,51,0,0,43.666476,-79.375842,Intersection,At Intersection,Traffic Signal,Clear,Daylight,Dry,Non-Fatal Injury,Cyclist Collisions,Cyclist,25 to 29,Major,0,East,Bicycle,Going Ahead, , , , , ,Motorist turning right on red at signalized intersection strikes cyclist.,Driving Properly,Normal, ,Yes,Yes, , , , , ,Yes,Yes, , , ,71,Cabbagetown-South St.James Town (71),154
-79.54919,43.686445,5280221,1122468,2009,2009-07-28T04:00:00.000Z,1230,12,WINCOTT DR,SHEFFLEY CRES, ,Collector,Etobicoke York,2,0,0,23,0,0,43.686445,-79.54919,Mid-Block, ,No Control,Clear,Daylight,Dry,Non-Fatal Injury,Cyclist Collisions,Driver,30 to 34,None,0,North,"Automobile, Station Wagon",Going Ahead,Driving Properly,Normal, , , , , , , ,Yes,Yes, , , , , , , , , , ,7,Willowridge-Martingrove-Richview (7),155
-79.54919,43.686445,5280222,1122468,2009,2009-07-28T04:00:00.000Z,1230,12,WINCOTT DR,SHEFFLEY CRES, ,Collector,Etobicoke York,2,0,0,23,0,0,43.686445,-79.54919,Mid-Block, ,No Control,Clear,Daylight,Dry,Non-Fatal Injury,Cyclist Collisions,Cyclist,35 to 39,Major,0,South,Bicycle,Other, , , , , ,"Cyclist loses control and strikes object (pole, ttc track)",Lost control,Normal, ,Yes,Yes, , , , , , , , , , ,7,Willowridge-Martingrove-Richview (7),156
-79.42979,43.719245,6641415,1239456,2011,2011-06-16T04:00:00.000Z,1230,12,BATHURST ST,LAWRENCE AVE W, ,Major Arterial,North York,8,0,0,"32,13,53",0,0,43.719245,-79.42979,Intersection,At Intersection,Traffic Signal,Clear,Daylight,Dry,Non-Fatal Injury,Cyclist Collisions,Driver,unknown,None,0,South,"Automobile, Station Wagon",Turning Left,Failed to Yield Right of Way,Unknown, , , , , , , ,Yes,Yes, , , , , , ,Yes, , , ,39,Bedford Park-Nortown (39),157
-79.42979,43.719245,6641416,1239456,2011,2011-06-16T04:00:00.000Z,1230,12,BATHURST ST,LAWRENCE AVE W, ,Major Arterial,North York,8,0,0,"32,13,53",0,0,43.719245,-79.42979,Intersection,At Intersection,Traffic Signal,Clear,Daylight,Dry,Non-Fatal Injury,Cyclist Collisions,Cyclist,20 to 24,Major,0,North,Bicycle,Going Ahead, , , , , ,Motorist turned left across cyclists path.,Other,Normal, ,Yes,Yes, , , , , , ,Yes, , , ,39,Bedford Park-Nortown (39),158
-79.384792,43.647643,6182228,1185756,2010,2010-07-22T04:00:00.000Z,1234,12,KING ST W,UNIVERSITY AVE, ,Major Arterial,Toronto and East York,10,0,0,52,0,0,43.647643,-79.384792,Intersection,At Intersection,Traffic Signal,Clear,Daylight,Dry,Non-Fatal Injury,Cyclist Collisions,Vehicle Owner,unknown, ,0, , , , , , , , , , , , ,Yes,Yes, , , , , , , , , , ,76,Bay Street Corridor (76),159
-79.384792,43.647643,6182229,1185756,2010,2010-07-22T04:00:00.000Z,1234,12,KING ST W,UNIVERSITY AVE, ,Major Arterial,Toronto and East York,10,0,0,52,0,0,43.647643,-79.384792,Intersection,At Intersection,Traffic Signal,Clear,Daylight,Dry,Non-Fatal Injury,Cyclist Collisions,Driver,25 to 29,None,0,East,"Automobile, Station Wagon",Stopped,Driving Properly,Normal, , , , , , , ,Yes,Yes, , , , , , , , , , ,76,Bay Street Corridor (76),160