X,Y,Index_,ACCNUM,YEAR,DATE,TIME,Hour,STREET1,STREET2,OFFSET,ROAD_CLASS,District,WardNum,WardNum_X,WardNum_Y,Division,Division_X,Division_Y,LATITUDE,LONGITUDE,LOCCOORD,ACCLOC,TRAFFCTL,VISIBILITY,LIGHT,RDSFCOND,ACCLASS,IMPACTYPE,INVTYPE,INVAGE,INJURY,FATAL_NO,INITDIR,VEHTYPE,MANOEUVER,DRIVACT,DRIVCOND,PEDTYPE,PEDACT,PEDCOND,CYCLISTYPE,CYCACT,CYCCOND,PEDESTRIAN,CYCLIST,AUTOMOBILE,MOTORCYCLE,TRUCK,TRSN_CITY_,EMERG_VEH,PASSENGER,SPEEDING,AG_DRIV,REDLIGHT,ALCOHOL,DISABILITY,Hood_ID,Neighbourh,ObjectId
-79.384792,43.647643,6182230,1185756,2010,2010-07-22T04:00:00.000Z,1234,12,KING ST W,UNIVERSITY AVE, ,Major Arterial,Toronto and East York,10,0,0,52,0,0,43.647643,-79.384792,Intersection,At Intersection,Traffic Signal,Clear,Daylight,Dry,Non-Fatal Injury,Cyclist Collisions,Cyclist,15 to 19,Major,0,East,Bicycle,Going Ahead, , , , , ,Cyclist and Driver travelling in same direction. One vehicle rear-ended the other.,Improper Passing,Inattentive, ,Yes,Yes, , , , , , , , , , ,76,Bay Street Corridor (76),161
-79.348804,43.689421,80564417,6001220813,2016,2016-07-12T04:00:00.000Z,1235,12,PAPE AVE,COSBURN AVE,15 m South of,Major Arterial,Toronto and East York,14,0,0,54,0,0,43.689421,-79.348804,Intersection,Non Intersection,Traffic Signal,Clear,Daylight,Dry,Non-Fatal Injury,Cyclist Collisions,Cyclist,15 to 19,Major,0,North,Bicycle,Going Ahead, , , , , ,Insufficient information (to determine cyclist crash type).,Lost control,Inattentive, ,Yes,Yes, , , , , , , , , , ,59,Danforth East York (59),162
-79.348804,43.689421,80564418,6001220813,2016,2016-07-12T04:00:00.000Z,1235,12,PAPE AVE,COSBURN AVE,15 m South of,Major Arterial,Toronto and East York,14,0,0,54,0,0,43.689421,-79.348804,Intersection,Non Intersection,Traffic Signal,Clear,Daylight,Dry,Non-Fatal Injury,Cyclist Collisions,Driver,65 to 69,None,0,South,Passenger Van,Going Ahead,Driving Properly,Normal, , , , , , , ,Yes,Yes, , , , , , , , , , ,59,Danforth East York (59),163
-79.42239,43.673845,5368554,1042268,2008,2008-05-24T04:00:00.000Z,1238,12,CHRISTIE ST,LAMBERTLODGE AVE, ,Minor Arterial,Toronto and East York,12,0,0,13,0,0,43.673845,-79.42239,Intersection,At Intersection,Stop Sign,Clear,Daylight,Dry,Non-Fatal Injury,Cyclist Collisions,Driver,25 to 29,None,0,South,"Automobile, Station Wagon",Turning Right,Failed to Yield Right of Way,Inattentive, , , , , , , ,Yes,Yes, , , , , , ,Yes, , , ,94,Wychwood (94),164
-79.42239,43.673845,5368555,1042268,2008,2008-05-24T04:00:00.000Z,1238,12,CHRISTIE ST,LAMBERTLODGE AVE, ,Minor Arterial,Toronto and East York,12,0,0,13,0,0,43.673845,-79.42239,Intersection,At Intersection,Stop Sign,Clear,Daylight,Dry,Non-Fatal Injury,Cyclist Collisions,Cyclist,35 to 39,Major,0,South,Bicycle,Going Ahead, , , , , ,"Motorist turns right at non-signal Inter.(stop, yield, no cont.,and dwy) and strikes cyclist.",Driving Properly,Normal, ,Yes,Yes, , , , , , ,Yes, , , ,94,Wychwood (94),165
-79.43246,43.680205,80631515,4002621781,2014,2014-08-02T04:00:00.000Z,1240,12,ST CLAIR AVE W,WINONA DR, ,Major Arterial,Toronto and East York,912,12,9,13,0,0,43.680205,-79.43246,Intersection,Intersection Related,Traffic Signal,Clear,Daylight,Dry,Non-Fatal Injury,Cyclist Collisions,Driver,unknown,None,0,West,"Automobile, Station Wagon",Overtaking,Failed to Yield Right of Way,Unknown, , , , , , , ,Yes,Yes, , , , , , ,Yes, , , ,94,Wychwood (94),166
-79.43246,43.680205,80631516,4002621781,2014,2014-08-02T04:00:00.000Z,1240,12,ST CLAIR AVE W,WINONA DR, ,Major Arterial,Toronto and East York,912,12,9,13,0,0,43.680205,-79.43246,Intersection,Intersection Related,Traffic Signal,Clear,Daylight,Dry,Non-Fatal Injury,Cyclist Collisions,Cyclist,35 to 39,Major,0,West,Bicycle,Going Ahead, , , , , ,Cyclist and Driver travelling in same direction. One vehicle sideswipes the other.,Driving Properly,Normal, ,Yes,Yes, , , , , , ,Yes, , , ,94,Wychwood (94),167
-79.374179,43.646952,80543119,6001035189,2016,2016-06-14T04:00:00.000Z,1246,12,58 THE ESPLANADE, ,45 m West of,Collector,Toronto and East York,1013,13,10,51,0,0,43.646952,-79.374179,Mid-Block,Non Intersection,No Control,Clear,Daylight,Dry,Non-Fatal Injury,Cyclist Collisions,Cyclist,30 to 34,Major,0,West,Bicycle,Pulling Onto Shoulder or towardCurb, , , , , ,Cyclist and Driver travelling in same direction. One vehicle rear-ended the other.,Following too Close,Normal, ,Yes,Yes, , , , , , , , , , ,77,Waterfront Communities-The Island (77),168
-79.374179,43.646952,80543120,6001035189,2016,2016-06-14T04:00:00.000Z,1246,12,58 THE ESPLANADE, ,45 m West of,Collector,Toronto and East York,1013,13,10,51,0,0,43.646952,-79.374179,Mid-Block,Non Intersection,No Control,Clear,Daylight,Dry,Non-Fatal Injury,Cyclist Collisions,Driver,25 to 29,None,0,West,"Automobile, Station Wagon",Going Ahead,Driving Properly,Normal, , , , , , , ,Yes,Yes, , , , , , , , , , ,77,Waterfront Communities-The Island (77),169
-79.423724,43.671199,80545158,6001174772,2016,2016-07-05T04:00:00.000Z,1247,12,740 DUPONT ST, , ,Major Arterial,Toronto and East York,11,0,0,14,0,0,43.671199,-79.423724,Mid-Block,Non Intersection,No Control,Clear,Daylight,Dry,Fatal,Cyclist Collisions,Cyclist,70 to 74,Fatal,41,West,Bicycle,Overtaking, , , , , ,Cyclist strikes a parked vehicle.,Improper Passing,Unknown, ,Yes, , , , , , , , , , , ,93,Dovercourt-Wallace Emerson-Junction (93),170
-79.423724,43.671199,80545159,6001174772,2016,2016-07-05T04:00:00.000Z,1247,12,740 DUPONT ST, , ,Major Arterial,Toronto and East York,11,0,0,14,0,0,43.671199,-79.423724,Mid-Block,Non Intersection,No Control,Clear,Daylight,Dry,Fatal,Cyclist Collisions,Driver - Not Hit,unknown,None,0, , , , , , , , , , , , ,Yes, , , , , , , , , , , ,93,Dovercourt-Wallace Emerson-Junction (93),171
-79.423724,43.671199,80545160,6001174772,2016,2016-07-05T04:00:00.000Z,1247,12,740 DUPONT ST, , ,Major Arterial,Toronto and East York,11,0,0,14,0,0,43.671199,-79.423724,Mid-Block,Non Intersection,No Control,Clear,Daylight,Dry,Fatal,Cyclist Collisions,Other,unknown,None,0,West, ,Parked, , , , , , , , , ,Yes, , , , , , , , , , , ,93,Dovercourt-Wallace Emerson-Junction (93),172
-79.381328,43.657344,80777413,7000797636,2017,2017-05-06T04:00:00.000Z,1248,12,YONGE  ST,GOULD ST, ,Major Arterial,Toronto and East York,1113,13,11,"51,52",52,51,43.657344,-79.381328,Intersection,At Intersection,Traffic Signal,Clear,Daylight,Dry,Non-Fatal Injury,Cyclist Collisions,Driver,30 to 34,None,0,South,"Automobile, Station Wagon",Going Ahead,Improper Passing,Normal, , , , , , , ,Yes,Yes, , , , , , ,Yes, , , ,75,Church-Yonge Corridor (75),173
-79.381328,43.657344,80777414,7000797636,2017,2017-05-06T04:00:00.000Z,1248,12,YONGE  ST,GOULD ST, ,Major Arterial,Toronto and East York,1113,13,11,"51,52",52,51,43.657344,-79.381328,Intersection,At Intersection,Traffic Signal,Clear,Daylight,Dry,Non-Fatal Injury,Cyclist Collisions,Cyclist,70 to 74,Major,0,South,Bicycle,Going Ahead, , , , , ,Cyclist and Driver travelling in same direction. One vehicle sideswipes the other.,Driving Properly,Normal, ,Yes,Yes, , , , , , ,Yes, , , ,75,Church-Yonge Corridor (75),174
-79.424808,43.643004,80490827,5001806026,2015,2015-10-20T04:00:00.000Z,1250,12,QUEEN ST W,BEACONSFIELD AVE,60 m West of,Major Arterial,Toronto and East York,9,0,0,14,0,0,43.643004,-79.424808,Intersection,Non Intersection,No Control,Clear,Daylight,Dry,Non-Fatal Injury,Cyclist Collisions,Driver,30 to 34,None,0,East,"Automobile, Station Wagon",Stopped,Other,Inattentive, , , , , , , ,Yes,Yes, , , , ,Yes, , , , , ,84,Little Portugal (84),175
-79.424808,43.643004,80490828,5001806026,2015,2015-10-20T04:00:00.000Z,1250,12,QUEEN ST W,BEACONSFIELD AVE,60 m West of,Major Arterial,Toronto and East York,9,0,0,14,0,0,43.643004,-79.424808,Intersection,Non Intersection,No Control,Clear,Daylight,Dry,Non-Fatal Injury,Cyclist Collisions,Cyclist,25 to 29,Major,0,East,Bicycle,Overtaking, , , , , ,Cyclist struck opened vehicle door,Driving Properly,Normal, ,Yes,Yes, , , , ,Yes, , , , , ,84,Little Portugal (84),176
-79.424808,43.643004,80490829,5001806026,2015,2015-10-20T04:00:00.000Z,1250,12,QUEEN ST W,BEACONSFIELD AVE,60 m West of,Major Arterial,Toronto and East York,9,0,0,14,0,0,43.643004,-79.424808,Intersection,Non Intersection,No Control,Clear,Daylight,Dry,Non-Fatal Injury,Cyclist Collisions,Passenger,0 to 4,None,0, , , , , , , , , , , , ,Yes,Yes, , , , ,Yes, , , , , ,84,Little Portugal (84),177
-79.32439,43.819645,7796511,1346813,2013,2013-03-16T04:00:00.000Z,1252,12,WARDEN AVE,STEELES AVE E, ,Major Arterial,Scarborough,22,0,0,42,0,0,43.819645,-79.32439,Intersection, ,Traffic Signal,Clear,Daylight,Dry,Non-Fatal Injury,Cyclist Collisions,Driver,30 to 34,None,0,South,"Automobile, Station Wagon",Turning Right,Improper Turn,Normal, , , , , , , ,Yes,Yes, , , , , , , , , , ,0, ,178
-79.32439,43.819645,7796512,1346813,2013,2013-03-16T04:00:00.000Z,1252,12,WARDEN AVE,STEELES AVE E, ,Major Arterial,Scarborough,22,0,0,42,0,0,43.819645,-79.32439,Intersection, ,Traffic Signal,Clear,Daylight,Dry,Non-Fatal Injury,Cyclist Collisions,Cyclist,65 to 69,Major,0,East,Bicycle,Going Ahead, , , , , ,Motorist turning right on green or amber at signalized intersection strikes cyclist.,Other,Normal, ,Yes,Yes, , , , , , , , , , ,0, ,179
-79.38869,43.650445,5056222,1140739,2009,2009-11-09T05:00:00.000Z,1255,12,QUEEN Stre W,ST PATRICK Stre, ,Major Arterial,Toronto and East York,10,0,0,52,0,0,43.650445,-79.38869,Intersection,At Intersection,Traffic Signal,Clear,Daylight,Dry,Non-Fatal Injury,Pedestrian Collisions,Pedestrian,35 to 39,Major,0,North,Other, , , ,Vehicle is going straight thru inter.while ped cross without ROW,Crossing without right of way,Inattentive, , , ,Yes,Yes, , , , , , , , , , , ,78,Kensington-Chinatown (78),180
-79.38869,43.650445,5056223,1140739,2009,2009-11-09T05:00:00.000Z,1255,12,QUEEN Stre W,ST PATRICK Stre, ,Major Arterial,Toronto and East York,10,0,0,52,0,0,43.650445,-79.38869,Intersection,At Intersection,Traffic Signal,Clear,Daylight,Dry,Non-Fatal Injury,Pedestrian Collisions,Cyclist,25 to 29,Minimal,0,East,Bicycle,Going Ahead, , , , , ,Cyclist strikes pedestrian.,Driving Properly,Normal,Yes,Yes, , , , , , , , , , , ,78,Kensington-Chinatown (78),181
-79.451267,43.698622,80933889,7001733942,2017,2017-09-24T04:00:00.000Z,1255,12,DUFFERIN ST,HOPEWELL AVE,1 m South of,Major Arterial,North York,8,0,0,13,0,0,43.698622,-79.451267,Intersection,At Intersection,Stop Sign,Clear,Daylight,Dry,Non-Fatal Injury,Cyclist Collisions,Driver,60 to 64,None,0,West,"Automobile, Station Wagon",Turning Right,Driving Properly,Normal, , , , , , , ,Yes,Yes, , , , , , , , , , ,108,Briar Hill-Belgravia (108),182
-79.451267,43.698622,80933890,7001733942,2017,2017-09-24T04:00:00.000Z,1255,12,DUFFERIN ST,HOPEWELL AVE,1 m South of,Major Arterial,North York,8,0,0,13,0,0,43.698622,-79.451267,Intersection,At Intersection,Stop Sign,Clear,Daylight,Dry,Non-Fatal Injury,Cyclist Collisions,Cyclist,30 to 34,Major,0,South,Bicycle,Going Ahead, , , , , ,"Cyclist without ROW rides into path of motorist at inter, lnwy, dwy-Cyclist not turn.",Failed to Yield Right of Way,Normal, ,Yes,Yes, , , , , , , , , , ,108,Briar Hill-Belgravia (108),183
-79.425082,43.661994,80972438,8001653005,2018,2018-08-02T04:00:00.000Z,1300,13,BLOOR ST W,OSSINGTON AVE,50 m East of,Major Arterial,Toronto and East York,11,0,0,14,0,0,43.661994,-79.425082,Mid-Block,Non Intersection,No Control,Clear,Daylight,Dry,Non-Fatal Injury,Cyclist Collisions,Driver,unknown,None,0,West,Pick Up Truck,Pulling Onto Shoulder or towardCurb,Failed to Yield Right of Way,Normal, , , , , , , ,Yes,Yes, , , , , , ,Yes, , , ,80,Palmerston-Little Italy (80),184
-79.425082,43.661994,80972439,8001653005,2018,2018-08-02T04:00:00.000Z,1300,13,BLOOR ST W,OSSINGTON AVE,50 m East of,Major Arterial,Toronto and East York,11,0,0,14,0,0,43.661994,-79.425082,Mid-Block,Non Intersection,No Control,Clear,Daylight,Dry,Non-Fatal Injury,Cyclist Collisions,Cyclist,45 to 49,Major,0,West,Bicycle,Going Ahead, , , , , ,Cyclist and Driver travelling in same direction. One vehicle sideswipes the other.,Driving Properly,Normal, ,Yes,Yes, , , , , , ,Yes, , , ,80,Palmerston-Little Italy (80),185
-79.33049,43.685345,6168065,1179966,2010,2010-06-03T04:00:00.000Z,1302,13,MILVERTON BLVD,LINNSMORE CRES, ,Local,Toronto and East York,14,0,0,54,0,0,43.685345,-79.33049,Mid-Block, ,No Control,Clear,Daylight,Dry,Non-Fatal Injury,Cyclist Collisions,Driver,35 to 39,None,0,West,"Automobile, Station Wagon",Parked,Other,Inattentive, , , , , , , ,Yes,Yes, , , , , , , , , , ,66,Danforth (66),186
-79.33049,43.685345,6168066,1179966,2010,2010-06-03T04:00:00.000Z,1302,13,MILVERTON BLVD,LINNSMORE CRES, ,Local,Toronto and East York,14,0,0,54,0,0,43.685345,-79.33049,Mid-Block, ,No Control,Clear,Daylight,Dry,Non-Fatal Injury,Cyclist Collisions,Cyclist,20 to 24,Major,0,West,Bicycle,Going Ahead, , , , , ,Cyclist struck opened vehicle door,Driving Properly,Normal, ,Yes,Yes, , , , , , , , , , ,66,Danforth (66),187
-79.494518,43.676146,80757123,7001169974,2017,2017-06-30T04:00:00.000Z,1304,13,847 JANE ST, , ,Collector,Etobicoke York,5,0,0,12,0,0,43.676146,-79.494518,Mid-Block,Non Intersection,No Control,Clear,Daylight,Dry,Fatal,Cyclist Collisions,Cyclist,70 to 74,Fatal,28,West,Bicycle,Going Ahead, , , , , ,"Motorist turns right at non-signal Inter.(stop, yield, no cont.,and dwy) and strikes cyclist.",Driving Properly,Normal, ,Yes,Yes, , , , , , , , , , ,111,Rockcliffe-Smythe (111),188
-79.494518,43.676146,80757189,7001169974,2017,2017-06-30T04:00:00.000Z,1304,13,847 JANE ST, , ,Collector,Etobicoke York,5,0,0,12,0,0,43.676146,-79.494518,Mid-Block,Non Intersection,No Control,Clear,Daylight,Dry,Fatal,Cyclist Collisions,Driver,60 to 64,None,0,West,Delivery Van,Turning Right,Improper Turn,Normal, , , , , , , ,Yes,Yes, , , , , , , , , , ,111,Rockcliffe-Smythe (111),189
-79.237384,43.795184,80563229,6001076116,2016,2016-06-20T04:00:00.000Z,1307,13,ORMEROD ST,VERNE CRES,32 m East of,Local,Scarborough,23,0,0,42,0,0,43.795184,-79.237384,Intersection,Intersection Related,No Control,Clear,Daylight,Dry,Non-Fatal Injury,Cyclist Collisions,Driver,50 to 54,None,0,West,"Automobile, Station Wagon",Overtaking,Improper Passing,Normal, , , , , , , ,Yes,Yes, , , , , , ,Yes, , , ,132,Malvern (132),190
-79.237384,43.795184,80563230,6001076116,2016,2016-06-20T04:00:00.000Z,1307,13,ORMEROD ST,VERNE CRES,32 m East of,Local,Scarborough,23,0,0,42,0,0,43.795184,-79.237384,Intersection,Intersection Related,No Control,Clear,Daylight,Dry,Non-Fatal Injury,Cyclist Collisions,Cyclist,65 to 69,Major,0,West,Bicycle,Turning Left, , , , , ,Cyclist turned left across motorists path.,Improper Turn,Normal, ,Yes,Yes, , , , , , ,Yes, , , ,132,Malvern (132),191
-79.41319,43.670045,7397575,1286830,2012,2012-01-24T05:00:00.000Z,1308,13,BATHURST ST,WELLS ST, ,Major Arterial,Toronto and East York,11,0,0,14,0,0,43.670045,-79.41319,Intersection,At Intersection,Traffic Signal,Snow,Daylight,Wet,Non-Fatal Injury,Cyclist Collisions,Truck Driver,30 to 34,None,0,West,Truck - Open,Turning Left,Failed to Yield Right of Way,Normal, , , , , , , ,Yes, , ,Yes, , , , ,Yes, , , ,95,Annex (95),192
-79.41319,43.670045,7397576,1286830,2012,2012-01-24T05:00:00.000Z,1308,13,BATHURST ST,WELLS ST, ,Major Arterial,Toronto and East York,11,0,0,14,0,0,43.670045,-79.41319,Intersection,At Intersection,Traffic Signal,Snow,Daylight,Wet,Non-Fatal Injury,Cyclist Collisions,Cyclist,30 to 34,Major,0,East,Bicycle,Going Ahead, , , , , ,Motorist turned left across cyclists path.,Driving Properly,Normal, ,Yes, , ,Yes, , , , ,Yes, , , ,95,Annex (95),193
-79.43729,43.698445,7825626,1359211,2013,2013-06-03T04:00:00.000Z,1309,13,EGLINTON AVE W,PARK HILL RD, ,Major Arterial,Toronto and East York,812,12,8,13,0,0,43.698445,-79.43729,Intersection,At Intersection,No Control,Clear,Daylight,Dry,Non-Fatal Injury,Cyclist Collisions,Vehicle Owner,unknown, ,0, ,Other, , , , , , , , , , ,Yes, , , ,Yes, , , , , , , ,107,Oakwood Village (107),194
-79.43729,43.698445,7825627,1359211,2013,2013-06-03T04:00:00.000Z,1309,13,EGLINTON AVE W,PARK HILL RD, ,Major Arterial,Toronto and East York,812,12,8,13,0,0,43.698445,-79.43729,Intersection,At Intersection,No Control,Clear,Daylight,Dry,Non-Fatal Injury,Cyclist Collisions,Driver,50 to 54,None,0,East,Municipal Transit Bus (TTC),Going Ahead,Driving Properly,Normal, , , , , , , ,Yes, , , ,Yes, , , , , , , ,107,Oakwood Village (107),195
-79.43729,43.698445,7825628,1359211,2013,2013-06-03T04:00:00.000Z,1309,13,EGLINTON AVE W,PARK HILL RD, ,Major Arterial,Toronto and East York,812,12,8,13,0,0,43.698445,-79.43729,Intersection,At Intersection,No Control,Clear,Daylight,Dry,Non-Fatal Injury,Cyclist Collisions,Cyclist,45 to 49,Major,0,West,Bicycle,Overtaking, , , , , ,Insufficient information (to determine cyclist crash type).,Improper Passing,Normal, ,Yes, , , ,Yes, , , , , , , ,107,Oakwood Village (107),196
-79.41029,43.704245,5362590,1039584,2008,2008-05-22T04:00:00.000Z,1310,13,EGLINTON AVE W,ELMSTHORPE AVE, ,Major Arterial,Toronto and East York,812,12,8,53,0,0,43.704245,-79.41029,Mid-Block, ,No Control,Clear,Daylight,Dry,Fatal,Cyclist Collisions,Driver,55 to 59,None,0,East, ,Going Ahead,Driving Properly,Normal, , , , , , , ,Yes,Yes, , , , , , , , , , ,103,Lawrence Park South (103),197
-79.41029,43.704245,5362591,1039584,2008,2008-05-22T04:00:00.000Z,1310,13,EGLINTON AVE W,ELMSTHORPE AVE, ,Major Arterial,Toronto and East York,812,12,8,53,0,0,43.704245,-79.41029,Mid-Block, ,No Control,Clear,Daylight,Dry,Fatal,Cyclist Collisions,Vehicle Owner,unknown, ,0, ,Other, , , , , , , , , , ,Yes,Yes, , , , , , , , , , ,103,Lawrence Park South (103),198
-79.41029,43.704245,5362592,1039584,2008,2008-05-22T04:00:00.000Z,1310,13,EGLINTON AVE W,ELMSTHORPE AVE, ,Major Arterial,Toronto and East York,812,12,8,53,0,0,43.704245,-79.41029,Mid-Block, ,No Control,Clear,Daylight,Dry,Fatal,Cyclist Collisions,Driver,40 to 44,None,0,East,"Automobile, Station Wagon",Parked,Other,Inattentive, , , , , , , ,Yes,Yes, , , , , , , , , , ,103,Lawrence Park South (103),199
-79.41029,43.704245,5362593,1039584,2008,2008-05-22T04:00:00.000Z,1310,13,EGLINTON AVE W,ELMSTHORPE AVE, ,Major Arterial,Toronto and East York,812,12,8,53,0,0,43.704245,-79.41029,Mid-Block, ,No Control,Clear,Daylight,Dry,Fatal,Cyclist Collisions,Cyclist,55 to 59,Fatal,20,East,Bicycle,Going Ahead, , , , , ,Cyclist struck opened vehicle door,Driving Properly,Unknown, ,Yes,Yes, , , , , , , , , , ,103,Lawrence Park South (103),200
-79.459316,43.730696,80951038,8001650785,2018,2018-09-06T04:00:00.000Z,1310,13,ANTHONY RD,NAJIB ABBOUD LANE, ,Local,North York,6,0,0,32,0,0,43.730696,-79.459316,Intersection,At Intersection,No Control,Clear,Daylight,Dry,Non-Fatal Injury,Cyclist Collisions,Cyclist,30 to 34,Major,0,South,Bicycle,Going Ahead, , , , , ,"Cyclist without ROW rides into path of motorist at inter, lnwy, dwy-Cyclist not turn.",Failed to Yield Right of Way,Inattentive, ,Yes,Yes, , , , ,Yes, , , , , ,26,Downsview-Roding-CFB (26),201
-79.284869,43.804766,80255750,5001934875,2015,2015-11-10T05:00:00.000Z,950,9,DUNMAIL DR,BLUE EAGLE TRL,15 m West of,Local,Scarborough,23,0,0,42,0,0,43.804766,-79.284869,Intersection,Non Intersection,No Control,Clear,Daylight,Dry,Non-Fatal Injury,Cyclist Collisions,Driver,45 to 49,None,0,West,"Automobile, Station Wagon",Making U Turn,Improper Turn,Inattentive, , , , , , , ,Yes,Yes, , , , , , , , , , ,129,Agincourt North (129),202
-79.459316,43.730696,80951040,8001650785,2018,2018-09-06T04:00:00.000Z,1310,13,ANTHONY RD,NAJIB ABBOUD LANE, ,Local,North York,6,0,0,32,0,0,43.730696,-79.459316,Intersection,At Intersection,No Control,Clear,Daylight,Dry,Non-Fatal Injury,Cyclist Collisions,Passenger,45 to 49,None,0, , , , , , , , , , , , ,Yes,Yes, , , , ,Yes, , , , , ,26,Downsview-Roding-CFB (26),203
-79.401454,43.686568,80791543,7001187926,2017,2017-07-03T04:00:00.000Z,1312,13,ST CLAIR AVE W,AVENUE RD, ,Major Arterial,Toronto and East York,12,0,0,53,0,0,43.686568,-79.401454,Intersection,At Intersection,Traffic Signal,Clear,Daylight,Dry,Non-Fatal Injury,Cyclist Collisions,Cyclist,55 to 59,Major,0,East,Bicycle,Turning Left, , , , , ,Cyclist turned left across motorists path.,Improper Turn,Normal, ,Yes, , , ,Yes, , , , , , , ,97,Yonge-St.Clair (97),204
-79.401454,43.686568,80791544,7001187926,2017,2017-07-03T04:00:00.000Z,1312,13,ST CLAIR AVE W,AVENUE RD, ,Major Arterial,Toronto and East York,12,0,0,53,0,0,43.686568,-79.401454,Intersection,At Intersection,Traffic Signal,Clear,Daylight,Dry,Non-Fatal Injury,Cyclist Collisions,Driver,45 to 49,None,0,East,Street Car,Going Ahead,Driving Properly,Inattentive, , , , , , , ,Yes, , , ,Yes, , , , , , , ,97,Yonge-St.Clair (97),205
-79.284869,43.804766,80255751,5001934875,2015,2015-11-10T05:00:00.000Z,950,9,DUNMAIL DR,BLUE EAGLE TRL,15 m West of,Local,Scarborough,23,0,0,42,0,0,43.804766,-79.284869,Intersection,Non Intersection,No Control,Clear,Daylight,Dry,Non-Fatal Injury,Cyclist Collisions,Cyclist,55 to 59,Major,0,West,Bicycle,Going Ahead, , , , , ,Motorist turning right on red at signalized intersection strikes cyclist.,Driving Properly,Normal, ,Yes,Yes, , , , , , , , , , ,129,Agincourt North (129),206
-79.38279,43.655945,6616197,1228586,2011,2011-04-18T04:00:00.000Z,1315,13,DUNDAS ST W,BAY ST, ,Major Arterial,Toronto and East York,1113,13,11,52,0,0,43.655945,-79.38279,Mid-Block, ,No Control,Clear,Daylight,Dry,Non-Fatal Injury,Cyclist Collisions,Vehicle Owner,unknown, ,0, ,Other, , , , , , , , , , ,Yes,Yes, , , , , , ,Yes, , , ,76,Bay Street Corridor (76),207
-79.38279,43.655945,6616198,1228586,2011,2011-04-18T04:00:00.000Z,1315,13,DUNDAS ST W,BAY ST, ,Major Arterial,Toronto and East York,1113,13,11,52,0,0,43.655945,-79.38279,Mid-Block, ,No Control,Clear,Daylight,Dry,Non-Fatal Injury,Cyclist Collisions,Driver,25 to 29,None,0,East,"Automobile, Station Wagon",Pulling Away from Shoulder or Curb,Failed to Yield Right of Way,Normal, , , , , , , ,Yes,Yes, , , , , , ,Yes, , , ,76,Bay Street Corridor (76),208
-79.38279,43.655945,6616199,1228586,2011,2011-04-18T04:00:00.000Z,1315,13,DUNDAS ST W,BAY ST, ,Major Arterial,Toronto and East York,1113,13,11,52,0,0,43.655945,-79.38279,Mid-Block, ,No Control,Clear,Daylight,Dry,Non-Fatal Injury,Cyclist Collisions,Cyclist,25 to 29,Major,0,East,Bicycle,Going Ahead, , , , , ,Cyclist and Driver travelling in same direction. One vehicle sideswipes the other.,Driving Properly,Normal, ,Yes,Yes, , , , , , ,Yes, , , ,76,Bay Street Corridor (76),209
-79.41089,43.651345,7440081,1304939,2012,2012-05-30T04:00:00.000Z,1315,13,DUNDAS ST W,MANNING AVE, ,Major Arterial,Toronto and East York,1110,10,11,14,0,0,43.651345,-79.41089,Intersection,At Intersection,Traffic Signal,Clear,Daylight,Dry,Non-Fatal Injury,Cyclist Collisions,Driver,25 to 29,None,0,East,"Automobile, Station Wagon",Stopped,Driving Properly,Normal, , , , , , , ,Yes,Yes, , , , , , , , , , ,81,Trinity-Bellwoods (81),210
-79.41089,43.651345,7440082,1304939,2012,2012-05-30T04:00:00.000Z,1315,13,DUNDAS ST W,MANNING AVE, ,Major Arterial,Toronto and East York,1110,10,11,14,0,0,43.651345,-79.41089,Intersection,At Intersection,Traffic Signal,Clear,Daylight,Dry,Non-Fatal Injury,Cyclist Collisions,Cyclist,40 to 44,Major,0,East,Bicycle,Going Ahead, , , , , ,Cyclist and Driver travelling in same direction. One vehicle rear-ended the other.,Lost control,Fatigue, ,Yes,Yes, , , , , , , , , , ,81,Trinity-Bellwoods (81),211
-79.403972,43.647116,7806052,1350739,2013,2013-03-21T04:00:00.000Z,1315,13,QUEEN ST W,BATHURST ST, ,Major Arterial,Toronto and East York,10,0,0,14,0,0,43.647116,-79.403972,Intersection,At Intersection,Traffic Signal,Clear,Daylight,Wet,Non-Fatal Injury,Cyclist Collisions,Vehicle Owner,unknown, ,0, , , , , , , , , , , , ,Yes, , ,Yes, , , , , , , , ,77,Waterfront Communities-The Island (77),212
-79.403972,43.647116,7806053,1350739,2013,2013-03-21T04:00:00.000Z,1315,13,QUEEN ST W,BATHURST ST, ,Major Arterial,Toronto and East York,10,0,0,14,0,0,43.647116,-79.403972,Intersection,At Intersection,Traffic Signal,Clear,Daylight,Wet,Non-Fatal Injury,Cyclist Collisions,Truck Driver,35 to 39,None,0,East,Truck-Tractor,Turning Right,Driving Properly,Normal, , , , , , , ,Yes, , ,Yes, , , , , , , , ,77,Waterfront Communities-The Island (77),213
-79.403972,43.647116,7806054,1350739,2013,2013-03-21T04:00:00.000Z,1315,13,QUEEN ST W,BATHURST ST, ,Major Arterial,Toronto and East York,10,0,0,14,0,0,43.647116,-79.403972,Intersection,At Intersection,Traffic Signal,Clear,Daylight,Wet,Non-Fatal Injury,Cyclist Collisions,Other,unknown,None,0, , , , , , , , , , , , ,Yes, , ,Yes, , , , , , , , ,77,Waterfront Communities-The Island (77),214