X,Y,Index_,ACCNUM,YEAR,DATE,TIME,Hour,STREET1,STREET2,OFFSET,ROAD_CLASS,District,WardNum,WardNum_X,WardNum_Y,Division,Division_X,Division_Y,LATITUDE,LONGITUDE,LOCCOORD,ACCLOC,TRAFFCTL,VISIBILITY,LIGHT,RDSFCOND,ACCLASS,IMPACTYPE,INVTYPE,INVAGE,INJURY,FATAL_NO,INITDIR,VEHTYPE,MANOEUVER,DRIVACT,DRIVCOND,PEDTYPE,PEDACT,PEDCOND,CYCLISTYPE,CYCACT,CYCCOND,PEDESTRIAN,CYCLIST,AUTOMOBILE,MOTORCYCLE,TRUCK,TRSN_CITY_,EMERG_VEH,PASSENGER,SPEEDING,AG_DRIV,REDLIGHT,ALCOHOL,DISABILITY,Hood_ID,Neighbourh,ObjectId
-79.35289,43.666145,7443464,1306296,2012,2012-06-13T04:00:00.000Z,1752,17,DON JAIL Road,BROADVIEW Aven, ,Minor Arterial,Toronto and East York,14,0,0,55,0,0,43.666145,-79.35289,Intersection,At Intersection,No Control,Clear,Daylight,Dry,Non-Fatal Injury,Cyclist Collisions,Driver,60 to 64,None,0,West,"Automobile, Station Wagon",Going Ahead,Failed to Yield Right of Way,Inattentive, , , , , , , ,Yes,Yes, , , , , , ,Yes, , , ,68,North Riverdale (68),431
-79.35289,43.666145,7443465,1306296,2012,2012-06-13T04:00:00.000Z,1752,17,DON JAIL Road,BROADVIEW Aven, ,Minor Arterial,Toronto and East York,14,0,0,55,0,0,43.666145,-79.35289,Intersection,At Intersection,No Control,Clear,Daylight,Dry,Non-Fatal Injury,Cyclist Collisions,Cyclist,40 to 44,Major,0,South,Bicycle,Going Ahead, , , , , ,"Motorist without ROW drives into path of cyclist at inter, lnwy, dwy-Driver not turn.",Driving Properly,Normal, ,Yes,Yes, , , , , , ,Yes, , , ,68,North Riverdale (68),432
-79.409953,43.665316,80632211,6001676072,2016,2016-09-20T04:00:00.000Z,1754,17,BLOOR ST W,LIPPINCOTT ST, ,Major Arterial,Toronto and East York,11,0,0,14,0,0,43.665316,-79.409953,Intersection,At Intersection,Stop Sign,Clear,Daylight,Dry,Non-Fatal Injury,Cyclist Collisions,Driver,50 to 54,None,0,North,"Automobile, Station Wagon",Slowing or Stopping,Failed to Yield Right of Way,Inattentive, , , , , , , ,Yes,Yes, , , , , , ,Yes, , , ,79,University (79),433
-79.409953,43.665316,80632212,6001676072,2016,2016-09-20T04:00:00.000Z,1754,17,BLOOR ST W,LIPPINCOTT ST, ,Major Arterial,Toronto and East York,11,0,0,14,0,0,43.665316,-79.409953,Intersection,At Intersection,Stop Sign,Clear,Daylight,Dry,Non-Fatal Injury,Cyclist Collisions,Cyclist,25 to 29,Major,0,East,Bicycle,Going Ahead, , , , , ,"Motorist without ROW drives into path of cyclist at inter, lnwy, dwy-Driver not turn.",Driving Properly,Normal, ,Yes,Yes, , , , , , ,Yes, , , ,79,University (79),434
-79.592754,43.711352,80491926,5001891795,2015,2015-11-03T05:00:00.000Z,1755,17,HIGHWAY 27  N,VICE REGENT BLVD, ,Major Arterial,Etobicoke York,1,0,0,23,0,0,43.711352,-79.592754,Intersection,Intersection Related,No Control,Clear,"Dark, artificial",Dry,Fatal,Cyclist Collisions,Cyclist,55 to 59,Fatal,54,East,Bicycle,Going Ahead, , , , , ,"Cyclist without ROW rides into path of motorist at inter, lnwy, dwy-Cyclist not turn.",Other,Unknown, ,Yes,Yes, , , , , , , , , , ,1,West Humber-Clairville (1),435
-79.592754,43.711352,80491927,5001891795,2015,2015-11-03T05:00:00.000Z,1755,17,HIGHWAY 27  N,VICE REGENT BLVD, ,Major Arterial,Etobicoke York,1,0,0,23,0,0,43.711352,-79.592754,Intersection,Intersection Related,No Control,Clear,"Dark, artificial",Dry,Fatal,Cyclist Collisions,Driver,55 to 59,None,0,South,"Automobile, Station Wagon",Going Ahead,Driving Properly,Normal, , , , , , , ,Yes,Yes, , , , , , , , , , ,1,West Humber-Clairville (1),436
-79.592754,43.711352,80491928,5001891795,2015,2015-11-03T05:00:00.000Z,1755,17,HIGHWAY 27  N,VICE REGENT BLVD, ,Major Arterial,Etobicoke York,1,0,0,23,0,0,43.711352,-79.592754,Intersection,Intersection Related,No Control,Clear,"Dark, artificial",Dry,Fatal,Cyclist Collisions,Driver,60 to 64,None,0,South,"Automobile, Station Wagon",Going Ahead,Driving Properly,Normal, , , , , , , ,Yes,Yes, , , , , , , , , , ,1,West Humber-Clairville (1),437
-79.279712,43.811053,80972190,8001784875,2018,2018-09-26T04:00:00.000Z,1755,17,BRIMLEY RD,BRIMWOOD BV, ,Major Arterial,Scarborough,23,0,0,42,0,0,43.811053,-79.279712,Intersection,At Intersection,Traffic Signal,Clear,Daylight,Dry,Non-Fatal Injury,Cyclist Collisions,Cyclist,30 to 34,Major,0,East,Bicycle,Turning Left, , , , , , ,Failed to Yield Right of Way,Inattentive, ,Yes,Yes, , , , , , , , , , ,129,Agincourt North (129),438
-79.279712,43.811053,80972191,8001784875,2018,2018-09-26T04:00:00.000Z,1755,17,BRIMLEY RD,BRIMWOOD BV, ,Major Arterial,Scarborough,23,0,0,42,0,0,43.811053,-79.279712,Intersection,At Intersection,Traffic Signal,Clear,Daylight,Dry,Non-Fatal Injury,Cyclist Collisions,Driver,45 to 49,None,0,North,"Automobile, Station Wagon",Going Ahead,Driving Properly,Normal, , , , , , , ,Yes,Yes, , , , , , , , , , ,129,Agincourt North (129),439
-79.392284,43.645983,6159552,1176162,2010,2010-06-19T04:00:00.000Z,1800,18,KING ST W,PETER ST, ,Major Arterial,Toronto and East York,10,0,0,52,0,0,43.645983,-79.392284,Intersection,At Intersection,Traffic Signal,Clear,Daylight,Dry,Non-Fatal Injury,Cyclist Collisions,Driver,unknown,None,0,East,"Automobile, Station Wagon",Turning Left,Improper Turn,Unknown, , , , , , , ,Yes,Yes, , , , , , , , , , ,77,Waterfront Communities-The Island (77),440
-79.392284,43.645983,6159553,1176162,2010,2010-06-19T04:00:00.000Z,1800,18,KING ST W,PETER ST, ,Major Arterial,Toronto and East York,10,0,0,52,0,0,43.645983,-79.392284,Intersection,At Intersection,Traffic Signal,Clear,Daylight,Dry,Non-Fatal Injury,Cyclist Collisions,Cyclist,20 to 24,Major,0,West,Bicycle,Going Ahead, , , , , ,Motorist turned left across cyclists path.,Driving Properly,Normal, ,Yes,Yes, , , , , , , , , , ,77,Waterfront Communities-The Island (77),441
-79.38659,43.638845,6675011,1253635,2011,2011-07-20T04:00:00.000Z,1800,18,QUEENS QUAY W,REES ST, ,Minor Arterial,Toronto and East York,10,0,0,52,0,0,43.638845,-79.38659,Intersection,At Intersection,Traffic Signal,Clear,Daylight,Dry,Non-Fatal Injury,Cyclist Collisions,Vehicle Owner,unknown, ,0, ,Other, , , , , , , , , , ,Yes,Yes, , , , , , , , , , ,77,Waterfront Communities-The Island (77),442
-79.38659,43.638845,6675012,1253635,2011,2011-07-20T04:00:00.000Z,1800,18,QUEENS QUAY W,REES ST, ,Minor Arterial,Toronto and East York,10,0,0,52,0,0,43.638845,-79.38659,Intersection,At Intersection,Traffic Signal,Clear,Daylight,Dry,Non-Fatal Injury,Cyclist Collisions,Driver,40 to 44,None,0,West,"Automobile, Station Wagon",Parked,Other,Normal, , , , , , , ,Yes,Yes, , , , , , , , , , ,77,Waterfront Communities-The Island (77),443
-79.38659,43.638845,6675013,1253635,2011,2011-07-20T04:00:00.000Z,1800,18,QUEENS QUAY W,REES ST, ,Minor Arterial,Toronto and East York,10,0,0,52,0,0,43.638845,-79.38659,Intersection,At Intersection,Traffic Signal,Clear,Daylight,Dry,Non-Fatal Injury,Cyclist Collisions,Cyclist,40 to 44,Major,0,West,Bicycle,Going Ahead, , , , , ,Cyclist struck opened vehicle door,Driving Properly,Normal, ,Yes,Yes, , , , , , , , , , ,77,Waterfront Communities-The Island (77),444
-79.493686,43.671645,7820784,1357155,2013,2013-04-23T04:00:00.000Z,1800,18,JANE ST,FOXWELL ST, ,Major Arterial,Etobicoke York,5,0,0,12,0,0,43.671645,-79.493686,Intersection,At Intersection,Traffic Signal,Clear,Daylight,Dry,Non-Fatal Injury,Cyclist Collisions,Driver,50 to 54,None,0,South,"Automobile, Station Wagon",Going Ahead,Driving Properly,Normal, , , , , , , ,Yes,Yes, , , , , , , , , , ,111,Rockcliffe-Smythe (111),445
-79.493686,43.671645,7820785,1357155,2013,2013-04-23T04:00:00.000Z,1800,18,JANE ST,FOXWELL ST, ,Major Arterial,Etobicoke York,5,0,0,12,0,0,43.671645,-79.493686,Intersection,At Intersection,Traffic Signal,Clear,Daylight,Dry,Non-Fatal Injury,Cyclist Collisions,Cyclist,20 to 24,Major,0,North,Bicycle,Turning Left, , , , , ,Cyclist turned left across motorists path.,Other,Unknown, ,Yes,Yes, , , , , , , , , , ,111,Rockcliffe-Smythe (111),446
-79.342189,43.679412,80770489,7001157981,2017,2017-06-28T04:00:00.000Z,1800,18,DANFORTH AVE,WOODYCREST AVE,33 m West of,Major Arterial,Toronto and East York,14,0,0,"54,55",55,54,43.679412,-79.342189,Mid-Block,At/Near Private Drive,No Control,Clear,Daylight,Dry,Non-Fatal Injury,Cyclist Collisions,Driver,35 to 39,None,0,West,"Automobile, Station Wagon",Turning Left,Improper Turn,Inattentive, , , , , , , ,Yes,Yes, , , , ,Yes, , , , , ,69,Blake-Jones (69),447
-79.342189,43.679412,80770490,7001157981,2017,2017-06-28T04:00:00.000Z,1800,18,DANFORTH AVE,WOODYCREST AVE,33 m West of,Major Arterial,Toronto and East York,14,0,0,"54,55",55,54,43.679412,-79.342189,Mid-Block,At/Near Private Drive,No Control,Clear,Daylight,Dry,Non-Fatal Injury,Cyclist Collisions,Cyclist,35 to 39,Major,0,East,Bicycle,Going Ahead, , , , , ,Motorist turned left across cyclists path.,Driving Properly,Normal, ,Yes,Yes, , , , ,Yes, , , , , ,69,Blake-Jones (69),448
-79.342189,43.679412,80770491,7001157981,2017,2017-06-28T04:00:00.000Z,1800,18,DANFORTH AVE,WOODYCREST AVE,33 m West of,Major Arterial,Toronto and East York,14,0,0,"54,55",55,54,43.679412,-79.342189,Mid-Block,At/Near Private Drive,No Control,Clear,Daylight,Dry,Non-Fatal Injury,Cyclist Collisions,Passenger,0 to 4,None,0, , , , , , , , , , , , ,Yes,Yes, , , , ,Yes, , , , , ,69,Blake-Jones (69),449
-79.342189,43.679412,80770492,7001157981,2017,2017-06-28T04:00:00.000Z,1800,18,DANFORTH AVE,WOODYCREST AVE,33 m West of,Major Arterial,Toronto and East York,14,0,0,"54,55",55,54,43.679412,-79.342189,Mid-Block,At/Near Private Drive,No Control,Clear,Daylight,Dry,Non-Fatal Injury,Cyclist Collisions,Passenger,0 to 4,None,0, , , , , , , , , , , , ,Yes,Yes, , , , ,Yes, , , , , ,69,Blake-Jones (69),450
-79.39289,43.674745,7848846,1369145,2013,2013-08-02T04:00:00.000Z,1802,18,DAVENPORT Rd,BELMONT St, ,Major Arterial,Toronto and East York,11,0,0,53,0,0,43.674745,-79.39289,Intersection,At Intersection,Traffic Signal,Clear,Daylight,Dry,Non-Fatal Injury,Cyclist Collisions,Driver,20 to 24,None,0,North,"Automobile, Station Wagon",Going Ahead,Disobeyed Traffic Control,Normal, , , , , , , ,Yes,Yes, , , , , , ,Yes,Yes, , ,95,Annex (95),451
-79.39289,43.674745,7848847,1369145,2013,2013-08-02T04:00:00.000Z,1802,18,DAVENPORT Rd,BELMONT St, ,Major Arterial,Toronto and East York,11,0,0,53,0,0,43.674745,-79.39289,Intersection,At Intersection,Traffic Signal,Clear,Daylight,Dry,Non-Fatal Injury,Cyclist Collisions,Cyclist,25 to 29,Major,0,East,Bicycle,Going Ahead, , , , , ,"Motorist without ROW drives into path of cyclist at inter, lnwy, dwy-Driver not turn.",Driving Properly,Normal, ,Yes,Yes, , , , , , ,Yes,Yes, , ,95,Annex (95),452
-79.381709,43.651881,80177786,4003142204,2014,2014-10-20T04:00:00.000Z,1803,18,BAY ST,QUEEN ST W, ,Major Arterial,Toronto and East York,1013,13,10,52,0,0,43.651881,-79.381709,Intersection,At Intersection,Traffic Signal,Rain,Dusk,Wet,Non-Fatal Injury,Cyclist Collisions,Driver,20 to 24,None,0,North,"Automobile, Station Wagon",Turning Left,Failed to Yield Right of Way,Normal, , , , , , , ,Yes,Yes, , , , , , ,Yes, , , ,76,Bay Street Corridor (76),453
-79.381709,43.651881,80177787,4003142204,2014,2014-10-20T04:00:00.000Z,1803,18,BAY ST,QUEEN ST W, ,Major Arterial,Toronto and East York,1013,13,10,52,0,0,43.651881,-79.381709,Intersection,At Intersection,Traffic Signal,Rain,Dusk,Wet,Non-Fatal Injury,Cyclist Collisions,Vehicle Owner,unknown, ,0, ,"Automobile, Station Wagon", , , , , , , , , , ,Yes,Yes, , , , , , ,Yes, , , ,76,Bay Street Corridor (76),454
-79.381709,43.651881,80177788,4003142204,2014,2014-10-20T04:00:00.000Z,1803,18,BAY ST,QUEEN ST W, ,Major Arterial,Toronto and East York,1013,13,10,52,0,0,43.651881,-79.381709,Intersection,At Intersection,Traffic Signal,Rain,Dusk,Wet,Non-Fatal Injury,Cyclist Collisions,Cyclist,25 to 29,Major,0,North,Bicycle,Going Ahead, , , , , ,Motorist turned left across cyclists path.,Driving Properly,Normal, ,Yes,Yes, , , , , , ,Yes, , , ,76,Bay Street Corridor (76),455
-79.42686,43.792102,80180577,4003325282,2014,2014-11-18T05:00:00.000Z,1804,18,MOORE PARK AVE,HILDA AVE, ,Collector,North York,18,0,0,32,0,0,43.792102,-79.42686,Intersection,At Intersection,Stop Sign,Clear,"Dark, artificial",Dry,Non-Fatal Injury,Cyclist Collisions,Driver,unknown,None,0,East,"Automobile, Station Wagon",Going Ahead,Failed to Yield Right of Way,Unknown, , , , , , , ,Yes,Yes, , , , , , ,Yes, , , ,36,Newtonbrook West (36),456
-79.42686,43.792102,80180578,4003325282,2014,2014-11-18T05:00:00.000Z,1804,18,MOORE PARK AVE,HILDA AVE, ,Collector,North York,18,0,0,32,0,0,43.792102,-79.42686,Intersection,At Intersection,Stop Sign,Clear,"Dark, artificial",Dry,Non-Fatal Injury,Cyclist Collisions,Cyclist,55 to 59,Major,0,South, ,Going Ahead, , , , , ,"Motorist without ROW drives into path of cyclist at inter, lnwy, dwy-Driver not turn.",Driving Properly,Normal, ,Yes,Yes, , , , , , ,Yes, , , ,36,Newtonbrook West (36),457
-79.53729,43.717045,5382044,1048237,2008,2008-06-22T04:00:00.000Z,1805,18,WESTON Road,WALSH Aven, ,Major Arterial,Etobicoke York,7,0,0,31,0,0,43.717045,-79.53729,Intersection,At Intersection,Traffic Signal,Clear,Daylight,Dry,Non-Fatal Injury,Cyclist Collisions,Vehicle Owner,unknown, ,0, ,Other, , , , , , , , , , ,Yes,Yes, , , , , , , , , , ,23,Pelmo Park-Humberlea (23),458
-79.53729,43.717045,5382045,1048237,2008,2008-06-22T04:00:00.000Z,1805,18,WESTON Road,WALSH Aven, ,Major Arterial,Etobicoke York,7,0,0,31,0,0,43.717045,-79.53729,Intersection,At Intersection,Traffic Signal,Clear,Daylight,Dry,Non-Fatal Injury,Cyclist Collisions,Driver,45 to 49,None,0,North,"Automobile, Station Wagon",Going Ahead,Driving Properly,Normal, , , , , , , ,Yes,Yes, , , , , , , , , , ,23,Pelmo Park-Humberlea (23),459
-79.53729,43.717045,5382046,1048237,2008,2008-06-22T04:00:00.000Z,1805,18,WESTON Road,WALSH Aven, ,Major Arterial,Etobicoke York,7,0,0,31,0,0,43.717045,-79.53729,Intersection,At Intersection,Traffic Signal,Clear,Daylight,Dry,Non-Fatal Injury,Cyclist Collisions,Cyclist,35 to 39,Major,0,East,Bicycle,Going Ahead, , , , , ,"Cyclist without ROW rides into path of motorist at inter, lnwy, dwy-Cyclist not turn.",Failed to Yield Right of Way,Normal, ,Yes,Yes, , , , , , , , , , ,23,Pelmo Park-Humberlea (23),460
-79.51839,43.663146,80171781,4002755635,2014,2014-08-22T04:00:00.000Z,1805,18,ROYAL YORK RD,ASHLEY RD, ,Minor Arterial,Etobicoke York,2,0,0,22,0,0,43.663146,-79.51839,Intersection,At Intersection,No Control,Clear,Daylight,Dry,Non-Fatal Injury,Cyclist Collisions,Driver,30 to 34,None,0,South,"Automobile, Station Wagon",Turning Right,Failed to Yield Right of Way,Inattentive, , , , , , , ,Yes,Yes, , , , , , ,Yes, , , ,9,Edenbridge-Humber Valley (9),461
-79.51839,43.663146,80171782,4002755635,2014,2014-08-22T04:00:00.000Z,1805,18,ROYAL YORK RD,ASHLEY RD, ,Minor Arterial,Etobicoke York,2,0,0,22,0,0,43.663146,-79.51839,Intersection,At Intersection,No Control,Clear,Daylight,Dry,Non-Fatal Injury,Cyclist Collisions,Cyclist,30 to 34,Major,0,South,Bicycle,Going Ahead, , , , , ,"Motorist turns right at non-signal Inter.(stop, yield, no cont.,and dwy) and strikes cyclist.",Driving Properly,Normal, ,Yes,Yes, , , , , , ,Yes, , , ,9,Edenbridge-Humber Valley (9),462
-79.393665,43.649279,7441309,1305406,2012,2012-06-05T04:00:00.000Z,1807,18,QUEEN ST W,PETER ST, ,Major Arterial,Toronto and East York,10,0,0,52,0,0,43.649279,-79.393665,Intersection,Intersection Related,Streetcar (Stop for),Clear,Daylight,Dry,Non-Fatal Injury,Pedestrian Collisions,Vehicle Owner,unknown, ,0, , , , , , , , , , , ,Yes,Yes, , , , , , , , , , , ,77,Waterfront Communities-The Island (77),463
-79.393665,43.649279,7441310,1305406,2012,2012-06-05T04:00:00.000Z,1807,18,QUEEN ST W,PETER ST, ,Major Arterial,Toronto and East York,10,0,0,52,0,0,43.649279,-79.393665,Intersection,Intersection Related,Streetcar (Stop for),Clear,Daylight,Dry,Non-Fatal Injury,Pedestrian Collisions,Driver - Not Hit,unknown,None,0, , , , , , , , , , , ,Yes,Yes, , , , , , , , , , , ,77,Waterfront Communities-The Island (77),464
-79.393665,43.649279,7441311,1305406,2012,2012-06-05T04:00:00.000Z,1807,18,QUEEN ST W,PETER ST, ,Major Arterial,Toronto and East York,10,0,0,52,0,0,43.649279,-79.393665,Intersection,Intersection Related,Streetcar (Stop for),Clear,Daylight,Dry,Non-Fatal Injury,Pedestrian Collisions,Pedestrian,60 to 64,Major,0,South, , , , ,Pedestrian hit at mid-block,Person Getting on/off Vehicle,Normal, , , ,Yes,Yes, , , , , , , , , , , ,77,Waterfront Communities-The Island (77),465
-79.393665,43.649279,7441312,1305406,2012,2012-06-05T04:00:00.000Z,1807,18,QUEEN ST W,PETER ST, ,Major Arterial,Toronto and East York,10,0,0,52,0,0,43.649279,-79.393665,Intersection,Intersection Related,Streetcar (Stop for),Clear,Daylight,Dry,Non-Fatal Injury,Pedestrian Collisions,Cyclist,20 to 24,None,0,East,Bicycle,Going Ahead, , , , , ,Cyclist strikes pedestrian.,Failed to Yield Right of Way,Inattentive,Yes,Yes, , , , , , , , , , , ,77,Waterfront Communities-The Island (77),466
-79.301906,43.812064,80768564,6002057504,2016,2016-11-19T05:00:00.000Z,1807,18,KENNEDY RD,MCNICOLL AVE, ,Major Arterial,Scarborough,22,0,0,42,0,0,43.812064,-79.301906,Intersection,At Intersection,Traffic Signal,Clear,"Dark, artificial",Dry,Non-Fatal Injury,Cyclist Collisions,Driver,70 to 74,None,0,South,"Automobile, Station Wagon",Turning Left,Improper Turn,Inattentive, , , , , , , ,Yes,Yes, , , , , , , , , , ,130,Milliken (130),467
-79.301906,43.812064,80768565,6002057504,2016,2016-11-19T05:00:00.000Z,1807,18,KENNEDY RD,MCNICOLL AVE, ,Major Arterial,Scarborough,22,0,0,42,0,0,43.812064,-79.301906,Intersection,At Intersection,Traffic Signal,Clear,"Dark, artificial",Dry,Non-Fatal Injury,Cyclist Collisions,Cyclist,55 to 59,Major,0,South,Bicycle,Going Ahead, , , , , ,Motorist turned left across cyclists path.,Driving Properly,Normal, ,Yes,Yes, , , , , , , , , , ,130,Milliken (130),468
-79.39279,43.647245,7433286,1302089,2012,2012-05-10T04:00:00.000Z,1810,18,PETER ST,ADELAIDE ST W, ,Major Arterial,Toronto and East York,10,0,0,52,0,0,43.647245,-79.39279,Intersection, ,No Control,Clear,Dusk,Dry,Non-Fatal Injury,Cyclist Collisions,Driver,45 to 49,None,0,North,"Automobile, Station Wagon",Stopped,Driving Properly,Normal, , , , , , , ,Yes,Yes, , , , , , , , , , ,77,Waterfront Communities-The Island (77),469
-79.39279,43.647245,7433287,1302089,2012,2012-05-10T04:00:00.000Z,1810,18,PETER ST,ADELAIDE ST W, ,Major Arterial,Toronto and East York,10,0,0,52,0,0,43.647245,-79.39279,Intersection, ,No Control,Clear,Dusk,Dry,Non-Fatal Injury,Cyclist Collisions,Cyclist,20 to 24,Major,0,North,Bicycle,Overtaking, , , , , ,Cyclist struck opened vehicle door,Driving Properly,Unknown, ,Yes,Yes, , , , , , , , , , ,77,Waterfront Communities-The Island (77),470
-79.3325,43.778842,80247062,5001353806,2015,2015-08-07T04:00:00.000Z,1811,18,OLD SHEPPARD AVE,BRIAN DR,9 m East of,Collector,North York,17,0,0,33,0,0,43.778842,-79.3325,Intersection,Intersection Related,Stop Sign,Clear,Daylight,Dry,Non-Fatal Injury,Cyclist Collisions,Cyclist,55 to 59,Major,0,West,Bicycle,Overtaking, , , , , ,Motorist turned left across cyclists path.,Improper Passing,Inattentive, ,Yes,Yes, , , , , , , , , , ,46,Pleasant View (46),471
-79.3325,43.778842,80247063,5001353806,2015,2015-08-07T04:00:00.000Z,1811,18,OLD SHEPPARD AVE,BRIAN DR,9 m East of,Collector,North York,17,0,0,33,0,0,43.778842,-79.3325,Intersection,Intersection Related,Stop Sign,Clear,Daylight,Dry,Non-Fatal Injury,Cyclist Collisions,Driver,20 to 24,None,0,South,"Automobile, Station Wagon",Turning Left,Driving Properly,Normal, , , , , , , ,Yes,Yes, , , , , , , , , , ,46,Pleasant View (46),472
-79.428684,43.637419,80497416,6000131463,2016,2016-01-22T05:00:00.000Z,1811,18,135 TYNDALL AVE, ,85 m South of,Local,Toronto and East York,4,0,0,14,0,0,43.637419,-79.428684,Mid-Block,At/Near Private Drive,No Control,Clear,"Dark, artificial",Dry,Non-Fatal Injury,Cyclist Collisions,Driver,40 to 44,None,0,South,"Automobile, Station Wagon",Turning Left,Improper Turn,Inattentive, , , , , , , ,Yes,Yes, , , , , , , , , , ,85,South Parkdale (85),473
-79.428684,43.637419,80497417,6000131463,2016,2016-01-22T05:00:00.000Z,1811,18,135 TYNDALL AVE, ,85 m South of,Local,Toronto and East York,4,0,0,14,0,0,43.637419,-79.428684,Mid-Block,At/Near Private Drive,No Control,Clear,"Dark, artificial",Dry,Non-Fatal Injury,Cyclist Collisions,Cyclist,50 to 54,Major,0,North,Bicycle,Going Ahead, , , , , ,Motorist turned left across cyclists path.,Driving Properly,Normal, ,Yes,Yes, , , , , , , , , , ,85,South Parkdale (85),474
-79.34669,43.656645,5445162,1076080,2008,2008-11-25T05:00:00.000Z,1814,18,324 EASTERN AVE, , ,Major Arterial,Toronto and East York,14,0,0,55,0,0,43.656645,-79.34669,Intersection, ,No Control,Rain,Dark,Wet,Non-Fatal Injury,Cyclist Collisions,Driver,40 to 44,None,0,South,"Automobile, Station Wagon",Turning Right,Failed to Yield Right of Way,Normal, , , , , , , ,Yes,Yes, , , , , , ,Yes, , , ,70,South Riverdale (70),475
-79.34669,43.656645,5445163,1076080,2008,2008-11-25T05:00:00.000Z,1814,18,324 EASTERN AVE, , ,Major Arterial,Toronto and East York,14,0,0,55,0,0,43.656645,-79.34669,Intersection, ,No Control,Rain,Dark,Wet,Non-Fatal Injury,Cyclist Collisions,Cyclist,35 to 39,Major,0,East,Bicycle,Going Ahead, , , , , ,"Motorist turns right at non-signal Inter.(stop, yield, no cont.,and dwy) and strikes cyclist.",Driving Properly,Normal, ,Yes,Yes, , , , , , ,Yes, , , ,70,South Riverdale (70),476
-79.30099,43.780345,7542311,1314053,2012,2012-07-18T04:00:00.000Z,1815,18,3495 SHEPPARD AVE E, , ,Major Arterial,Scarborough,22,0,0,42,0,0,43.780345,-79.30099,Mid-Block, ,No Control,Clear,Daylight,Dry,Non-Fatal Injury,Cyclist Collisions,Driver,20 to 24,None,0,East,"Automobile, Station Wagon",Turning Right,Failed to Yield Right of Way,Inattentive, , , , , , , ,Yes,Yes, , , , , , ,Yes, , , ,118,Tam O'Shanter-Sullivan (118),477
-79.30099,43.780345,7542312,1314053,2012,2012-07-18T04:00:00.000Z,1815,18,3495 SHEPPARD AVE E, , ,Major Arterial,Scarborough,22,0,0,42,0,0,43.780345,-79.30099,Mid-Block, ,No Control,Clear,Daylight,Dry,Non-Fatal Injury,Cyclist Collisions,Cyclist,15 to 19,Major,0,East,Bicycle,Going Ahead, , , , , ,"Motorist turns right at non-signal Inter.(stop, yield, no cont.,and dwy) and strikes cyclist.",Driving Properly,Normal, ,Yes,Yes, , , , , , ,Yes, , , ,118,Tam O'Shanter-Sullivan (118),478
-79.31959,43.668445,7811254,1353008,2013,2013-03-08T05:00:00.000Z,1815,18,DUNDAS ST E,CRAVEN RD, ,Minor Arterial,Toronto and East York,14,0,0,55,0,0,43.668445,-79.31959,Intersection,At Intersection,Stop Sign,Clear,Dusk,Dry,Non-Fatal Injury,Cyclist Collisions,Vehicle Owner,unknown, ,0, ,Other, , , , , , , , , , ,Yes,Yes, , , , , , , , , , ,65,Greenwood-Coxwell (65),479
-79.31959,43.668445,7811255,1353008,2013,2013-03-08T05:00:00.000Z,1815,18,DUNDAS ST E,CRAVEN RD, ,Minor Arterial,Toronto and East York,14,0,0,55,0,0,43.668445,-79.31959,Intersection,At Intersection,Stop Sign,Clear,Dusk,Dry,Non-Fatal Injury,Cyclist Collisions,Driver,50 to 54,None,0,North,"Automobile, Station Wagon",Going Ahead,Driving Properly,Normal, , , , , , , ,Yes,Yes, , , , , , , , , , ,65,Greenwood-Coxwell (65),480
-79.31959,43.668445,7811256,1353008,2013,2013-03-08T05:00:00.000Z,1815,18,DUNDAS ST E,CRAVEN RD, ,Minor Arterial,Toronto and East York,14,0,0,55,0,0,43.668445,-79.31959,Intersection,At Intersection,Stop Sign,Clear,Dusk,Dry,Non-Fatal Injury,Cyclist Collisions,Cyclist,30 to 34,Major,0,West,Bicycle,Going Ahead, , , , , ,"Cyclist without ROW rides into path of motorist at inter, lnwy, dwy-Cyclist not turn.",Wrong Way on One Way Road,Normal, ,Yes,Yes, , , , , , , , , , ,65,Greenwood-Coxwell (65),481
-79.441371,43.635432,80741779,7000917334,2017,2017-05-24T04:00:00.000Z,1815,18,1395 LAKE SHORE BLVD W, , ,Expressway,Toronto and East York,4,0,0,14,0,0,43.635432,-79.441371,Mid-Block,Non Intersection,No Control,Clear,Daylight,Dry,Fatal,Cyclist Collisions,Cyclist,5 to 9,Fatal,24,West,Bicycle,Going Ahead, , , , , ,Insufficient information (to determine cyclist crash type).,Lost control,Normal, ,Yes, , , , , , , , , , , ,85,South Parkdale (85),482
-79.403827,43.666583,80784057,7001781629,2017,2017-10-01T04:00:00.000Z,1815,18,BLOOR ST W,SPADINA AVE, ,Major Arterial,Toronto and East York,11,0,0,"14,53,52",0,0,43.666583,-79.403827,Intersection,At Intersection,Traffic Signal,Clear,Daylight,Dry,Non-Fatal Injury,Cyclist Collisions,Cyclist,20 to 24,Major,0,East,Bicycle,Overtaking, , , , , ,Motorist turning right on green or amber at signalized intersection strikes cyclist.,Failed to Yield Right of Way,Inattentive, ,Yes, , ,Yes, , ,Yes, , , , , ,79,University (79),483