X,Y,Index_,ACCNUM,YEAR,DATE,TIME,Hour,STREET1,STREET2,OFFSET,ROAD_CLASS,District,WardNum,WardNum_X,WardNum_Y,Division,Division_X,Division_Y,LATITUDE,LONGITUDE,LOCCOORD,ACCLOC,TRAFFCTL,VISIBILITY,LIGHT,RDSFCOND,ACCLASS,IMPACTYPE,INVTYPE,INVAGE,INJURY,FATAL_NO,INITDIR,VEHTYPE,MANOEUVER,DRIVACT,DRIVCOND,PEDTYPE,PEDACT,PEDCOND,CYCLISTYPE,CYCACT,CYCCOND,PEDESTRIAN,CYCLIST,AUTOMOBILE,MOTORCYCLE,TRUCK,TRSN_CITY_,EMERG_VEH,PASSENGER,SPEEDING,AG_DRIV,REDLIGHT,ALCOHOL,DISABILITY,Hood_ID,Neighbourh,ObjectId
-79.403827,43.666583,80784058,7001781629,2017,2017-10-01T04:00:00.000Z,1815,18,BLOOR ST W,SPADINA AVE, ,Major Arterial,Toronto and East York,11,0,0,"14,53,52",0,0,43.666583,-79.403827,Intersection,At Intersection,Traffic Signal,Clear,Daylight,Dry,Non-Fatal Injury,Cyclist Collisions,Truck Driver,25 to 29,None,0,East,Truck - Open,Turning Right,Driving Properly,Normal, , , , , , , ,Yes, , ,Yes, , ,Yes, , , , , ,79,University (79),484
-79.403827,43.666583,80784059,7001781629,2017,2017-10-01T04:00:00.000Z,1815,18,BLOOR ST W,SPADINA AVE, ,Major Arterial,Toronto and East York,11,0,0,"14,53,52",0,0,43.666583,-79.403827,Intersection,At Intersection,Traffic Signal,Clear,Daylight,Dry,Non-Fatal Injury,Cyclist Collisions,Passenger,20 to 24,None,0, , , , , , , , , , , , ,Yes, , ,Yes, , ,Yes, , , , , ,79,University (79),485
-79.403827,43.666583,80784060,7001781629,2017,2017-10-01T04:00:00.000Z,1815,18,BLOOR ST W,SPADINA AVE, ,Major Arterial,Toronto and East York,11,0,0,"14,53,52",0,0,43.666583,-79.403827,Intersection,At Intersection,Traffic Signal,Clear,Daylight,Dry,Non-Fatal Injury,Cyclist Collisions,Passenger,20 to 24,None,0, , , , , , , , , , , , ,Yes, , ,Yes, , ,Yes, , , , , ,79,University (79),486
-79.39909,43.680745,5390543,1051990,2008,2008-06-25T04:00:00.000Z,1820,18,AVENUE RD,POPLAR PLAINS CRES, ,Major Arterial,Toronto and East York,12,0,0,53,0,0,43.680745,-79.39909,Intersection,At Intersection,No Control,Clear,Daylight,Dry,Non-Fatal Injury,Cyclist Collisions,Driver,65 to 69,None,0,North,"Automobile, Station Wagon",Turning Left,Improper Turn,Inattentive, , , , , , , ,Yes,Yes, , , , , , , , , , ,96,Casa Loma (96),487
-79.39909,43.680745,5390544,1051990,2008,2008-06-25T04:00:00.000Z,1820,18,AVENUE RD,POPLAR PLAINS CRES, ,Major Arterial,Toronto and East York,12,0,0,53,0,0,43.680745,-79.39909,Intersection,At Intersection,No Control,Clear,Daylight,Dry,Non-Fatal Injury,Cyclist Collisions,Cyclist,35 to 39,Major,0,South,Bicycle,Going Ahead, , , , , ,Motorist turned left across cyclists path.,Driving Properly,Normal, ,Yes,Yes, , , , , , , , , , ,96,Casa Loma (96),488
-79.36779,43.674045,6189791,1188873,2010,2010-08-07T04:00:00.000Z,1820,18,BLOOR ST E,CASTLE FRANK RD, ,Major Arterial,Toronto and East York,11,0,0,"51,53",53,51,43.674045,-79.36779,Mid-Block, ,No Control,Clear,Daylight,Dry,Non-Fatal Injury,Pedestrian Collisions,Pedestrian,20 to 24,Major,0,Unknown,Other, , , ,Other / Undefined,Other,"Ability Impaired, Alcohol", , , ,Yes,Yes, , , , , , , , , , , ,71,Cabbagetown-South St.James Town (71),489
-79.36779,43.674045,6189792,1188873,2010,2010-08-07T04:00:00.000Z,1820,18,BLOOR ST E,CASTLE FRANK RD, ,Major Arterial,Toronto and East York,11,0,0,"51,53",53,51,43.674045,-79.36779,Mid-Block, ,No Control,Clear,Daylight,Dry,Non-Fatal Injury,Pedestrian Collisions,Cyclist,55 to 59,None,0,East,Bicycle,Going Ahead, , , , , ,Cyclist strikes pedestrian.,Driving Properly,Unknown,Yes,Yes, , , , , , , , , , , ,71,Cabbagetown-South St.James Town (71),490
-79.37649,43.654845,7487146,1324692,2012,2012-10-02T04:00:00.000Z,1820,18,SHUTER Stre,CHURCH Stre, ,Minor Arterial,Toronto and East York,13,0,0,51,0,0,43.654845,-79.37649,Intersection,At Intersection,Traffic Signal,Clear,"Dark, artificial",Dry,Non-Fatal Injury,Cyclist Collisions,Driver,45 to 49,None,0,East,"Automobile, Station Wagon",Turning Right,Improper Turn,Normal, , , , , , , ,Yes,Yes, , , , , , , , , , ,75,Church-Yonge Corridor (75),491
-79.37649,43.654845,7487147,1324692,2012,2012-10-02T04:00:00.000Z,1820,18,SHUTER Stre,CHURCH Stre, ,Minor Arterial,Toronto and East York,13,0,0,51,0,0,43.654845,-79.37649,Intersection,At Intersection,Traffic Signal,Clear,"Dark, artificial",Dry,Non-Fatal Injury,Cyclist Collisions,Cyclist,60 to 64,Major,0,East,Bicycle,Going Ahead, , , , , ,Motorist turning right on green or amber at signalized intersection strikes cyclist.,Driving Properly,Normal, ,Yes,Yes, , , , , , , , , , ,75,Church-Yonge Corridor (75),492
-79.469447,43.665461,80162397,4002199584,2014,2014-06-01T04:00:00.000Z,1822,18,DUNDAS ST W,PACIFIC AVE, ,Major Arterial,Toronto and East York,4,0,0,11,0,0,43.665461,-79.469447,Mid-Block,Non Intersection,No Control,Clear,Daylight,Dry,Non-Fatal Injury,Cyclist Collisions,Driver,60 to 64,None,0,West,"Automobile, Station Wagon",Going Ahead,Driving Properly,Normal, , , , , , , ,Yes,Yes, , , , , , , , , , ,90,Junction Area (90),493
-79.469447,43.665461,80162398,4002199584,2014,2014-06-01T04:00:00.000Z,1822,18,DUNDAS ST W,PACIFIC AVE, ,Major Arterial,Toronto and East York,4,0,0,11,0,0,43.665461,-79.469447,Mid-Block,Non Intersection,No Control,Clear,Daylight,Dry,Non-Fatal Injury,Cyclist Collisions,Other,unknown, ,0, , , , , , , , , , , , ,Yes,Yes, , , , , , , , , , ,90,Junction Area (90),494
-79.469447,43.665461,80162399,4002199584,2014,2014-06-01T04:00:00.000Z,1822,18,DUNDAS ST W,PACIFIC AVE, ,Major Arterial,Toronto and East York,4,0,0,11,0,0,43.665461,-79.469447,Mid-Block,Non Intersection,No Control,Clear,Daylight,Dry,Non-Fatal Injury,Cyclist Collisions,Cyclist,45 to 49,Major,0,West,Bicycle,Going Ahead, , , , , ,Cyclist and Driver travelling in same direction. One vehicle rear-ended the other.,Lost control,Normal, ,Yes,Yes, , , , , , , , , , ,90,Junction Area (90),495
-79.39389,43.642745,5260626,1113959,2009,2009-07-13T04:00:00.000Z,1825,18,FRONT ST W,SPADINA AVE, ,Major Arterial,Toronto and East York,10,0,0,"14,52",52,14,43.642745,-79.39389,Intersection,At Intersection,Traffic Signal,Clear,Daylight,Dry,Non-Fatal Injury,Cyclist Collisions,Driver,30 to 34,None,0,West,"Automobile, Station Wagon",Going Ahead,Driving Properly,Normal, , , , , , , ,Yes,Yes, , , , , , , , , , ,77,Waterfront Communities-The Island (77),496
-79.39389,43.642745,5260627,1113959,2009,2009-07-13T04:00:00.000Z,1825,18,FRONT ST W,SPADINA AVE, ,Major Arterial,Toronto and East York,10,0,0,"14,52",52,14,43.642745,-79.39389,Intersection,At Intersection,Traffic Signal,Clear,Daylight,Dry,Non-Fatal Injury,Cyclist Collisions,Cyclist,30 to 34,Major,0,North,Bicycle,Going Ahead, , , , , ,"Cyclist without ROW rides into path of motorist at inter, lnwy, dwy-Cyclist not turn.",Disobeyed Traffic Control,Normal, ,Yes,Yes, , , , , , , , , , ,77,Waterfront Communities-The Island (77),497
-79.30189,43.669645,6220574,1201907,2010,2010-10-20T04:00:00.000Z,1825,18,QUEEN Stre E,KENILWORTH Aven, ,Minor Arterial,Toronto and East York,19,0,0,55,0,0,43.669645,-79.30189,Intersection, ,No Control,Clear,Dark,Dry,Non-Fatal Injury,Cyclist Collisions,Driver,25 to 29,None,0,West,"Automobile, Station Wagon",Parked,Other,Normal, , , , , , , ,Yes,Yes, , , , , , , , , , ,63,The Beaches (63),498
-79.30189,43.669645,6220575,1201907,2010,2010-10-20T04:00:00.000Z,1825,18,QUEEN Stre E,KENILWORTH Aven, ,Minor Arterial,Toronto and East York,19,0,0,55,0,0,43.669645,-79.30189,Intersection, ,No Control,Clear,Dark,Dry,Non-Fatal Injury,Cyclist Collisions,Cyclist,50 to 54,Major,0,West,Bicycle,Going Ahead, , , , , ,Cyclist struck opened vehicle door,Other,Normal, ,Yes,Yes, , , , , , , , , , ,63,The Beaches (63),499
-79.40869,43.665645,7835555,1363588,2013,2013-05-13T04:00:00.000Z,1830,18,BORDEN ST,BLOOR ST W, ,Major Arterial,Toronto and East York,11,0,0,14,0,0,43.665645,-79.40869,Intersection, ,No Control,Clear,Daylight,Dry,Non-Fatal Injury,SMV Other,Driver - Not Hit,unknown, ,0, ,"Automobile, Station Wagon", , , , , , , , , , ,Yes,Yes, , , , , , ,Yes, , , ,79,University (79),500
-79.40869,43.665645,7835556,1363588,2013,2013-05-13T04:00:00.000Z,1830,18,BORDEN ST,BLOOR ST W, ,Major Arterial,Toronto and East York,11,0,0,14,0,0,43.665645,-79.40869,Intersection, ,No Control,Clear,Daylight,Dry,Non-Fatal Injury,SMV Other,Moped Driver,40 to 44,Major,0,North,Moped,Going Ahead,Failed to Yield Right of Way,Normal, , , , , , , ,Yes,Yes, , , , , , ,Yes, , , ,79,University (79),501
-79.420291,43.654845,7892789,1387644,2013,2013-09-26T04:00:00.000Z,1830,18,COLLEGE St,SHAW St, ,Major Arterial,Toronto and East York,11,0,0,14,0,0,43.654845,-79.420291,Intersection, ,Stop Sign,Clear,Daylight,Dry,Non-Fatal Injury,Cyclist Collisions,Vehicle Owner,unknown, ,0, ,Other, , , , , , , , , , ,Yes,Yes, , , , , , ,Yes, , , ,81,Trinity-Bellwoods (81),502
-79.264446,43.724085,80784028,7001798069,2017,2017-10-04T04:00:00.000Z,830,8,KENNEDY RD,FOXRIDGE DR, ,Major Arterial,Scarborough,20,0,0,41,0,0,43.724085,-79.264446,Intersection,At Intersection,No Control,Clear,Daylight,Dry,Non-Fatal Injury,Cyclist Collisions,Cyclist,30 to 34,Major,0,South,Bicycle,Going Ahead, , , , , ,Motorist turned left across cyclists path.,Driving Properly,Normal, ,Yes,Yes, , , , , , ,Yes, , , ,124,Kennedy Park (124),503
-79.476772,43.703021,80632248,6001758127,2016,2016-10-03T04:00:00.000Z,1426,14,KEELE ST,FLAMBOROUGH DR, ,Major Arterial,Etobicoke York,5,0,0,12,0,0,43.703021,-79.476772,Intersection,At Intersection,Traffic Signal,Clear,Daylight,Dry,Non-Fatal Injury,Cyclist Collisions,Driver,85 to 89,None,0,North,"Automobile, Station Wagon",Turning Left,Improper Turn,Normal, , , , , , , ,Yes,Yes, , , , , , , , , , ,30,Brookhaven-Amesbury (30),504
-79.476772,43.703021,80632249,6001758127,2016,2016-10-03T04:00:00.000Z,1426,14,KEELE ST,FLAMBOROUGH DR, ,Major Arterial,Etobicoke York,5,0,0,12,0,0,43.703021,-79.476772,Intersection,At Intersection,Traffic Signal,Clear,Daylight,Dry,Non-Fatal Injury,Cyclist Collisions,Cyclist,45 to 49,Major,0,South,Bicycle,Going Ahead, , , , , ,Motorist turned left across cyclists path.,Driving Properly,Normal, ,Yes,Yes, , , , , , , , , , ,30,Brookhaven-Amesbury (30),505
-79.36169,43.670245,7440069,1304934,2012,2012-05-24T04:00:00.000Z,1427,14,ROSEDALE VALLEY RD,BAYVIEW S ROSEDALE VL RAMP, ,Major Arterial,Toronto and East York,1113,13,11,51,0,0,43.670245,-79.36169,Intersection,At Intersection,No Control,Clear,Daylight,Dry,Non-Fatal Injury,Cyclist Collisions,Driver,30 to 34,None,0,East,"Automobile, Station Wagon",Changing Lanes,Improper Lane Change,Normal, , , , , , , ,Yes,Yes, , , , , , , , , , ,71,Cabbagetown-South St.James Town (71),506
-79.36169,43.670245,7440070,1304934,2012,2012-05-24T04:00:00.000Z,1427,14,ROSEDALE VALLEY RD,BAYVIEW S ROSEDALE VL RAMP, ,Major Arterial,Toronto and East York,1113,13,11,51,0,0,43.670245,-79.36169,Intersection,At Intersection,No Control,Clear,Daylight,Dry,Non-Fatal Injury,Cyclist Collisions,Cyclist,60 to 64,Major,0,East,Bicycle,Merging, , , , , ,Cyclist and Driver travelling in same direction. One vehicle sideswipes the other.,Driving Properly,Normal, ,Yes,Yes, , , , , , , , , , ,71,Cabbagetown-South St.James Town (71),507
-79.14409,43.797045,6146112,1170181,2010,2010-05-27T04:00:00.000Z,1538,15,PORT UNION Rd,HIGHWAY 401 C  E, ,Expressway,Scarborough,25,0,0,43,0,0,43.797045,-79.14409,Mid-Block, ,No Control,Clear,Daylight,Dry,Non-Fatal Injury,Cyclist Collisions,Cyclist,35 to 39,Major,0,North,Bicycle,Going Ahead, , , , , ,Cyclist and Driver travelling in same direction. One vehicle rear-ended the other.,Other,"Ability Impaired, Drugs", ,Yes, , , , , , , , , , , ,131,Rouge (131),508
-79.26779,43.707445,5801019,1146935,2009,2009-11-30T05:00:00.000Z,1430,14,DANFORTH Rd,BIRCHMOUNT Rd, ,Minor Arterial,Scarborough,20,0,0,41,0,0,43.707445,-79.26779,Mid-Block, ,No Control,Clear,Daylight,Dry,Non-Fatal Injury,Cyclist Collisions,Cyclist,55 to 59,Major,0,North,Bicycle,Going Ahead, , , , , ,"Cyclist loses control and strikes object (pole, ttc track)",Lost control,Unknown, ,Yes, , , , , , , , , , , ,120,Clairlea-Birchmount (120),509
-79.39779,43.648445,6726869,1280448,2011,2011-12-20T05:00:00.000Z,1430,14,QUEEN St W,CAMERON St, ,Major Arterial,Toronto and East York,10,0,0,14,0,0,43.648445,-79.39779,Mid-Block, ,No Control,Clear,Daylight,Dry,Non-Fatal Injury,Cyclist Collisions,Driver,20 to 24,None,0,East,"Automobile, Station Wagon",Parked,Other,Unknown, , , , , , , ,Yes,Yes, , , , , , , , , , ,77,Waterfront Communities-The Island (77),510
-79.39779,43.648445,6726870,1280448,2011,2011-12-20T05:00:00.000Z,1430,14,QUEEN St W,CAMERON St, ,Major Arterial,Toronto and East York,10,0,0,14,0,0,43.648445,-79.39779,Mid-Block, ,No Control,Clear,Daylight,Dry,Non-Fatal Injury,Cyclist Collisions,Cyclist,35 to 39,Major,0,East,Bicycle,Going Ahead, , , , , ,Cyclist struck opened vehicle door,Driving Properly,Unknown, ,Yes,Yes, , , , , , , , , , ,77,Waterfront Communities-The Island (77),511
-79.40529,43.643345,7403743,1289419,2012,2012-02-14T05:00:00.000Z,1430,14,KING St W,TECUMSETH St, ,Major Arterial,Toronto and East York,10,0,0,14,0,0,43.643345,-79.40529,Intersection,At Intersection,Traffic Signal,Clear,Daylight,Wet,Non-Fatal Injury,Cyclist Collisions,Driver,50 to 54,None,0,West,"Automobile, Station Wagon",Turning Left,Failed to Yield Right of Way,Inattentive, , , , , , , ,Yes,Yes, , , , , , ,Yes, , , ,82,Niagara (82),512
-79.40529,43.643345,7403744,1289419,2012,2012-02-14T05:00:00.000Z,1430,14,KING St W,TECUMSETH St, ,Major Arterial,Toronto and East York,10,0,0,14,0,0,43.643345,-79.40529,Intersection,At Intersection,Traffic Signal,Clear,Daylight,Wet,Non-Fatal Injury,Cyclist Collisions,Cyclist,20 to 24,Major,0,East,Bicycle,Going Ahead, , , , , ,Motorist turned left across cyclists path.,Driving Properly,Normal, ,Yes,Yes, , , , , , ,Yes, , , ,82,Niagara (82),513
-79.454875,43.688647,80948975,8001484332,2018,2018-08-12T04:00:00.000Z,1430,14,CHUDLEIGH RD,HARVIE AVE, ,Local,Toronto and East York,9,0,0,13,0,0,43.688647,-79.454875,Intersection,At Intersection,Stop Sign,Clear,Daylight,Dry,Non-Fatal Injury,Cyclist Collisions,Cyclist,30 to 34,Major,0,North,Bicycle,Going Ahead, , , , , ,Motorist turned left across cyclists path.,Disobeyed Traffic Control,Normal, ,Yes,Yes, , , , , , , , , , ,109,Caledonia-Fairbank (109),514
-79.454875,43.688647,80948976,8001484332,2018,2018-08-12T04:00:00.000Z,1430,14,CHUDLEIGH RD,HARVIE AVE, ,Local,Toronto and East York,9,0,0,13,0,0,43.688647,-79.454875,Intersection,At Intersection,Stop Sign,Clear,Daylight,Dry,Non-Fatal Injury,Cyclist Collisions,Driver,25 to 29,None,0,West,"Automobile, Station Wagon",Turning Left,Driving Properly,Normal, , , , , , , ,Yes,Yes, , , , , , , , , , ,109,Caledonia-Fairbank (109),515
-79.37733,43.647772,80971825,8001771158,2018,2018-09-23T04:00:00.000Z,1430,14,YONGE ST,WELLINGTON  ST E, ,Major Arterial,Toronto and East York,13,0,0,"51,52",52,51,43.647772,-79.37733,Intersection,At Intersection,Traffic Signal,Clear,Daylight,Dry,Non-Fatal Injury,Cyclist Collisions,Driver,unknown,None,0,North,"Automobile, Station Wagon",Going Ahead,Failed to Yield Right of Way,Unknown, , , , , , , ,Yes,Yes, , , , , , ,Yes, , , ,75,Church-Yonge Corridor (75),516
-79.37733,43.647772,80971826,8001771158,2018,2018-09-23T04:00:00.000Z,1430,14,YONGE ST,WELLINGTON  ST E, ,Major Arterial,Toronto and East York,13,0,0,"51,52",52,51,43.647772,-79.37733,Intersection,At Intersection,Traffic Signal,Clear,Daylight,Dry,Non-Fatal Injury,Cyclist Collisions,Cyclist,20 to 24,Major,0,North,Bicycle,Slowing or Stopping, , , , , ,Cyclist and Driver travelling in same direction. One vehicle rear-ended the other.,Driving Properly,Normal, ,Yes,Yes, , , , , , ,Yes, , , ,75,Church-Yonge Corridor (75),517
-79.182796,43.760081,80158037,4001931404,2014,2014-04-21T04:00:00.000Z,1433,14,MORNINGSIDE AVE,GARDENTREE ST, ,Minor Arterial,Scarborough,2425,25,24,43,0,0,43.760081,-79.182796,Intersection,Non Intersection,No Control,Clear,Daylight,Dry,Non-Fatal Injury,Cyclist Collisions,Driver,30 to 34,None,0,North,"Automobile, Station Wagon",Turning Left,Improper Turn,Normal, , , , , , , ,Yes,Yes, , , , , , , , , , ,136,West Hill (136),518
-79.182796,43.760081,80158038,4001931404,2014,2014-04-21T04:00:00.000Z,1433,14,MORNINGSIDE AVE,GARDENTREE ST, ,Minor Arterial,Scarborough,2425,25,24,43,0,0,43.760081,-79.182796,Intersection,Non Intersection,No Control,Clear,Daylight,Dry,Non-Fatal Injury,Cyclist Collisions,Cyclist,55 to 59,Major,0,South,Bicycle,Going Ahead, , , , , ,Motorist turned left across cyclists path.,Driving Properly,Normal, ,Yes,Yes, , , , , , , , , , ,136,West Hill (136),519
-79.279659,43.694903,80199200,3001090818,2013,2013-12-04T05:00:00.000Z,1435,14,DENTON AVE,ROBINSON AVE, ,Collector,Scarborough,20,0,0,41,0,0,43.694903,-79.279659,Intersection,At Intersection,Stop Sign,Clear,Daylight,Dry,Non-Fatal Injury,Cyclist Collisions,Cyclist,25 to 29,Major,0,North,Bicycle,Going Ahead, , , , , ,"Cyclist without ROW rides into path of motorist at inter, lnwy, dwy-Cyclist not turn.",Failed to Yield Right of Way,Inattentive, ,Yes,Yes, , , , , , , , , , ,121,Oakridge (121),520
-79.279659,43.694903,80199201,3001090818,2013,2013-12-04T05:00:00.000Z,1435,14,DENTON AVE,ROBINSON AVE, ,Collector,Scarborough,20,0,0,41,0,0,43.694903,-79.279659,Intersection,At Intersection,Stop Sign,Clear,Daylight,Dry,Non-Fatal Injury,Cyclist Collisions,Driver,55 to 59,None,0,West,"Automobile, Station Wagon",Going Ahead,Driving Properly,Normal, , , , , , , ,Yes,Yes, , , , , , , , , , ,121,Oakridge (121),521
-79.38629,43.650045,7486698,1324513,2012,2012-11-07T05:00:00.000Z,1437,14,RICHMOND ST W,UNIVERSITY AVE, ,Major Arterial,Toronto and East York,10,0,0,52,0,0,43.650045,-79.38629,Intersection,At Intersection,Traffic Signal,Clear,Daylight,Dry,Fatal,Cyclist Collisions,Vehicle Owner,unknown, ,0, ,Other, , , , , , , , , , ,Yes,Yes, , , , ,Yes, , , , , ,76,Bay Street Corridor (76),522
-79.38629,43.650045,7486699,1324513,2012,2012-11-07T05:00:00.000Z,1437,14,RICHMOND ST W,UNIVERSITY AVE, ,Major Arterial,Toronto and East York,10,0,0,52,0,0,43.650045,-79.38629,Intersection,At Intersection,Traffic Signal,Clear,Daylight,Dry,Fatal,Cyclist Collisions,Driver,30 to 34,None,0,North,"Automobile, Station Wagon",Going Ahead,Driving Properly,Normal, , , , , , , ,Yes,Yes, , , , ,Yes, , , , , ,76,Bay Street Corridor (76),523
-79.38629,43.650045,7486700,1324513,2012,2012-11-07T05:00:00.000Z,1437,14,RICHMOND ST W,UNIVERSITY AVE, ,Major Arterial,Toronto and East York,10,0,0,52,0,0,43.650045,-79.38629,Intersection,At Intersection,Traffic Signal,Clear,Daylight,Dry,Fatal,Cyclist Collisions,Passenger,35 to 39,None,0, ,Other, , , , , , , , , , ,Yes,Yes, , , , ,Yes, , , , , ,76,Bay Street Corridor (76),524
-79.38629,43.650045,7486701,1324513,2012,2012-11-07T05:00:00.000Z,1437,14,RICHMOND ST W,UNIVERSITY AVE, ,Major Arterial,Toronto and East York,10,0,0,52,0,0,43.650045,-79.38629,Intersection,At Intersection,Traffic Signal,Clear,Daylight,Dry,Fatal,Cyclist Collisions,Cyclist,55 to 59,Fatal,38,West,Bicycle,Going Ahead, , , , , ,"Cyclist without ROW rides into path of motorist at inter, lnwy, dwy-Cyclist not turn.",Disobeyed Traffic Control,Unknown, ,Yes,Yes, , , , ,Yes, , , , , ,76,Bay Street Corridor (76),525
-79.39049,43.659845,5293332,1128125,2009,2009-09-01T04:00:00.000Z,1440,14,UNIVERSITY AVE,COLLEGE ST, ,Major Arterial,Toronto and East York,11,0,0,52,0,0,43.659845,-79.39049,Intersection,At Intersection,Traffic Signal,Clear,Daylight,Dry,Non-Fatal Injury,Cyclist Collisions,Driver,25 to 29,Minimal,0,South,"Automobile, Station Wagon",Going Ahead,Driving Properly,Normal, , , , , , , ,Yes,Yes, , , , , , , , , , ,78,Kensington-Chinatown (78),526
-79.39049,43.659845,5293333,1128125,2009,2009-09-01T04:00:00.000Z,1440,14,UNIVERSITY AVE,COLLEGE ST, ,Major Arterial,Toronto and East York,11,0,0,52,0,0,43.659845,-79.39049,Intersection,At Intersection,Traffic Signal,Clear,Daylight,Dry,Non-Fatal Injury,Cyclist Collisions,Cyclist,45 to 49,Major,0,East,Bicycle,Going Ahead, , , , , ,"Cyclist without ROW rides into path of motorist at inter, lnwy, dwy-Cyclist not turn.",Disobeyed Traffic Control,Inattentive, ,Yes,Yes, , , , , , , , , , ,78,Kensington-Chinatown (78),527
-79.47529,43.648845,6722737,1275736,2011,2011-11-24T05:00:00.000Z,1440,14,RUNNYMEDE RD,DEFOREST RD, ,Collector,Toronto and East York,4,0,0,11,0,0,43.648845,-79.47529,Intersection, ,Stop Sign,Clear,Daylight,Dry,Non-Fatal Injury,Cyclist Collisions,Vehicle Owner,unknown, ,0, ,Other, , , , , , , , , , ,Yes, , , ,Yes, , , , , , , ,87,High Park-Swansea (87),528
-79.47529,43.648845,6722738,1275736,2011,2011-11-24T05:00:00.000Z,1440,14,RUNNYMEDE RD,DEFOREST RD, ,Collector,Toronto and East York,4,0,0,11,0,0,43.648845,-79.47529,Intersection, ,Stop Sign,Clear,Daylight,Dry,Non-Fatal Injury,Cyclist Collisions,Driver,50 to 54,None,0,North,Municipal Transit Bus (TTC),Going Ahead,Driving Properly,Normal, , , , , , , ,Yes, , , ,Yes, , , , , , , ,87,High Park-Swansea (87),529
-79.47529,43.648845,6722739,1275736,2011,2011-11-24T05:00:00.000Z,1440,14,RUNNYMEDE RD,DEFOREST RD, ,Collector,Toronto and East York,4,0,0,11,0,0,43.648845,-79.47529,Intersection, ,Stop Sign,Clear,Daylight,Dry,Non-Fatal Injury,Cyclist Collisions,Cyclist,55 to 59,Major,0,North,Bicycle,Other, , , , , ,Cyclist and Driver travelling in same direction. One vehicle rear-ended the other.,Other,Normal, ,Yes, , , ,Yes, , , , , , , ,87,High Park-Swansea (87),530
-79.37669,43.649345,7528256,1316027,2012,2012-09-06T04:00:00.000Z,1440,14,KING ST E,VICTORIA ST, ,Major Arterial,Toronto and East York,13,0,0,51,0,0,43.649345,-79.37669,Intersection,At Intersection,No Control,Clear,Daylight,Dry,Non-Fatal Injury,Cyclist Collisions,Vehicle Owner,unknown, ,0, ,Other, , , , , , , , , , ,Yes,Yes, , , , , , ,Yes, , , ,75,Church-Yonge Corridor (75),531
-79.37669,43.649345,7528257,1316027,2012,2012-09-06T04:00:00.000Z,1440,14,KING ST E,VICTORIA ST, ,Major Arterial,Toronto and East York,13,0,0,51,0,0,43.649345,-79.37669,Intersection,At Intersection,No Control,Clear,Daylight,Dry,Non-Fatal Injury,Cyclist Collisions,Driver,60 to 64,None,0,East,"Automobile, Station Wagon",Turning Left,Failed to Yield Right of Way,Unknown, , , , , , , ,Yes,Yes, , , , , , ,Yes, , , ,75,Church-Yonge Corridor (75),532
-79.37669,43.649345,7528258,1316027,2012,2012-09-06T04:00:00.000Z,1440,14,KING ST E,VICTORIA ST, ,Major Arterial,Toronto and East York,13,0,0,51,0,0,43.649345,-79.37669,Intersection,At Intersection,No Control,Clear,Daylight,Dry,Non-Fatal Injury,Cyclist Collisions,Cyclist,20 to 24,Major,0,West,Bicycle,Going Ahead, , , , , ,Motorist turned left across cyclists path.,Driving Properly,Normal, ,Yes,Yes, , , , , , ,Yes, , , ,75,Church-Yonge Corridor (75),533
-79.44529,43.651145,5237766,1103828,2009,2009-03-28T04:00:00.000Z,1444,14,DUNDAS ST W,SORAUREN AVE, ,Minor Arterial,Toronto and East York,4,0,0,11,0,0,43.651145,-79.44529,Intersection, ,No Control,Clear,Daylight,Dry,Non-Fatal Injury,Cyclist Collisions,Driver,unknown,None,0,West,"Automobile, Station Wagon",Unknown,Failed to Yield Right of Way,Unknown, , , , , , , ,Yes,Yes, , , , , , ,Yes, , , ,86,Roncesvalles (86),534
-79.44529,43.651145,5237767,1103828,2009,2009-03-28T04:00:00.000Z,1444,14,DUNDAS ST W,SORAUREN AVE, ,Minor Arterial,Toronto and East York,4,0,0,11,0,0,43.651145,-79.44529,Intersection, ,No Control,Clear,Daylight,Dry,Non-Fatal Injury,Cyclist Collisions,Cyclist,30 to 34,Major,0,West,Bicycle,Going Ahead, , , , , ,Cyclist and Driver travelling in same direction. One vehicle sideswipes the other.,Driving Properly,Normal, ,Yes,Yes, , , , , , ,Yes, , , ,86,Roncesvalles (86),535
-79.368961,43.643866,7864312,1375838,2013,2013-07-04T04:00:00.000Z,1444,14,QUEENS QUAY E,LOWER JARVIS ST, ,Minor Arterial,Toronto and East York,10,0,0,"00,51",51,0,43.643866,-79.368961,Intersection,At Intersection,Traffic Signal,Clear,Daylight,Dry,Non-Fatal Injury,Cyclist Collisions,Driver,30 to 34,None,0,East,"Automobile, Station Wagon",Turning Left,Failed to Yield Right of Way,Normal, , , , , , , ,Yes,Yes, , , , , , ,Yes, , , ,77,Waterfront Communities-The Island (77),536
-79.368961,43.643866,7864313,1375838,2013,2013-07-04T04:00:00.000Z,1444,14,QUEENS QUAY E,LOWER JARVIS ST, ,Minor Arterial,Toronto and East York,10,0,0,"00,51",51,0,43.643866,-79.368961,Intersection,At Intersection,Traffic Signal,Clear,Daylight,Dry,Non-Fatal Injury,Cyclist Collisions,Cyclist,50 to 54,Major,0,West,Bicycle,Going Ahead, , , , , ,Motorist turned left across cyclists path.,Disobeyed Traffic Control,Normal, ,Yes,Yes, , , , , , ,Yes, , , ,77,Waterfront Communities-The Island (77),537