X,Y,Index_,ACCNUM,YEAR,DATE,TIME,Hour,STREET1,STREET2,OFFSET,ROAD_CLASS,District,WardNum,WardNum_X,WardNum_Y,Division,Division_X,Division_Y,LATITUDE,LONGITUDE,LOCCOORD,ACCLOC,TRAFFCTL,VISIBILITY,LIGHT,RDSFCOND,ACCLASS,IMPACTYPE,INVTYPE,INVAGE,INJURY,FATAL_NO,INITDIR,VEHTYPE,MANOEUVER,DRIVACT,DRIVCOND,PEDTYPE,PEDACT,PEDCOND,CYCLISTYPE,CYCACT,CYCCOND,PEDESTRIAN,CYCLIST,AUTOMOBILE,MOTORCYCLE,TRUCK,TRSN_CITY_,EMERG_VEH,PASSENGER,SPEEDING,AG_DRIV,REDLIGHT,ALCOHOL,DISABILITY,Hood_ID,Neighbourh,ObjectId
-79.399661,43.648055,7783241,1340591,2013,2013-02-13T05:00:00.000Z,1626,16,QUEEN ST W,AUGUSTA AVE, ,Major Arterial,Toronto and East York,10,0,0,14,0,0,43.648055,-79.399661,Intersection, ,Traffic Signal,Clear,Daylight,Dry,Non-Fatal Injury,Cyclist Collisions,Driver,45 to 49,Major,0,North,"Automobile, Station Wagon",Going Ahead,Driving Properly,Normal, , , , , , , ,Yes,Yes, , , , , , ,Yes,Yes, , ,77,Waterfront Communities-The Island (77),699
-79.399661,43.648055,7783242,1340591,2013,2013-02-13T05:00:00.000Z,1626,16,QUEEN ST W,AUGUSTA AVE, ,Major Arterial,Toronto and East York,10,0,0,14,0,0,43.648055,-79.399661,Intersection, ,Traffic Signal,Clear,Daylight,Dry,Non-Fatal Injury,Cyclist Collisions,Vehicle Owner,unknown, ,0, ,Other, , , , , , , , , , ,Yes,Yes, , , , , , ,Yes,Yes, , ,77,Waterfront Communities-The Island (77),700
-79.399661,43.648055,7783243,1340591,2013,2013-02-13T05:00:00.000Z,1626,16,QUEEN ST W,AUGUSTA AVE, ,Major Arterial,Toronto and East York,10,0,0,14,0,0,43.648055,-79.399661,Intersection, ,Traffic Signal,Clear,Daylight,Dry,Non-Fatal Injury,Cyclist Collisions,Driver,20 to 24,Minimal,0,East,"Automobile, Station Wagon",Going Ahead,Disobeyed Traffic Control,Normal, , , , , , , ,Yes,Yes, , , , , , ,Yes,Yes, , ,77,Waterfront Communities-The Island (77),701
-79.399661,43.648055,7783244,1340591,2013,2013-02-13T05:00:00.000Z,1626,16,QUEEN ST W,AUGUSTA AVE, ,Major Arterial,Toronto and East York,10,0,0,14,0,0,43.648055,-79.399661,Intersection, ,Traffic Signal,Clear,Daylight,Dry,Non-Fatal Injury,Cyclist Collisions,Other Property Owner,unknown, ,0, ,Other, , , , , , , , , , ,Yes,Yes, , , , , , ,Yes,Yes, , ,77,Waterfront Communities-The Island (77),702
-79.399661,43.648055,7783245,1340591,2013,2013-02-13T05:00:00.000Z,1626,16,QUEEN ST W,AUGUSTA AVE, ,Major Arterial,Toronto and East York,10,0,0,14,0,0,43.648055,-79.399661,Intersection, ,Traffic Signal,Clear,Daylight,Dry,Non-Fatal Injury,Cyclist Collisions,Cyclist,20 to 24,Major,0,West,Bicycle,Stopped, , , , , ,"Motorist without ROW drives into path of cyclist at inter, lnwy, dwy-Driver not turn.",Driving Properly,Normal, ,Yes,Yes, , , , , , ,Yes,Yes, , ,77,Waterfront Communities-The Island (77),703
-79.33969,43.723445,6669027,1250979,2011,2011-07-15T04:00:00.000Z,1630,16,DON MILLS RD,WYNFORD DR, ,Major Arterial,North York,16,0,0,33,0,0,43.723445,-79.33969,Mid-Block, ,No Control,Clear,Daylight,Dry,Non-Fatal Injury,Cyclist Collisions,Driver,55 to 59,None,0,North,"Automobile, Station Wagon",Going Ahead,Following too Close,Inattentive, , , , , , , ,Yes,Yes, , , , , , ,Yes, , , ,42,Banbury-Don Mills (42),704
-79.33969,43.723445,6669028,1250979,2011,2011-07-15T04:00:00.000Z,1630,16,DON MILLS RD,WYNFORD DR, ,Major Arterial,North York,16,0,0,33,0,0,43.723445,-79.33969,Mid-Block, ,No Control,Clear,Daylight,Dry,Non-Fatal Injury,Cyclist Collisions,Cyclist,30 to 34,Major,0,North,Bicycle,Going Ahead, , , , , ,Cyclist and Driver travelling in same direction. One vehicle rear-ended the other.,Driving Properly,Normal, ,Yes,Yes, , , , , , ,Yes, , , ,42,Banbury-Don Mills (42),705
-79.44809,43.652145,7474373,1319338,2012,2012-08-30T04:00:00.000Z,1630,16,DUNDAS ST W,HOWARD PARK AVE, ,Minor Arterial,Toronto and East York,4,0,0,11,0,0,43.652145,-79.44809,Intersection,At Intersection,Traffic Signal,Clear,Daylight,Dry,Non-Fatal Injury,Cyclist Collisions,Driver,65 to 69,None,0,West,"Automobile, Station Wagon",Going Ahead,Driving Properly,Normal, , , , , , , ,Yes,Yes, , , , , , , , , , ,86,Roncesvalles (86),706
-79.44809,43.652145,7474374,1319338,2012,2012-08-30T04:00:00.000Z,1630,16,DUNDAS ST W,HOWARD PARK AVE, ,Minor Arterial,Toronto and East York,4,0,0,11,0,0,43.652145,-79.44809,Intersection,At Intersection,Traffic Signal,Clear,Daylight,Dry,Non-Fatal Injury,Cyclist Collisions,Cyclist,15 to 19,Major,0,East,Bicycle,Turning Left, , , , , ,Cyclist turned left across motorists path.,Improper Turn,Normal, ,Yes,Yes, , , , , , , , , , ,86,Roncesvalles (86),707
-79.58678,43.687876,80769812,7001207044,2017,2017-07-06T04:00:00.000Z,835,8,DIXON  RD,SKYWAY  AVE, ,Major Arterial,Etobicoke York,1,0,0,23,0,0,43.687876,-79.58678,Intersection,At Intersection,Traffic Signal,Clear,Daylight,Dry,Non-Fatal Injury,Cyclist Collisions,Cyclist,20 to 24,None,0,West,Bicycle,Going Ahead, , , , , ,Motorist turning right on red at signalized intersection strikes cyclist.,Other,Normal, ,Yes,Yes, , , , , , ,Yes, , , ,1,West Humber-Clairville (1),708
-79.56529,43.737245,7454959,1311042,2012,2012-07-13T04:00:00.000Z,640,6,ALBION RD,ISLINGTON AVE, ,Major Arterial,Etobicoke York,1,0,0,23,0,0,43.737245,-79.56529,Intersection,At Intersection,Traffic Signal,Clear,Daylight,Dry,Non-Fatal Injury,Cyclist Collisions,Cyclist,35 to 39,Major,0,West,Bicycle,Going Ahead, , , , , ,"Motorist without ROW drives into path of cyclist at inter, lnwy, dwy-Driver not turn.",Driving Properly,Normal, ,Yes,Yes, , , , , , ,Yes, , , ,3,Thistletown-Beaumond Heights (3),709
-79.29729,43.825945,7848165,1368851,2013,2013-06-11T04:00:00.000Z,836,8,STEELES AVE E,MIDLAND AVE, ,Major Arterial,Scarborough,2223,23,22,42,0,0,43.825945,-79.29729,Intersection,At Intersection,Traffic Signal,Clear,Daylight,Dry,Non-Fatal Injury,Cyclist Collisions,Driver,35 to 39,None,0,East,"Automobile, Station Wagon",Going Ahead,Disobeyed Traffic Control,Normal, , , , , , , ,Yes,Yes, , , , , , ,Yes,Yes, , ,130,Milliken (130),710
-79.448291,43.671546,7542674,1327099,2012,2012-11-23T05:00:00.000Z,643,6,DAVENPORT RD,LANSDOWNE AVE, ,Minor Arterial,Toronto and East York,9,0,0,13,0,0,43.671546,-79.448291,Intersection,At Intersection,Traffic Signal,Clear,"Dark, artificial",Dry,Fatal,Cyclist Collisions,Cyclist,35 to 39,Fatal,39,North,Bicycle,Going Ahead, , , , , ,"Cyclist without ROW rides into path of motorist at inter, lnwy, dwy-Cyclist not turn.", , , ,Yes,Yes, , , , , , ,Yes,Yes, , ,93,Dovercourt-Wallace Emerson-Junction (93),711
-79.29729,43.825945,7848166,1368851,2013,2013-06-11T04:00:00.000Z,836,8,STEELES AVE E,MIDLAND AVE, ,Major Arterial,Scarborough,2223,23,22,42,0,0,43.825945,-79.29729,Intersection,At Intersection,Traffic Signal,Clear,Daylight,Dry,Non-Fatal Injury,Cyclist Collisions,Cyclist,60 to 64,Major,0,West,Bicycle,Turning Left, , , , , ,"Motorist without ROW drives into path of cyclist at inter, lnwy, dwy-Driver not turn.",Driving Properly,Normal, ,Yes,Yes, , , , , , ,Yes,Yes, , ,130,Milliken (130),712
-79.448291,43.671546,7542675,1327099,2012,2012-11-23T05:00:00.000Z,643,6,DAVENPORT RD,LANSDOWNE AVE, ,Minor Arterial,Toronto and East York,9,0,0,13,0,0,43.671546,-79.448291,Intersection,At Intersection,Traffic Signal,Clear,"Dark, artificial",Dry,Fatal,Cyclist Collisions,Driver,60 to 64,None,0,East,Passenger Van,Going Ahead,Disobeyed Traffic Control,Normal, , , , , , , ,Yes,Yes, , , , , , ,Yes,Yes, , ,93,Dovercourt-Wallace Emerson-Junction (93),713
-79.382777,43.642623,80161719,4002168339,2014,2014-05-28T04:00:00.000Z,837,8,BREMNER BLVD,GRAND TRUNK CRES, ,Minor Arterial,Toronto and East York,10,0,0,52,0,0,43.642623,-79.382777,Intersection,Non Intersection,No Control,Clear,Daylight,Dry,Non-Fatal Injury,Cyclist Collisions,Driver,65 to 69,Major,0,East,"Automobile, Station Wagon",Going Ahead,Improper Passing,Normal, , , , , , , ,Yes,Yes, , , , , , ,Yes, , , ,77,Waterfront Communities-The Island (77),714
-79.382777,43.642623,80161720,4002168339,2014,2014-05-28T04:00:00.000Z,837,8,BREMNER BLVD,GRAND TRUNK CRES, ,Minor Arterial,Toronto and East York,10,0,0,52,0,0,43.642623,-79.382777,Intersection,Non Intersection,No Control,Clear,Daylight,Dry,Non-Fatal Injury,Cyclist Collisions,Cyclist,50 to 54,Major,0,East,Bicycle,Going Ahead, , , , , ,Cyclist and Driver travelling in same direction. One vehicle rear-ended the other.,Driving Properly,Normal, ,Yes,Yes, , , , , , ,Yes, , , ,77,Waterfront Communities-The Island (77),715
-79.390285,43.647845,80562726,6001000870,2016,2016-06-09T04:00:00.000Z,837,8,ADELAIDE ST W,JOHN ST, ,Major Arterial,Toronto and East York,10,0,0,52,0,0,43.647845,-79.390285,Intersection,Intersection Related,Traffic Signal,Clear,Daylight,Dry,Non-Fatal Injury,Cyclist Collisions,Driver,50 to 54,None,0,East,"Automobile, Station Wagon",Turning Right,Improper Turn,Inattentive, , , , , , , ,Yes,Yes, , , , , , , , , , ,77,Waterfront Communities-The Island (77),716
-79.390285,43.647845,80562727,6001000870,2016,2016-06-09T04:00:00.000Z,837,8,ADELAIDE ST W,JOHN ST, ,Major Arterial,Toronto and East York,10,0,0,52,0,0,43.647845,-79.390285,Intersection,Intersection Related,Traffic Signal,Clear,Daylight,Dry,Non-Fatal Injury,Cyclist Collisions,Cyclist,35 to 39,Major,0,East,Bicycle,Going Ahead, , , , , ,Motorist turning right on green or amber at signalized intersection strikes cyclist.,Driving Properly,Normal, ,Yes,Yes, , , , , , , , , , ,77,Waterfront Communities-The Island (77),717
-79.38209,43.659045,7529354,1325529,2012,2012-11-13T05:00:00.000Z,844,8,GERRARD ST E,YONGE ST, ,Major Arterial,Toronto and East York,1113,13,11,"51,52",52,51,43.659045,-79.38209,Intersection,At Intersection,Traffic Signal,Clear,Daylight,Dry,Non-Fatal Injury,Cyclist Collisions,Vehicle Owner,unknown, ,0, ,Other, , , , , , , , , , ,Yes, , ,Yes, , , , , , , , ,75,Church-Yonge Corridor (75),718
-79.38209,43.659045,7529355,1325529,2012,2012-11-13T05:00:00.000Z,844,8,GERRARD ST E,YONGE ST, ,Major Arterial,Toronto and East York,1113,13,11,"51,52",52,51,43.659045,-79.38209,Intersection,At Intersection,Traffic Signal,Clear,Daylight,Dry,Non-Fatal Injury,Cyclist Collisions,Truck Driver,35 to 39,None,0,West,Truck - Open,Turning Right,Improper Turn,Normal, , , , , , , ,Yes, , ,Yes, , , , , , , , ,75,Church-Yonge Corridor (75),719
-79.38209,43.659045,7529356,1325529,2012,2012-11-13T05:00:00.000Z,844,8,GERRARD ST E,YONGE ST, ,Major Arterial,Toronto and East York,1113,13,11,"51,52",52,51,43.659045,-79.38209,Intersection,At Intersection,Traffic Signal,Clear,Daylight,Dry,Non-Fatal Injury,Cyclist Collisions,Cyclist,35 to 39,Major,0,West,Bicycle,Going Ahead, , , , , ,Motorist turning right on green or amber at signalized intersection strikes cyclist.,Other,Unknown, ,Yes, , ,Yes, , , , , , , , ,75,Church-Yonge Corridor (75),720
-79.340617,43.691332,80782535,7001651562,2017,2017-09-12T04:00:00.000Z,844,8,COSBURN AVE,LESMOUNT AVE, ,Minor Arterial,Toronto and East York,14,0,0,54,0,0,43.691332,-79.340617,Intersection,At Intersection,No Control,Clear,Daylight,Dry,Non-Fatal Injury,Cyclist Collisions,Truck Driver,45 to 49,None,0,West,"Truck - Closed (Blazer, etc)",Turning Right,Improper Turn,Normal, , , , , , , ,Yes, , ,Yes, , , , , , , , ,59,Danforth East York (59),721
-79.340617,43.691332,80782536,7001651562,2017,2017-09-12T04:00:00.000Z,844,8,COSBURN AVE,LESMOUNT AVE, ,Minor Arterial,Toronto and East York,14,0,0,54,0,0,43.691332,-79.340617,Intersection,At Intersection,No Control,Clear,Daylight,Dry,Non-Fatal Injury,Cyclist Collisions,Cyclist,35 to 39,Major,0,West,Bicycle,Going Ahead, , , , , ,"Motorist turns right at non-signal Inter.(stop, yield, no cont.,and dwy) and strikes cyclist.",Driving Properly,Normal, ,Yes, , ,Yes, , , , , , , , ,59,Danforth East York (59),722
-79.26519,43.827345,6700764,1264906,2011,2011-09-16T04:00:00.000Z,845,8,MIDDLEFIELD RD,PASSMORE AVE, ,Minor Arterial,Scarborough,23,0,0,42,0,0,43.827345,-79.26519,Intersection,At Intersection,Traffic Signal,Clear,Daylight,Dry,Non-Fatal Injury,Cyclist Collisions,Driver,60 to 64,None,0,West,"Automobile, Station Wagon",Stopped,Driving Properly,Normal, , , , , , , ,Yes,Yes, , , , , , ,Yes, , , ,130,Milliken (130),723
-79.26519,43.827345,6700765,1264906,2011,2011-09-16T04:00:00.000Z,845,8,MIDDLEFIELD RD,PASSMORE AVE, ,Minor Arterial,Scarborough,23,0,0,42,0,0,43.827345,-79.26519,Intersection,At Intersection,Traffic Signal,Clear,Daylight,Dry,Non-Fatal Injury,Cyclist Collisions,Vehicle Owner,unknown, ,0, ,Other, , , , , , , , , , ,Yes,Yes, , , , , , ,Yes, , , ,130,Milliken (130),724
-79.26519,43.827345,6700766,1264906,2011,2011-09-16T04:00:00.000Z,845,8,MIDDLEFIELD RD,PASSMORE AVE, ,Minor Arterial,Scarborough,23,0,0,42,0,0,43.827345,-79.26519,Intersection,At Intersection,Traffic Signal,Clear,Daylight,Dry,Non-Fatal Injury,Cyclist Collisions,Driver,60 to 64,None,0,South,"Automobile, Station Wagon",Turning Left,Failed to Yield Right of Way,Inattentive, , , , , , , ,Yes,Yes, , , , , , ,Yes, , , ,130,Milliken (130),725
-79.26519,43.827345,6700767,1264906,2011,2011-09-16T04:00:00.000Z,845,8,MIDDLEFIELD RD,PASSMORE AVE, ,Minor Arterial,Scarborough,23,0,0,42,0,0,43.827345,-79.26519,Intersection,At Intersection,Traffic Signal,Clear,Daylight,Dry,Non-Fatal Injury,Cyclist Collisions,Cyclist,75 to 79,Major,0,North,Bicycle,Going Ahead, , , , , ,Motorist turned left across cyclists path.,Driving Properly,Normal, ,Yes,Yes, , , , , , ,Yes, , , ,130,Milliken (130),726
-79.30649,43.713545,7430633,1301011,2012,2012-05-01T04:00:00.000Z,845,8,O CONNOR Dr,BERMONDSEY RD, ,Major Arterial,Toronto and East York,19,0,0,54,0,0,43.713545,-79.30649,Mid-Block, ,No Control,Clear,Daylight,Dry,Non-Fatal Injury,Cyclist Collisions,Vehicle Owner,unknown, ,0, ,Other, , , , , , , , , , ,Yes,Yes, , , , , , , , , , ,54,O'Connor-Parkview (54),727
-79.30649,43.713545,7430634,1301011,2012,2012-05-01T04:00:00.000Z,845,8,O CONNOR Dr,BERMONDSEY RD, ,Major Arterial,Toronto and East York,19,0,0,54,0,0,43.713545,-79.30649,Mid-Block, ,No Control,Clear,Daylight,Dry,Non-Fatal Injury,Cyclist Collisions,Driver,35 to 39,None,0,South,"Automobile, Station Wagon",Turning Right,Improper Turn,Inattentive, , , , , , , ,Yes,Yes, , , , , , , , , , ,54,O'Connor-Parkview (54),728
-79.30649,43.713545,7430635,1301011,2012,2012-05-01T04:00:00.000Z,845,8,O CONNOR Dr,BERMONDSEY RD, ,Major Arterial,Toronto and East York,19,0,0,54,0,0,43.713545,-79.30649,Mid-Block, ,No Control,Clear,Daylight,Dry,Non-Fatal Injury,Cyclist Collisions,Cyclist,50 to 54,Major,0,South,Bicycle,Going Ahead, , , , , ,"Motorist turns right at non-signal Inter.(stop, yield, no cont.,and dwy) and strikes cyclist.",Driving Properly,Normal, ,Yes,Yes, , , , , , , , , , ,54,O'Connor-Parkview (54),729
-79.328082,43.671061,7882204,1383479,2013,2013-08-23T04:00:00.000Z,845,8,GREENWOOD AVE,GERRARD ST E, ,Minor Arterial,Toronto and East York,14,0,0,55,0,0,43.671061,-79.328082,Intersection, ,No Control,Clear,Daylight,Dry,Non-Fatal Injury,Turning Movement,Vehicle Owner,unknown, ,0, ,Other, , , , , , , , , , ,Yes,Yes, , , , , , ,Yes, , , ,70,South Riverdale (70),730
-79.328082,43.671061,7882205,1383479,2013,2013-08-23T04:00:00.000Z,845,8,GREENWOOD AVE,GERRARD ST E, ,Minor Arterial,Toronto and East York,14,0,0,55,0,0,43.671061,-79.328082,Intersection, ,No Control,Clear,Daylight,Dry,Non-Fatal Injury,Turning Movement,Driver,25 to 29,None,0,South,"Automobile, Station Wagon",Turning Right,Failed to Yield Right of Way,Inattentive, , , , , , , ,Yes,Yes, , , , , , ,Yes, , , ,70,South Riverdale (70),731
-79.328082,43.671061,7882206,1383479,2013,2013-08-23T04:00:00.000Z,845,8,GREENWOOD AVE,GERRARD ST E, ,Minor Arterial,Toronto and East York,14,0,0,55,0,0,43.671061,-79.328082,Intersection, ,No Control,Clear,Daylight,Dry,Non-Fatal Injury,Turning Movement,Moped Driver,40 to 44,Major,0,South,Moped,Going Ahead,Driving Properly,Normal, , , , , , , ,Yes,Yes, , , , , , ,Yes, , , ,70,South Riverdale (70),732
-79.42467,43.679186,80632458,6000853484,2016,2016-05-18T04:00:00.000Z,845,8,580 CHRISTIE ST, ,2 m East of,Minor Arterial,Toronto and East York,12,0,0,13,0,0,43.679186,-79.42467,Mid-Block,At/Near Private Drive,No Control,Clear,Daylight,Dry,Non-Fatal Injury,Cyclist Collisions,Driver,30 to 34,None,0,North,Delivery Van,Turning Left,Failed to Yield Right of Way,Other, , , , , , , ,Yes,Yes, , , , ,Yes, ,Yes, , , ,94,Wychwood (94),733
-79.42467,43.679186,80632459,6000853484,2016,2016-05-18T04:00:00.000Z,845,8,580 CHRISTIE ST, ,2 m East of,Minor Arterial,Toronto and East York,12,0,0,13,0,0,43.679186,-79.42467,Mid-Block,At/Near Private Drive,No Control,Clear,Daylight,Dry,Non-Fatal Injury,Cyclist Collisions,Cyclist,20 to 24,Major,0,South,Bicycle,Going Ahead, , , , , ,Motorist turned left across cyclists path.,Driving Properly,Normal, ,Yes,Yes, , , , ,Yes, ,Yes, , , ,94,Wychwood (94),734
-79.42467,43.679186,80632460,6000853484,2016,2016-05-18T04:00:00.000Z,845,8,580 CHRISTIE ST, ,2 m East of,Minor Arterial,Toronto and East York,12,0,0,13,0,0,43.679186,-79.42467,Mid-Block,At/Near Private Drive,No Control,Clear,Daylight,Dry,Non-Fatal Injury,Cyclist Collisions,Passenger,30 to 34,None,0, , , , , , , , , , , , ,Yes,Yes, , , , ,Yes, ,Yes, , , ,94,Wychwood (94),735
-79.346919,43.65082,80896795,7000501083,2017,2017-03-21T04:00:00.000Z,845,8,LAKE SHORE BLVD E,DON ROADWAY,16 m East of,Expressway,Toronto and East York,14,0,0,"51,55",55,51,43.65082,-79.346919,Intersection,At Intersection,Traffic Signal,Clear,Daylight,Dry,Non-Fatal Injury,Cyclist Collisions,Driver,65 to 69,None,0,East,"Automobile, Station Wagon",Going Ahead,Driving Properly,Normal, , , , , , , ,Yes,Yes, , , , , , , , , , ,70,South Riverdale (70),736
-79.346919,43.65082,80896796,7000501083,2017,2017-03-21T04:00:00.000Z,845,8,LAKE SHORE BLVD E,DON ROADWAY,16 m East of,Expressway,Toronto and East York,14,0,0,"51,55",55,51,43.65082,-79.346919,Intersection,At Intersection,Traffic Signal,Clear,Daylight,Dry,Non-Fatal Injury,Cyclist Collisions,Cyclist,50 to 54,Major,0,South,Bicycle,Going Ahead, , , , , ,"Cyclist without ROW rides into path of motorist at inter, lnwy, dwy-Cyclist not turn.",Disobeyed Traffic Control,Inattentive, ,Yes,Yes, , , , , , , , , , ,70,South Riverdale (70),737
-79.37909,43.645945,7515517,1321368,2012,2012-09-17T04:00:00.000Z,851,8,BAY St,FRONT St W, ,Major Arterial,Toronto and East York,1013,13,10,52,0,0,43.645945,-79.37909,Intersection,At Intersection,Traffic Signal,Clear,Daylight,Dry,Non-Fatal Injury,Cyclist Collisions,Vehicle Owner,unknown, ,0, ,Other, , , , , , , , , , ,Yes, , ,Yes, , , , ,Yes, , , ,77,Waterfront Communities-The Island (77),738
-79.37909,43.645945,7515518,1321368,2012,2012-09-17T04:00:00.000Z,851,8,BAY St,FRONT St W, ,Major Arterial,Toronto and East York,1013,13,10,52,0,0,43.645945,-79.37909,Intersection,At Intersection,Traffic Signal,Clear,Daylight,Dry,Non-Fatal Injury,Cyclist Collisions,Truck Driver,45 to 49,None,0,North,Truck - Open,Overtaking,Improper Passing,Inattentive, , , , , , , ,Yes, , ,Yes, , , , ,Yes, , , ,77,Waterfront Communities-The Island (77),739
-79.37909,43.645945,7515519,1321368,2012,2012-09-17T04:00:00.000Z,851,8,BAY St,FRONT St W, ,Major Arterial,Toronto and East York,1013,13,10,52,0,0,43.645945,-79.37909,Intersection,At Intersection,Traffic Signal,Clear,Daylight,Dry,Non-Fatal Injury,Cyclist Collisions,Other,unknown,None,0, ,Other, , , , , , , , , , ,Yes, , ,Yes, , , , ,Yes, , , ,77,Waterfront Communities-The Island (77),740
-79.37909,43.645945,7515520,1321368,2012,2012-09-17T04:00:00.000Z,851,8,BAY St,FRONT St W, ,Major Arterial,Toronto and East York,1013,13,10,52,0,0,43.645945,-79.37909,Intersection,At Intersection,Traffic Signal,Clear,Daylight,Dry,Non-Fatal Injury,Cyclist Collisions,Other Property Owner,unknown, ,0, ,Other, , , , , , , , , , ,Yes, , ,Yes, , , , ,Yes, , , ,77,Waterfront Communities-The Island (77),741
-79.37909,43.645945,7515521,1321368,2012,2012-09-17T04:00:00.000Z,851,8,BAY St,FRONT St W, ,Major Arterial,Toronto and East York,1013,13,10,52,0,0,43.645945,-79.37909,Intersection,At Intersection,Traffic Signal,Clear,Daylight,Dry,Non-Fatal Injury,Cyclist Collisions,Cyclist,25 to 29,Major,0,North,Bicycle,Going Ahead, , , , , ,Cyclist and Driver travelling in same direction. One vehicle sideswipes the other.,Driving Properly,Normal, ,Yes, , ,Yes, , , , ,Yes, , , ,77,Waterfront Communities-The Island (77),742
-79.42829,43.674745,7791137,1344579,2013,2013-01-19T05:00:00.000Z,852,8,DAVENPORT RD,SHAW ST, ,Minor Arterial,Toronto and East York,12,0,0,13,0,0,43.674745,-79.42829,Intersection,At Intersection,Pedestrian Crossover,Clear,Dark,Wet,Non-Fatal Injury,Cyclist Collisions,Driver,60 to 64,None,0,West,"Automobile, Station Wagon",Turning Left,Failed to Yield Right of Way,Inattentive, , , , , , , ,Yes,Yes, , , , , , ,Yes, , , ,94,Wychwood (94),743
-79.42829,43.674745,7791138,1344579,2013,2013-01-19T05:00:00.000Z,852,8,DAVENPORT RD,SHAW ST, ,Minor Arterial,Toronto and East York,12,0,0,13,0,0,43.674745,-79.42829,Intersection,At Intersection,Pedestrian Crossover,Clear,Dark,Wet,Non-Fatal Injury,Cyclist Collisions,Cyclist,25 to 29,Major,0,East,Bicycle,Going Ahead, , , , , ,Motorist turned left across cyclists path.,Driving Properly,Normal, ,Yes,Yes, , , , , , ,Yes, , , ,94,Wychwood (94),744
-79.40269,43.643945,5384787,1049415,2008,2008-06-12T04:00:00.000Z,853,8,KING Stre W,BATHURST Stre, ,Major Arterial,Toronto and East York,10,0,0,14,0,0,43.643945,-79.40269,Intersection,At Intersection,Traffic Signal,Clear,Daylight,Dry,Non-Fatal Injury,Cyclist Collisions,Driver,30 to 34,None,0,East,"Automobile, Station Wagon",Stopped,Driving Properly,Normal, , , , , , , ,Yes,Yes, , , , , , , , , , ,77,Waterfront Communities-The Island (77),745
-79.40269,43.643945,5384788,1049415,2008,2008-06-12T04:00:00.000Z,853,8,KING Stre W,BATHURST Stre, ,Major Arterial,Toronto and East York,10,0,0,14,0,0,43.643945,-79.40269,Intersection,At Intersection,Traffic Signal,Clear,Daylight,Dry,Non-Fatal Injury,Cyclist Collisions,Cyclist,40 to 44,Major,0,East,Bicycle,Going Ahead, , , , , ,Cyclist and Driver travelling in same direction. One vehicle sideswipes the other.,Lost control,Normal, ,Yes,Yes, , , , , , , , , , ,77,Waterfront Communities-The Island (77),746
-79.38819,43.703245,6159377,1176088,2010,2010-05-20T04:00:00.000Z,855,8,MOUNT PLEASANT RD,PENROSE RD, ,Major Arterial,Toronto and East York,1215,15,12,53,0,0,43.703245,-79.38819,Intersection,At Intersection,No Control,Clear,Daylight,Dry,Non-Fatal Injury,Turning Movement,Moped Driver,20 to 24,Major,0,South,Moped,Going Ahead,Driving Properly,Normal, , , , , , , ,Yes,Yes, , , , , ,Yes,Yes, , , ,104,Mount Pleasant West (104),747
-79.38819,43.703245,6159378,1176088,2010,2010-05-20T04:00:00.000Z,855,8,MOUNT PLEASANT RD,PENROSE RD, ,Major Arterial,Toronto and East York,1215,15,12,53,0,0,43.703245,-79.38819,Intersection,At Intersection,No Control,Clear,Daylight,Dry,Non-Fatal Injury,Turning Movement,Vehicle Owner,unknown, ,0, ,Other, , , , , , , , , , ,Yes,Yes, , , , , ,Yes,Yes, , , ,104,Mount Pleasant West (104),748
-79.38819,43.703245,6159379,1176088,2010,2010-05-20T04:00:00.000Z,855,8,MOUNT PLEASANT RD,PENROSE RD, ,Major Arterial,Toronto and East York,1215,15,12,53,0,0,43.703245,-79.38819,Intersection,At Intersection,No Control,Clear,Daylight,Dry,Non-Fatal Injury,Turning Movement,Driver,45 to 49,None,0,North,"Automobile, Station Wagon",Turning Left,Improper Turn,Normal, , , , , , , ,Yes,Yes, , , , , ,Yes,Yes, , , ,104,Mount Pleasant West (104),749
-79.341571,43.664771,80776452,7000906394,2017,2017-05-23T04:00:00.000Z,900,9,DUNDAS ST E,CARLAW AVE, ,Minor Arterial,Toronto and East York,14,0,0,55,0,0,43.664771,-79.341571,Intersection,At Intersection,Traffic Signal,Clear,Daylight,Dry,Non-Fatal Injury,Cyclist Collisions,Cyclist,20 to 24,Major,0,West,Bicycle,Going Ahead, , , , , ,"Cyclist without ROW rides into path of motorist at inter, lnwy, dwy-Cyclist not turn.",Disobeyed Traffic Control,Unknown, ,Yes,Yes, , , , , , , , , , ,70,South Riverdale (70),750
-79.341571,43.664771,80776453,7000906394,2017,2017-05-23T04:00:00.000Z,900,9,DUNDAS ST E,CARLAW AVE, ,Minor Arterial,Toronto and East York,14,0,0,55,0,0,43.664771,-79.341571,Intersection,At Intersection,Traffic Signal,Clear,Daylight,Dry,Non-Fatal Injury,Cyclist Collisions,Driver,35 to 39,None,0,East,"Automobile, Station Wagon",Turning Left,Other,Normal, , , , , , , ,Yes,Yes, , , , , , , , , , ,70,South Riverdale (70),751
-79.341571,43.664771,80776454,7000906394,2017,2017-05-23T04:00:00.000Z,900,9,DUNDAS ST E,CARLAW AVE, ,Minor Arterial,Toronto and East York,14,0,0,55,0,0,43.664771,-79.341571,Intersection,At Intersection,Traffic Signal,Clear,Daylight,Dry,Non-Fatal Injury,Cyclist Collisions,Driver,55 to 59,None,0,East,"Automobile, Station Wagon",Turning Left,Driving Properly,Normal, , , , , , , ,Yes,Yes, , , , , , , , , , ,70,South Riverdale (70),752