X,Y,Index_,ACCNUM,YEAR,DATE,TIME,Hour,STREET1,STREET2,OFFSET,ROAD_CLASS,District,WardNum,WardNum_X,WardNum_Y,Division,Division_X,Division_Y,LATITUDE,LONGITUDE,LOCCOORD,ACCLOC,TRAFFCTL,VISIBILITY,LIGHT,RDSFCOND,ACCLASS,IMPACTYPE,INVTYPE,INVAGE,INJURY,FATAL_NO,INITDIR,VEHTYPE,MANOEUVER,DRIVACT,DRIVCOND,PEDTYPE,PEDACT,PEDCOND,CYCLISTYPE,CYCACT,CYCCOND,PEDESTRIAN,CYCLIST,AUTOMOBILE,MOTORCYCLE,TRUCK,TRSN_CITY_,EMERG_VEH,PASSENGER,SPEEDING,AG_DRIV,REDLIGHT,ALCOHOL,DISABILITY,Hood_ID,Neighbourh,ObjectId
-79.394641,43.658881,80916051,7000825036,2017,2017-05-10T04:00:00.000Z,900,9,COLLEGE  ST,HENRY ST, ,Major Arterial,Toronto and East York,11,0,0,52,0,0,43.658881,-79.394641,Intersection,At Intersection,No Control,Clear,Daylight,Dry,Non-Fatal Injury,Cyclist Collisions,Cyclist,25 to 29,Major,0,East,Bicycle,Going Ahead, , , , , ,Motorist turned left across cyclists path.,Driving Properly,Normal, ,Yes,Yes, , , , , , ,Yes, , , ,78,Kensington-Chinatown (78),753
-79.394641,43.658881,80916052,7000825036,2017,2017-05-10T04:00:00.000Z,900,9,COLLEGE  ST,HENRY ST, ,Major Arterial,Toronto and East York,11,0,0,52,0,0,43.658881,-79.394641,Intersection,At Intersection,No Control,Clear,Daylight,Dry,Non-Fatal Injury,Cyclist Collisions,Driver,30 to 34,None,0,West,"Automobile, Station Wagon",Turning Left,Failed to Yield Right of Way,Normal, , , , , , , ,Yes,Yes, , , , , , ,Yes, , , ,78,Kensington-Chinatown (78),754
-79.422397,43.673976,80972828,8001781427,2018,2018-09-26T04:00:00.000Z,900,9,MELITA AV,CHRISTIE ST, ,Minor Arterial,Toronto and East York,12,0,0,13,0,0,43.673976,-79.422397,Intersection,At Intersection,Stop Sign,Clear,Daylight,Dry,Non-Fatal Injury,Cyclist Collisions,Driver,35 to 39,None,0,North,"Automobile, Station Wagon",Turning Left,Driving Properly,Normal, , , , , , , ,Yes,Yes, , , , , , , , , , ,94,Wychwood (94),755
-79.422397,43.673976,80972829,8001781427,2018,2018-09-26T04:00:00.000Z,900,9,MELITA AV,CHRISTIE ST, ,Minor Arterial,Toronto and East York,12,0,0,13,0,0,43.673976,-79.422397,Intersection,At Intersection,Stop Sign,Clear,Daylight,Dry,Non-Fatal Injury,Cyclist Collisions,Cyclist,20 to 24,Major,0,South,Bicycle,Going Ahead, , , , , , ,Speed too Fast For Condition,Normal, ,Yes,Yes, , , , , , , , , , ,94,Wychwood (94),756
-79.300037,43.825247,80984563,8002149511,2018,2018-11-22T05:00:00.000Z,900,9,STEELES AVE E,SILVER STAR BLVD,3 m  of,Major Arterial,Scarborough,22,0,0,42,0,0,43.825247,-79.300037,Intersection,At Intersection,Traffic Signal,Clear,Daylight,Dry,Non-Fatal Injury,Cyclist Collisions,Driver,45 to 49,None,0,South,"Automobile, Station Wagon",Turning Left,Failed to Yield Right of Way,Inattentive, , , , , , , ,Yes,Yes, , , , ,Yes, ,Yes, , , ,130,Milliken (130),757
-79.300037,43.825247,80984564,8002149511,2018,2018-11-22T05:00:00.000Z,900,9,STEELES AVE E,SILVER STAR BLVD,3 m  of,Major Arterial,Scarborough,22,0,0,42,0,0,43.825247,-79.300037,Intersection,At Intersection,Traffic Signal,Clear,Daylight,Dry,Non-Fatal Injury,Cyclist Collisions,Cyclist,65 to 69,Major,0,North,Bicycle,Going Ahead, , , , , ,Motorist turned left across cyclists path.,Driving Properly,Normal, ,Yes,Yes, , , , ,Yes, ,Yes, , , ,130,Milliken (130),758
-79.300037,43.825247,80984565,8002149511,2018,2018-11-22T05:00:00.000Z,900,9,STEELES AVE E,SILVER STAR BLVD,3 m  of,Major Arterial,Scarborough,22,0,0,42,0,0,43.825247,-79.300037,Intersection,At Intersection,Traffic Signal,Clear,Daylight,Dry,Non-Fatal Injury,Cyclist Collisions,Passenger,60 to 64,None,0, , , , , , , , , , , , ,Yes,Yes, , , , ,Yes, ,Yes, , , ,130,Milliken (130),759
-79.27009,43.737445,6194867,1191013,2010,2010-09-23T04:00:00.000Z,902,9,KENNEDY Road,BERTRAND Aven, ,Major Arterial,Scarborough,21,0,0,41,0,0,43.737445,-79.27009,Intersection,At Intersection,Traffic Signal,Clear,Daylight,Dry,Non-Fatal Injury,Cyclist Collisions,Driver,25 to 29,None,0,North,"Automobile, Station Wagon",Going Ahead,Disobeyed Traffic Control,Inattentive, , , , , , , ,Yes,Yes, , , , , , ,Yes,Yes, , ,125,Ionview (125),760
-79.27009,43.737445,6194868,1191013,2010,2010-09-23T04:00:00.000Z,902,9,KENNEDY Road,BERTRAND Aven, ,Major Arterial,Scarborough,21,0,0,41,0,0,43.737445,-79.27009,Intersection,At Intersection,Traffic Signal,Clear,Daylight,Dry,Non-Fatal Injury,Cyclist Collisions,Cyclist,50 to 54,Major,0,West,Bicycle,Turning Left, , , , , ,"Motorist without ROW drives into path of cyclist at inter, lnwy, dwy-Driver not turn.",Driving Properly,Normal, ,Yes,Yes, , , , , , ,Yes,Yes, , ,125,Ionview (125),761
-79.33849,43.693845,6661293,1247766,2011,2011-08-05T04:00:00.000Z,902,9,GREENWOOD AVE,PLAINS RD, ,Collector,Toronto and East York,14,0,0,54,0,0,43.693845,-79.33849,Intersection,At Intersection,Stop Sign,Clear,Daylight,Dry,Fatal,Cyclist Collisions,Vehicle Owner,unknown, ,0, ,Other, , , , , , , , , , ,Yes,Yes, , , , , , ,Yes, , , ,58,Old East York (58),762
-79.33849,43.693845,6661294,1247766,2011,2011-08-05T04:00:00.000Z,902,9,GREENWOOD AVE,PLAINS RD, ,Collector,Toronto and East York,14,0,0,54,0,0,43.693845,-79.33849,Intersection,At Intersection,Stop Sign,Clear,Daylight,Dry,Fatal,Cyclist Collisions,Driver,80 to 84,None,0,South,"Automobile, Station Wagon",Going Ahead,Failed to Yield Right of Way,Inattentive, , , , , , , ,Yes,Yes, , , , , , ,Yes, , , ,58,Old East York (58),763
-79.33849,43.693845,6661295,1247766,2011,2011-08-05T04:00:00.000Z,902,9,GREENWOOD AVE,PLAINS RD, ,Collector,Toronto and East York,14,0,0,54,0,0,43.693845,-79.33849,Intersection,At Intersection,Stop Sign,Clear,Daylight,Dry,Fatal,Cyclist Collisions,Cyclist,80 to 84,Fatal,16,West,Bicycle,Going Ahead, , , , , ,"Motorist without ROW drives into path of cyclist at inter, lnwy, dwy-Driver not turn.",Driving Properly,Normal, ,Yes,Yes, , , , , , ,Yes, , , ,58,Old East York (58),764
-79.278529,43.785277,80632217,6001699155,2016,2016-09-24T04:00:00.000Z,903,9,MIDLAND AVE,SHEPPARD AVE E, ,Major Arterial,Scarborough,2223,23,22,42,0,0,43.785277,-79.278529,Intersection,At Intersection,Traffic Signal,Clear,Daylight,Dry,Non-Fatal Injury,Cyclist Collisions,Cyclist,10 to 14,Major,0,North,Bicycle,Going Ahead, , , , , ,Motorist turned left across cyclists path.,Other,Inattentive, ,Yes,Yes, , , , ,Yes, , , , , ,128,Agincourt South-Malvern West (128),765
-79.278529,43.785277,80632218,6001699155,2016,2016-09-24T04:00:00.000Z,903,9,MIDLAND AVE,SHEPPARD AVE E, ,Major Arterial,Scarborough,2223,23,22,42,0,0,43.785277,-79.278529,Intersection,At Intersection,Traffic Signal,Clear,Daylight,Dry,Non-Fatal Injury,Cyclist Collisions,Driver,70 to 74,None,0,South,"Automobile, Station Wagon",Turning Left,Improper Turn,Inattentive, , , , , , , ,Yes,Yes, , , , ,Yes, , , , , ,128,Agincourt South-Malvern West (128),766
-79.278529,43.785277,80632219,6001699155,2016,2016-09-24T04:00:00.000Z,903,9,MIDLAND AVE,SHEPPARD AVE E, ,Major Arterial,Scarborough,2223,23,22,42,0,0,43.785277,-79.278529,Intersection,At Intersection,Traffic Signal,Clear,Daylight,Dry,Non-Fatal Injury,Cyclist Collisions,Passenger,70 to 74,None,0, , , , , , , , , , , , ,Yes,Yes, , , , ,Yes, , , , , ,128,Agincourt South-Malvern West (128),767
-79.38659,43.650845,6209549,1197349,2010,2010-07-29T04:00:00.000Z,905,9,UNIVERSITY AVE,QUEEN ST W, ,Major Arterial,Toronto and East York,10,0,0,52,0,0,43.650845,-79.38659,Intersection,At Intersection,Traffic Signal,Clear,Daylight,Dry,Non-Fatal Injury,Cyclist Collisions,Driver,50 to 54,None,0,North,"Automobile, Station Wagon",Going Ahead,Disobeyed Traffic Control,Inattentive, , , , , , , ,Yes,Yes, , , , , , ,Yes,Yes, , ,76,Bay Street Corridor (76),768
-79.38659,43.650845,6209550,1197349,2010,2010-07-29T04:00:00.000Z,905,9,UNIVERSITY AVE,QUEEN ST W, ,Major Arterial,Toronto and East York,10,0,0,52,0,0,43.650845,-79.38659,Intersection,At Intersection,Traffic Signal,Clear,Daylight,Dry,Non-Fatal Injury,Cyclist Collisions,Cyclist,35 to 39,Major,0,West,Bicycle,Going Ahead, , , , , ,"Motorist without ROW drives into path of cyclist at inter, lnwy, dwy-Driver not turn.",Disobeyed Traffic Control,Inattentive, ,Yes,Yes, , , , , , ,Yes,Yes, , ,76,Bay Street Corridor (76),769
-79.431827,43.63795,80784510,7001855401,2017,2017-10-18T04:00:00.000Z,906,9,COWAN AVE,KING  ST W, ,Major Arterial,Toronto and East York,4,0,0,14,0,0,43.63795,-79.431827,Intersection,At Intersection,Stop Sign,Clear,Daylight,Dry,Fatal,Cyclist Collisions,Cyclist,35 to 39,Fatal,50,East,Bicycle,Going Ahead, , , , , ,"Motorist without ROW drives into path of cyclist at inter, lnwy, dwy-Driver not turn.",Driving Properly,Normal, ,Yes,Yes, , ,Yes, , , ,Yes, , , ,85,South Parkdale (85),770
-79.431827,43.63795,80784511,7001855401,2017,2017-10-18T04:00:00.000Z,906,9,COWAN AVE,KING  ST W, ,Major Arterial,Toronto and East York,4,0,0,14,0,0,43.63795,-79.431827,Intersection,At Intersection,Stop Sign,Clear,Daylight,Dry,Fatal,Cyclist Collisions,Driver,25 to 29,None,0,South,Pick Up Truck,Going Ahead,Failed to Yield Right of Way,Normal, , , , , , , ,Yes,Yes, , ,Yes, , , ,Yes, , , ,85,South Parkdale (85),771
-79.431827,43.63795,80784512,7001855401,2017,2017-10-18T04:00:00.000Z,906,9,COWAN AVE,KING  ST W, ,Major Arterial,Toronto and East York,4,0,0,14,0,0,43.63795,-79.431827,Intersection,At Intersection,Stop Sign,Clear,Daylight,Dry,Fatal,Cyclist Collisions,Driver,50 to 54,None,0,West,Street Car,Going Ahead,Driving Properly,Normal, , , , , , , ,Yes,Yes, , ,Yes, , , ,Yes, , , ,85,South Parkdale (85),772
-79.36299,43.660145,6170349,1180878,2010,2010-06-08T04:00:00.000Z,908,9,DUNDAS ST E,SACKVILLE ST, ,Major Arterial,Toronto and East York,13,0,0,51,0,0,43.660145,-79.36299,Intersection, ,No Control,Clear,Daylight,Dry,Non-Fatal Injury,Cyclist Collisions,Driver,35 to 39,None,0,West,"Automobile, Station Wagon",Overtaking,Improper Passing,Normal, , , , , , , ,Yes,Yes, , , , , , ,Yes, , , ,72,Regent Park (72),773
-79.36299,43.660145,6170350,1180878,2010,2010-06-08T04:00:00.000Z,908,9,DUNDAS ST E,SACKVILLE ST, ,Major Arterial,Toronto and East York,13,0,0,51,0,0,43.660145,-79.36299,Intersection, ,No Control,Clear,Daylight,Dry,Non-Fatal Injury,Cyclist Collisions,Cyclist,40 to 44,Major,0,West,Bicycle,Going Ahead, , , , , ,Cyclist and Driver travelling in same direction. One vehicle sideswipes the other.,Driving Properly,Normal, ,Yes,Yes, , , , , , ,Yes, , , ,72,Regent Park (72),774
-79.39479,43.675045,6696926,1263273,2011,2011-09-08T04:00:00.000Z,910,9,DAVENPORT Rd,HAZELTON Ave, ,Major Arterial,Toronto and East York,11,0,0,53,0,0,43.675045,-79.39479,Intersection, ,No Control,Clear,Daylight,Dry,Non-Fatal Injury,Cyclist Collisions,Vehicle Owner,unknown, ,0, ,Other, , , , , , , , , , ,Yes, , , ,Yes, , , , , , , ,95,Annex (95),775
-79.39479,43.675045,6696927,1263273,2011,2011-09-08T04:00:00.000Z,910,9,DAVENPORT Rd,HAZELTON Ave, ,Major Arterial,Toronto and East York,11,0,0,53,0,0,43.675045,-79.39479,Intersection, ,No Control,Clear,Daylight,Dry,Non-Fatal Injury,Cyclist Collisions,Driver,45 to 49,None,0,East,Municipal Transit Bus (TTC),Going Ahead,Driving Properly,Normal, , , , , , , ,Yes, , , ,Yes, , , , , , , ,95,Annex (95),776
-79.39479,43.675045,6696928,1263273,2011,2011-09-08T04:00:00.000Z,910,9,DAVENPORT Rd,HAZELTON Ave, ,Major Arterial,Toronto and East York,11,0,0,53,0,0,43.675045,-79.39479,Intersection, ,No Control,Clear,Daylight,Dry,Non-Fatal Injury,Cyclist Collisions,Cyclist,30 to 34,Major,0,East,Bicycle,Overtaking, , , , , ,Cyclist and Driver travelling in same direction. One vehicle sideswipes the other.,Failed to Yield Right of Way,Normal, ,Yes, , , ,Yes, , , , , , , ,95,Annex (95),777
-79.521785,43.663966,80252198,5001711803,2015,2015-10-04T04:00:00.000Z,910,9,THE KINGSWAY,ANGLESEY BLVD, ,Collector,Etobicoke York,2,0,0,22,0,0,43.663966,-79.521785,Intersection,At Intersection,Stop Sign,Clear,Daylight,Dry,Non-Fatal Injury,Cyclist Collisions,Cyclist,45 to 49,Major,0,East,Bicycle,Going Ahead, , , , , ,"Cyclist without ROW rides into path of motorist at inter, lnwy, dwy-Cyclist not turn.",Disobeyed Traffic Control,Inattentive, ,Yes,Yes, , , , , , , , , , ,9,Edenbridge-Humber Valley (9),778
-79.521785,43.663966,80252199,5001711803,2015,2015-10-04T04:00:00.000Z,910,9,THE KINGSWAY,ANGLESEY BLVD, ,Collector,Etobicoke York,2,0,0,22,0,0,43.663966,-79.521785,Intersection,At Intersection,Stop Sign,Clear,Daylight,Dry,Non-Fatal Injury,Cyclist Collisions,Driver,30 to 34,None,0,North,"Automobile, Station Wagon",Going Ahead,Driving Properly,Normal, , , , , , , ,Yes,Yes, , , , , , , , , , ,9,Edenbridge-Humber Valley (9),779
-79.406146,43.698767,80564406,6001219608,2016,2016-07-12T04:00:00.000Z,910,9,AVENUE RD,CHAPLIN CRES,58 m South of,Major Arterial,Toronto and East York,12,0,0,53,0,0,43.698767,-79.406146,Intersection,Non Intersection,Traffic Signal,Clear,Daylight,Dry,Non-Fatal Injury,Cyclist Collisions,Cyclist,50 to 54,Major,0,East,Bicycle,Going Ahead, , , , , ,"Cyclist without ROW rides into path of motorist at inter, lnwy, dwy-Cyclist not turn.",Disobeyed Traffic Control,Inattentive, ,Yes,Yes, , , , , , , , , , ,100,Yonge-Eglinton (100),780
-79.401546,43.691004,80632162,6001558550,2016,2016-09-02T04:00:00.000Z,1630,16,LONSDALE RD,ORIOLE RD, ,Major Arterial,Toronto and East York,12,0,0,53,0,0,43.691004,-79.401546,Intersection,At Intersection,No Control,Clear,Daylight,Dry,Non-Fatal Injury,Cyclist Collisions,Driver,55 to 59,None,0,West,"Automobile, Station Wagon",Turning Left,Improper Turn,Inattentive, , , , , , , ,Yes,Yes, , , , , , , , , , ,97,Yonge-St.Clair (97),781
-79.406146,43.698767,80564407,6001219608,2016,2016-07-12T04:00:00.000Z,910,9,AVENUE RD,CHAPLIN CRES,58 m South of,Major Arterial,Toronto and East York,12,0,0,53,0,0,43.698767,-79.406146,Intersection,Non Intersection,Traffic Signal,Clear,Daylight,Dry,Non-Fatal Injury,Cyclist Collisions,Driver,50 to 54,None,0,North,"Automobile, Station Wagon",Going Ahead,Driving Properly,Normal, , , , , , , ,Yes,Yes, , , , , , , , , , ,100,Yonge-Eglinton (100),782
-79.373019,43.663119,80631995,5002189475,2015,2015-12-22T05:00:00.000Z,911,9,SHERBOURNE ST,CARLTON ST, ,Minor Arterial,Toronto and East York,13,0,0,51,0,0,43.663119,-79.373019,Intersection,At Intersection,Traffic Controller,Rain,Daylight,Wet,Non-Fatal Injury,Cyclist Collisions,Truck Driver,30 to 34,None,0,North,"Truck - Closed (Blazer, etc)",Turning Left,Failed to Yield Right of Way,Normal, , , , , , , ,Yes, , ,Yes, , , , ,Yes, , , ,73,Moss Park (73),783
-79.373019,43.663119,80631996,5002189475,2015,2015-12-22T05:00:00.000Z,911,9,SHERBOURNE ST,CARLTON ST, ,Minor Arterial,Toronto and East York,13,0,0,51,0,0,43.663119,-79.373019,Intersection,At Intersection,Traffic Controller,Rain,Daylight,Wet,Non-Fatal Injury,Cyclist Collisions,Cyclist,55 to 59,Major,0,South,Bicycle,Going Ahead, , , , , ,Motorist turned left across cyclists path.,Driving Properly,Normal, ,Yes, , ,Yes, , , , ,Yes, , , ,73,Moss Park (73),784
-79.26919,43.811645,6135979,1165679,2010,2010-04-29T04:00:00.000Z,916,9,SANDHURST CRCL,MCCOWAN RD, ,Major Arterial,Scarborough,23,0,0,42,0,0,43.811645,-79.26919,Intersection,At Intersection,Traffic Signal,Clear,Daylight,Dry,Non-Fatal Injury,Cyclist Collisions,Driver,60 to 64,None,0,West,"Automobile, Station Wagon",Turning Right,Failed to Yield Right of Way,Normal, , , , , , , ,Yes,Yes, , , , , , ,Yes, , , ,129,Agincourt North (129),785
-79.26919,43.811645,6135980,1165679,2010,2010-04-29T04:00:00.000Z,916,9,SANDHURST CRCL,MCCOWAN RD, ,Major Arterial,Scarborough,23,0,0,42,0,0,43.811645,-79.26919,Intersection,At Intersection,Traffic Signal,Clear,Daylight,Dry,Non-Fatal Injury,Cyclist Collisions,Cyclist,50 to 54,Major,0,South,Bicycle,Going Ahead, , , , , ,Motorist turning right on red at signalized intersection strikes cyclist.,Other,Normal, ,Yes,Yes, , , , , , ,Yes, , , ,129,Agincourt North (129),786
-79.463794,43.663642,80247399,5001375207,2015,2015-08-11T04:00:00.000Z,920,9,ANNETTE ST,KEELE ST, ,Major Arterial,Toronto and East York,4,0,0,11,0,0,43.663642,-79.463794,Intersection,At Intersection,Traffic Signal,Clear,Daylight,Dry,Non-Fatal Injury,Cyclist Collisions,Truck Driver,65 to 69,None,0,West,Truck - Open,Turning Right,Improper Turn,Inattentive, , , , , , , ,Yes, , ,Yes, , , , , , , , ,90,Junction Area (90),787
-79.463794,43.663642,80247400,5001375207,2015,2015-08-11T04:00:00.000Z,920,9,ANNETTE ST,KEELE ST, ,Major Arterial,Toronto and East York,4,0,0,11,0,0,43.663642,-79.463794,Intersection,At Intersection,Traffic Signal,Clear,Daylight,Dry,Non-Fatal Injury,Cyclist Collisions,Cyclist,55 to 59,Major,0,West,Bicycle,Going Ahead, , , , , ,Motorist turning right on green or amber at signalized intersection strikes cyclist.,Driving Properly,Normal, ,Yes, , ,Yes, , , , , , , , ,90,Junction Area (90),788
-79.43479,43.633945,6643674,1240382,2011,2011-06-24T04:00:00.000Z,930,9,JAMESON Aven,SPRINGHURST Aven, ,Minor Arterial,Toronto and East York,4,0,0,14,0,0,43.633945,-79.43479,Intersection,At Intersection,Stop Sign,Rain,Daylight,Wet,Non-Fatal Injury,Cyclist Collisions,Vehicle Owner,unknown, ,0, ,Other, , , , , , , , , , ,Yes, , , ,Yes, , , , , , , ,85,South Parkdale (85),789
-79.43479,43.633945,6643675,1240382,2011,2011-06-24T04:00:00.000Z,930,9,JAMESON Aven,SPRINGHURST Aven, ,Minor Arterial,Toronto and East York,4,0,0,14,0,0,43.633945,-79.43479,Intersection,At Intersection,Stop Sign,Rain,Daylight,Wet,Non-Fatal Injury,Cyclist Collisions,Driver,30 to 34,None,0,South,Municipal Transit Bus (TTC),Going Ahead,Driving Properly,Normal, , , , , , , ,Yes, , , ,Yes, , , , , , , ,85,South Parkdale (85),790
-79.43479,43.633945,6643676,1240382,2011,2011-06-24T04:00:00.000Z,930,9,JAMESON Aven,SPRINGHURST Aven, ,Minor Arterial,Toronto and East York,4,0,0,14,0,0,43.633945,-79.43479,Intersection,At Intersection,Stop Sign,Rain,Daylight,Wet,Non-Fatal Injury,Cyclist Collisions,Cyclist,40 to 44,Major,0,North,Bicycle,Turning Left, , , , , ,Cyclist turns right across motorists path,Improper Turn,Inattentive, ,Yes, , , ,Yes, , , , , , , ,85,South Parkdale (85),791
-79.467212,43.751868,8000010,3001005166,2013,2013-11-20T05:00:00.000Z,937,9,SHEPPARD AVE W,KODIAK CRES, ,Major Arterial,North York,6,0,0,32,0,0,43.751868,-79.467212,Intersection, ,Traffic Signal,Clear,Daylight,Dry,Fatal,Cyclist Collisions,Cyclist,20 to 24,Fatal,54,West,Bicycle,Going Ahead, , , , , ,"Motorist without ROW drives into path of cyclist at inter, lnwy, dwy-Driver not turn.",Driving Properly,Normal, ,Yes,Yes, , , , , ,Yes,Yes,Yes, , ,26,Downsview-Roding-CFB (26),792
-79.467212,43.751868,8000106,3001005166,2013,2013-11-20T05:00:00.000Z,937,9,SHEPPARD AVE W,KODIAK CRES, ,Major Arterial,North York,6,0,0,32,0,0,43.751868,-79.467212,Intersection, ,Traffic Signal,Clear,Daylight,Dry,Fatal,Cyclist Collisions,Driver,20 to 24, ,0,North,"Automobile, Station Wagon",Going Ahead,Disobeyed Traffic Control,Unknown, , , , , , , ,Yes,Yes, , , , , ,Yes,Yes,Yes, , ,26,Downsview-Roding-CFB (26),793
-79.36199,43.762645,6202656,1194376,2010,2010-09-10T04:00:00.000Z,940,9,2600 LESLIE St, , ,Expressway,North York,1516,16,15,33,0,0,43.762645,-79.36199,Mid-Block, ,No Control,Clear,Daylight,Dry,Non-Fatal Injury,Cyclist Collisions,Cyclist,45 to 49,Major,0,South,Bicycle,Going Ahead, , , , , ,"Cyclist loses control and strikes object (pole, ttc track)",Driving Properly,Normal, ,Yes, , , , , , , , , , , ,40,St.Andrew-Windfields (40),794
-79.39409,43.668745,5378234,1046603,2008,2008-06-12T04:00:00.000Z,945,9,AVENUE Road,BLOOR Stre W, ,Major Arterial,Toronto and East York,11,0,0,"53,52",52,53,43.668745,-79.39409,Intersection,At Intersection,Traffic Signal,Clear,Daylight,Dry,Non-Fatal Injury,Cyclist Collisions,Driver,35 to 39,None,0,North,"Automobile, Station Wagon",Going Ahead,Driving Properly,Normal, , , , , , , ,Yes,Yes, , , , , , , , , , ,95,Annex (95),795
-79.39409,43.668745,5378235,1046603,2008,2008-06-12T04:00:00.000Z,945,9,AVENUE Road,BLOOR Stre W, ,Major Arterial,Toronto and East York,11,0,0,"53,52",52,53,43.668745,-79.39409,Intersection,At Intersection,Traffic Signal,Clear,Daylight,Dry,Non-Fatal Injury,Cyclist Collisions,Cyclist,20 to 24,Major,0,East,Bicycle,Changing Lanes, , , , , ,"Cyclist without ROW rides into path of motorist at inter, lnwy, dwy-Cyclist not turn.",Disobeyed Traffic Control,Inattentive, ,Yes,Yes, , , , , , , , , , ,95,Annex (95),796
-79.365428,43.708598,7861168,1374452,2013,2013-07-08T04:00:00.000Z,945,9,SUTHERLAND DR,MCRAE DR, ,Collector,North York,15,0,0,53,0,0,43.708598,-79.365428,Intersection,At Intersection,Stop Sign,Clear,Daylight,Dry,Non-Fatal Injury,Cyclist Collisions,Driver,55 to 59,None,0,West, ,Going Ahead,Failed to Yield Right of Way,Normal, , , , , , , ,Yes, , , , , , , ,Yes, , , ,56,Leaside-Bennington (56),797
-79.365428,43.708598,7861169,1374452,2013,2013-07-08T04:00:00.000Z,945,9,SUTHERLAND DR,MCRAE DR, ,Collector,North York,15,0,0,53,0,0,43.708598,-79.365428,Intersection,At Intersection,Stop Sign,Clear,Daylight,Dry,Non-Fatal Injury,Cyclist Collisions,Cyclist,25 to 29,Major,0,North,Bicycle,Going Ahead, , , , , ,"Motorist without ROW drives into path of cyclist at inter, lnwy, dwy-Driver not turn.",Driving Properly,Normal, ,Yes, , , , , , , ,Yes, , , ,56,Leaside-Bennington (56),798
-79.46459,43.665345,6671870,1252206,2011,2011-08-31T04:00:00.000Z,946,9,DUNDAS ST W,KEELE ST, ,Major Arterial,Toronto and East York,4,0,0,11,0,0,43.665345,-79.46459,Intersection,At Intersection,Traffic Signal,Clear,Daylight,Dry,Non-Fatal Injury,Cyclist Collisions,Truck Driver,60 to 64,None,0,West,Truck - Open,Turning Right,Improper Turn,Inattentive, , , , , , , ,Yes, , ,Yes, , , , , , , , ,90,Junction Area (90),799
-79.46459,43.665345,6671871,1252206,2011,2011-08-31T04:00:00.000Z,946,9,DUNDAS ST W,KEELE ST, ,Major Arterial,Toronto and East York,4,0,0,11,0,0,43.665345,-79.46459,Intersection,At Intersection,Traffic Signal,Clear,Daylight,Dry,Non-Fatal Injury,Cyclist Collisions,Vehicle Owner,unknown, ,0, ,Other, , , , , , , , , , ,Yes, , ,Yes, , , , , , , , ,90,Junction Area (90),800
-79.46459,43.665345,6671872,1252206,2011,2011-08-31T04:00:00.000Z,946,9,DUNDAS ST W,KEELE ST, ,Major Arterial,Toronto and East York,4,0,0,11,0,0,43.665345,-79.46459,Intersection,At Intersection,Traffic Signal,Clear,Daylight,Dry,Non-Fatal Injury,Cyclist Collisions,Cyclist,70 to 74,Major,0,West,Bicycle,Going Ahead, , , , , ,Motorist turning right on green or amber at signalized intersection strikes cyclist.,Driving Properly,Normal, ,Yes, , ,Yes, , , , , , , , ,90,Junction Area (90),801
-79.315791,43.692645,7831270,1361719,2013,2013-05-07T04:00:00.000Z,948,9,WOODBINE AVE,MORTIMER AVE, ,Major Arterial,Toronto and East York,19,0,0,54,0,0,43.692645,-79.315791,Intersection, ,No Control,Clear,Daylight,Dry,Non-Fatal Injury,Cyclist Collisions,Vehicle Owner,unknown, ,0, , , , , , , , , , , , ,Yes,Yes, , , , , , , , , , ,60,Woodbine-Lumsden (60),802
-79.315791,43.692645,7831271,1361719,2013,2013-05-07T04:00:00.000Z,948,9,WOODBINE AVE,MORTIMER AVE, ,Major Arterial,Toronto and East York,19,0,0,54,0,0,43.692645,-79.315791,Intersection, ,No Control,Clear,Daylight,Dry,Non-Fatal Injury,Cyclist Collisions,Driver,55 to 59,None,0,South,"Automobile, Station Wagon",Going Ahead,Driving Properly,Normal, , , , , , , ,Yes,Yes, , , , , , , , , , ,60,Woodbine-Lumsden (60),803
-79.315791,43.692645,7831272,1361719,2013,2013-05-07T04:00:00.000Z,948,9,WOODBINE AVE,MORTIMER AVE, ,Major Arterial,Toronto and East York,19,0,0,54,0,0,43.692645,-79.315791,Intersection, ,No Control,Clear,Daylight,Dry,Non-Fatal Injury,Cyclist Collisions,Cyclist,20 to 24,Major,0,South,Bicycle,Going Ahead, , , , , ,"Cyclist loses control and strikes object (pole, ttc track)",Lost control,Normal, ,Yes,Yes, , , , , , , , , , ,60,Woodbine-Lumsden (60),804
-79.38079,43.649845,6807918,1279742,2011,2011-12-15T05:00:00.000Z,950,9,ADELAIDE St W,BAY St, ,Major Arterial,Toronto and East York,1013,13,10,52,0,0,43.649845,-79.38079,Intersection,At Intersection,Traffic Signal,Rain,Daylight,Wet,Non-Fatal Injury,Cyclist Collisions,Vehicle Owner,unknown, ,0, ,Other, , , , , , , , , , ,Yes,Yes, , , , , , , , , , ,76,Bay Street Corridor (76),805
-79.38079,43.649845,6807919,1279742,2011,2011-12-15T05:00:00.000Z,950,9,ADELAIDE St W,BAY St, ,Major Arterial,Toronto and East York,1013,13,10,52,0,0,43.649845,-79.38079,Intersection,At Intersection,Traffic Signal,Rain,Daylight,Wet,Non-Fatal Injury,Cyclist Collisions,Driver,40 to 44,None,0,East,"Automobile, Station Wagon",Going Ahead,Driving Properly,Normal, , , , , , , ,Yes,Yes, , , , , , , , , , ,76,Bay Street Corridor (76),806