X,Y,Index_,ACCNUM,YEAR,DATE,TIME,Hour,STREET1,STREET2,OFFSET,ROAD_CLASS,District,WardNum,WardNum_X,WardNum_Y,Division,Division_X,Division_Y,LATITUDE,LONGITUDE,LOCCOORD,ACCLOC,TRAFFCTL,VISIBILITY,LIGHT,RDSFCOND,ACCLASS,IMPACTYPE,INVTYPE,INVAGE,INJURY,FATAL_NO,INITDIR,VEHTYPE,MANOEUVER,DRIVACT,DRIVCOND,PEDTYPE,PEDACT,PEDCOND,CYCLISTYPE,CYCACT,CYCCOND,PEDESTRIAN,CYCLIST,AUTOMOBILE,MOTORCYCLE,TRUCK,TRSN_CITY_,EMERG_VEH,PASSENGER,SPEEDING,AG_DRIV,REDLIGHT,ALCOHOL,DISABILITY,Hood_ID,Neighbourh,ObjectId
-79.38079,43.649845,6807920,1279742,2011,2011-12-15T05:00:00.000Z,950,9,ADELAIDE St W,BAY St, ,Major Arterial,Toronto and East York,1013,13,10,52,0,0,43.649845,-79.38079,Intersection,At Intersection,Traffic Signal,Rain,Daylight,Wet,Non-Fatal Injury,Cyclist Collisions,Cyclist,40 to 44,Major,0,East,Bicycle,Merging, , , , , ,Cyclist and Driver travelling in same direction. One vehicle sideswipes the other.,Lost control,Inattentive, ,Yes,Yes, , , , , , , , , , ,76,Bay Street Corridor (76),807
-79.448291,43.671546,7542676,1327099,2012,2012-11-23T05:00:00.000Z,643,6,DAVENPORT RD,LANSDOWNE AVE, ,Minor Arterial,Toronto and East York,9,0,0,13,0,0,43.671546,-79.448291,Intersection,At Intersection,Traffic Signal,Clear,"Dark, artificial",Dry,Fatal,Cyclist Collisions,Driver,20 to 24,None,0,West,"Automobile, Station Wagon",Going Ahead,Driving Properly,Unknown, , , , , , , ,Yes,Yes, , , , , , ,Yes,Yes, , ,93,Dovercourt-Wallace Emerson-Junction (93),808
-79.311847,43.683406,80159333,4002017268,2014,2014-05-05T04:00:00.000Z,644,6,WOODBINE AVE,MERRILL AVE E, ,Major Arterial,Toronto and East York,19,0,0,55,0,0,43.683406,-79.311847,Intersection,Intersection Related,Stop Sign,Clear,Daylight,Dry,Non-Fatal Injury,Cyclist Collisions,Driver,25 to 29,None,0,East,"Automobile, Station Wagon",Turning Left,Failed to Yield Right of Way,Normal, , , , , , , ,Yes,Yes, , , , ,Yes, ,Yes, , , ,64,Woodbine Corridor (64),809
-79.401546,43.691004,80632163,6001558550,2016,2016-09-02T04:00:00.000Z,1630,16,LONSDALE RD,ORIOLE RD, ,Major Arterial,Toronto and East York,12,0,0,53,0,0,43.691004,-79.401546,Intersection,At Intersection,No Control,Clear,Daylight,Dry,Non-Fatal Injury,Cyclist Collisions,Cyclist,20 to 24,Major,0,East,Bicycle,Going Ahead, , , , , ,Motorist turned left across cyclists path.,Driving Properly,Normal, ,Yes,Yes, , , , , , , , , , ,97,Yonge-St.Clair (97),810
-79.311847,43.683406,80159334,4002017268,2014,2014-05-05T04:00:00.000Z,644,6,WOODBINE AVE,MERRILL AVE E, ,Major Arterial,Toronto and East York,19,0,0,55,0,0,43.683406,-79.311847,Intersection,Intersection Related,Stop Sign,Clear,Daylight,Dry,Non-Fatal Injury,Cyclist Collisions,Passenger,25 to 29,None,0, , , , , , , , , , , , ,Yes,Yes, , , , ,Yes, ,Yes, , , ,64,Woodbine Corridor (64),811
-79.47626,43.651065,80973255,8001918049,2018,2018-10-12T04:00:00.000Z,1630,16,BLOOR ST W,RUNNYMEDE RD, ,Major Arterial,Toronto and East York,4,0,0,11,0,0,43.651065,-79.47626,Intersection,At Intersection,Traffic Controller,Clear,Daylight,Dry,Non-Fatal Injury,Cyclist Collisions,Driver,75 to 79,None,0,West,"Automobile, Station Wagon",Turning Left,Failed to Yield Right of Way,Normal, , , , , , , ,Yes,Yes, , , , , , ,Yes, , , ,87,High Park-Swansea (87),812
-79.47626,43.651065,80973256,8001918049,2018,2018-10-12T04:00:00.000Z,1630,16,BLOOR ST W,RUNNYMEDE RD, ,Major Arterial,Toronto and East York,4,0,0,11,0,0,43.651065,-79.47626,Intersection,At Intersection,Traffic Controller,Clear,Daylight,Dry,Non-Fatal Injury,Cyclist Collisions,Cyclist,30 to 34,Major,0,East,Bicycle,Going Ahead, , , , , ,Motorist turned left across cyclists path.,Driving Properly,Normal, ,Yes,Yes, , , , , , ,Yes, , , ,87,High Park-Swansea (87),813
-79.497989,43.602343,7864812,1376061,2013,2013-09-18T04:00:00.000Z,1634,16,LAKE SHORE BLVD W,DWIGHT AVE, ,Major Arterial,Etobicoke York,3,0,0,22,0,0,43.602343,-79.497989,Intersection, ,No Control,Clear,Daylight,Dry,Fatal,Cyclist Collisions,Passenger,unknown,None,0, , , , , , , , , , , , ,Yes,Yes, , , , ,Yes, , , , , ,18,New Toronto (18),814
-79.497989,43.602343,7864813,1376061,2013,2013-09-18T04:00:00.000Z,1634,16,LAKE SHORE BLVD W,DWIGHT AVE, ,Major Arterial,Etobicoke York,3,0,0,22,0,0,43.602343,-79.497989,Intersection, ,No Control,Clear,Daylight,Dry,Fatal,Cyclist Collisions,Driver,60 to 64,None,0,East,"Automobile, Station Wagon",Going Ahead,Driving Properly,Normal, , , , , , , ,Yes,Yes, , , , ,Yes, , , , , ,18,New Toronto (18),815
-79.497989,43.602343,7864814,1376061,2013,2013-09-18T04:00:00.000Z,1634,16,LAKE SHORE BLVD W,DWIGHT AVE, ,Major Arterial,Etobicoke York,3,0,0,22,0,0,43.602343,-79.497989,Intersection, ,No Control,Clear,Daylight,Dry,Fatal,Cyclist Collisions,Cyclist,50 to 54,Fatal,41,West,Bicycle,Unknown, , , , , ,"Cyclist without ROW rides into path of motorist at inter, lnwy, dwy-Cyclist not turn.",Lost control,Unknown, ,Yes,Yes, , , , ,Yes, , , , , ,18,New Toronto (18),816
-79.399905,43.659789,80920030,7001512799,2017,2017-08-21T04:00:00.000Z,1634,16,SPADINA CRES,RUSSELL ST,30 m South of,Major Arterial,Toronto and East York,11,0,0,52,0,0,43.659789,-79.399905,Intersection,At Intersection,No Control,Clear,Daylight,Dry,Non-Fatal Injury,Cyclist Collisions,Cyclist,35 to 39,Major,0,North,Bicycle,Going Ahead, , , , , ,Cyclist and Driver travelling in same direction. One vehicle sideswipes the other.,Driving Properly,Unknown, ,Yes,Yes, , , , , ,Yes,Yes, , , ,79,University (79),817
-79.399905,43.659789,80920031,7001512799,2017,2017-08-21T04:00:00.000Z,1634,16,SPADINA CRES,RUSSELL ST,30 m South of,Major Arterial,Toronto and East York,11,0,0,52,0,0,43.659789,-79.399905,Intersection,At Intersection,No Control,Clear,Daylight,Dry,Non-Fatal Injury,Cyclist Collisions,Driver,25 to 29,None,0,North,Delivery Van,Going Ahead,Other,Unknown, , , , , , , ,Yes,Yes, , , , , ,Yes,Yes, , , ,79,University (79),818
-79.35889,43.676145,6237033,1208896,2010,2010-12-21T05:00:00.000Z,1639,16,DANFORTH Ave,BROADVIEW Ave, ,Major Arterial,Toronto and East York,14,0,0,"54,55",55,54,43.676145,-79.35889,Mid-Block, ,No Control,Clear,Daylight,Dry,Non-Fatal Injury,Cyclist Collisions,Vehicle Owner,unknown, ,0, ,Other, , , , , , , , , , ,Yes,Yes, , , , , , , , , , ,68,North Riverdale (68),819
-79.35889,43.676145,6237034,1208896,2010,2010-12-21T05:00:00.000Z,1639,16,DANFORTH Ave,BROADVIEW Ave, ,Major Arterial,Toronto and East York,14,0,0,"54,55",55,54,43.676145,-79.35889,Mid-Block, ,No Control,Clear,Daylight,Dry,Non-Fatal Injury,Cyclist Collisions,Driver,30 to 34,None,0,East,"Automobile, Station Wagon",Pulling Onto Shoulder or towardCurb,Improper Lane Change,Inattentive, , , , , , , ,Yes,Yes, , , , , , , , , , ,68,North Riverdale (68),820
-79.35889,43.676145,6237035,1208896,2010,2010-12-21T05:00:00.000Z,1639,16,DANFORTH Ave,BROADVIEW Ave, ,Major Arterial,Toronto and East York,14,0,0,"54,55",55,54,43.676145,-79.35889,Mid-Block, ,No Control,Clear,Daylight,Dry,Non-Fatal Injury,Cyclist Collisions,Cyclist,55 to 59,Major,0,East,Bicycle,Going Ahead, , , , , ,Cyclist and Driver travelling in same direction. One vehicle rear-ended the other.,Driving Properly,Normal, ,Yes,Yes, , , , , , , , , , ,68,North Riverdale (68),821
-79.443073,43.677951,7879593,1382388,2013,2013-08-13T04:00:00.000Z,1639,16,ST CLAIR AVE W,DUFFERIN ST, ,Major Arterial,Toronto and East York,9,0,0,13,0,0,43.677951,-79.443073,Intersection,At Intersection,Traffic Signal,Clear,Daylight,Dry,Non-Fatal Injury,Cyclist Collisions,Vehicle Owner,unknown, ,0, , , , , , , , , , , , ,Yes, , , ,Yes, , , , , , , ,92,Corso Italia-Davenport (92),822
-79.443073,43.677951,7879594,1382388,2013,2013-08-13T04:00:00.000Z,1639,16,ST CLAIR AVE W,DUFFERIN ST, ,Major Arterial,Toronto and East York,9,0,0,13,0,0,43.677951,-79.443073,Intersection,At Intersection,Traffic Signal,Clear,Daylight,Dry,Non-Fatal Injury,Cyclist Collisions,Driver,30 to 34,None,0,West,Street Car,Going Ahead,Driving Properly,Normal, , , , , , , ,Yes, , , ,Yes, , , , , , , ,92,Corso Italia-Davenport (92),823
-79.443073,43.677951,7879595,1382388,2013,2013-08-13T04:00:00.000Z,1639,16,ST CLAIR AVE W,DUFFERIN ST, ,Major Arterial,Toronto and East York,9,0,0,13,0,0,43.677951,-79.443073,Intersection,At Intersection,Traffic Signal,Clear,Daylight,Dry,Non-Fatal Injury,Cyclist Collisions,Cyclist,55 to 59,Major,0,South,Bicycle,Going Ahead, , , , , ,"Cyclist without ROW rides into path of motorist at inter, lnwy, dwy-Cyclist not turn.",Disobeyed Traffic Control,Inattentive, ,Yes, , , ,Yes, , , , , , , ,92,Corso Italia-Davenport (92),824
-79.43109,43.652845,6199887,1193217,2010,2010-09-02T04:00:00.000Z,1640,16,COLLEGE ST,GLADSTONE AVE, ,Major Arterial,Toronto and East York,9,0,0,14,0,0,43.652845,-79.43109,Intersection,At Intersection,No Control,Clear,Daylight,Dry,Non-Fatal Injury,Cyclist Collisions,Driver,40 to 44,None,0,West,"Automobile, Station Wagon",Going Ahead,Driving Properly,Normal, , , , , , , ,Yes,Yes, , , , , , , , , , ,84,Little Portugal (84),825
-79.43109,43.652845,6199888,1193217,2010,2010-09-02T04:00:00.000Z,1640,16,COLLEGE ST,GLADSTONE AVE, ,Major Arterial,Toronto and East York,9,0,0,14,0,0,43.652845,-79.43109,Intersection,At Intersection,No Control,Clear,Daylight,Dry,Non-Fatal Injury,Cyclist Collisions,Cyclist,45 to 49,Major,0,North,Bicycle,Going Ahead, , , , , ,"Cyclist without ROW rides into path of motorist at inter, lnwy, dwy-Cyclist not turn.",Other,Normal, ,Yes,Yes, , , , , , , , , , ,84,Little Portugal (84),826
-79.39189,43.641745,6675460,1253834,2011,2011-08-16T04:00:00.000Z,1640,16,BLUE JAYS WAY,NAVY WHARF CRT, ,Minor Arterial,Toronto and East York,10,0,0,52,0,0,43.641745,-79.39189,Intersection,At Intersection,No Control,Clear,Daylight,Dry,Non-Fatal Injury,Cyclist Collisions,Driver,unknown,None,0,West,"Automobile, Station Wagon",Going Ahead,Failed to Yield Right of Way,Unknown, , , , , , , ,Yes,Yes, , , , , , ,Yes, , , ,77,Waterfront Communities-The Island (77),827
-79.39189,43.641745,6675461,1253834,2011,2011-08-16T04:00:00.000Z,1640,16,BLUE JAYS WAY,NAVY WHARF CRT, ,Minor Arterial,Toronto and East York,10,0,0,52,0,0,43.641745,-79.39189,Intersection,At Intersection,No Control,Clear,Daylight,Dry,Non-Fatal Injury,Cyclist Collisions,Cyclist,25 to 29,Major,0,West,Bicycle,Turning Left, , , , , ,Cyclist turned left across motorists path.,Driving Properly,Normal, ,Yes,Yes, , , , , , ,Yes, , , ,77,Waterfront Communities-The Island (77),828
-79.52058,43.769675,80632070,6001333715,2016,2016-07-29T04:00:00.000Z,1645,16,JANE ST,SHOREHAM DR,121 m North of,Major Arterial,Etobicoke York,7,0,0,31,0,0,43.769675,-79.52058,Mid-Block,Non Intersection,No Control,Clear,Daylight,Dry,Non-Fatal Injury,Cyclist Collisions,Cyclist,30 to 34,None,0,East,Bicycle,Going Ahead, , , , , ,"Cyclist without ROW rides into path of motorist at inter, lnwy, dwy-Cyclist not turn.",Failed to Yield Right of Way,Inattentive, ,Yes,Yes, , , , , , , , , , ,24,Black Creek (24),829
-79.52058,43.769675,80632071,6001333715,2016,2016-07-29T04:00:00.000Z,1645,16,JANE ST,SHOREHAM DR,121 m North of,Major Arterial,Etobicoke York,7,0,0,31,0,0,43.769675,-79.52058,Mid-Block,Non Intersection,No Control,Clear,Daylight,Dry,Non-Fatal Injury,Cyclist Collisions,Driver,50 to 54,Major,0,South,"Automobile, Station Wagon",Going Ahead,Driving Properly,Normal, , , , , , , ,Yes,Yes, , , , , , , , , , ,24,Black Creek (24),830
-79.34059,43.679745,6668797,1250894,2011,2011-07-15T04:00:00.000Z,1655,16,DANFORTH Ave,LANGFORD Ave, ,Major Arterial,Toronto and East York,14,0,0,"54,55",55,54,43.679745,-79.34059,Intersection, ,No Control,Clear,Daylight,Dry,Non-Fatal Injury,Cyclist Collisions,Driver,45 to 49,None,0,West,"Automobile, Station Wagon",Parked,Other,Inattentive, , , , , , , ,Yes,Yes, , , , , , , , , , ,69,Blake-Jones (69),831
-79.34059,43.679745,6668798,1250894,2011,2011-07-15T04:00:00.000Z,1655,16,DANFORTH Ave,LANGFORD Ave, ,Major Arterial,Toronto and East York,14,0,0,"54,55",55,54,43.679745,-79.34059,Intersection, ,No Control,Clear,Daylight,Dry,Non-Fatal Injury,Cyclist Collisions,Cyclist,50 to 54,Major,0,West,Bicycle,Going Ahead, , , , , ,Cyclist struck opened vehicle door,Driving Properly,Normal, ,Yes,Yes, , , , , , , , , , ,69,Blake-Jones (69),832
-79.43049,43.655545,5358528,1037840,2008,2008-04-28T04:00:00.000Z,1700,17,HAVELOCK Stre,DEWSON Stre, ,Collector,Toronto and East York,9,0,0,14,0,0,43.655545,-79.43049,Intersection,At Intersection,Stop Sign,Clear,Daylight,Dry,Non-Fatal Injury,Cyclist Collisions,Vehicle Owner,unknown, ,0, ,Other, , , , , , , , , , ,Yes,Yes, , , , , , , , , , ,83,Dufferin Grove (83),833
-79.43049,43.655545,5358529,1037840,2008,2008-04-28T04:00:00.000Z,1700,17,HAVELOCK Stre,DEWSON Stre, ,Collector,Toronto and East York,9,0,0,14,0,0,43.655545,-79.43049,Intersection,At Intersection,Stop Sign,Clear,Daylight,Dry,Non-Fatal Injury,Cyclist Collisions,Driver,30 to 34,None,0,West,"Automobile, Station Wagon",Turning Left,Improper Turn,Inattentive, , , , , , , ,Yes,Yes, , , , , , , , , , ,83,Dufferin Grove (83),834
-79.43049,43.655545,5358530,1037840,2008,2008-04-28T04:00:00.000Z,1700,17,HAVELOCK Stre,DEWSON Stre, ,Collector,Toronto and East York,9,0,0,14,0,0,43.655545,-79.43049,Intersection,At Intersection,Stop Sign,Clear,Daylight,Dry,Non-Fatal Injury,Cyclist Collisions,Cyclist,60 to 64,Major,0,South,Bicycle,Going Ahead, , , , , ,"Motorist without ROW drives into path of cyclist at inter, lnwy, dwy-Driver not turn.",Driving Properly,Normal, ,Yes,Yes, , , , , , , , , , ,83,Dufferin Grove (83),835
-79.33939,43.685845,5796898,1144508,2009,2009-12-29T05:00:00.000Z,1700,17,SAMMON AVE,DONLANDS AVE, ,Minor Arterial,Toronto and East York,14,0,0,54,0,0,43.685845,-79.33939,Intersection,At Intersection,No Control,Clear,Daylight,Dry,Non-Fatal Injury,Cyclist Collisions,Cyclist,75 to 79,Major,0,West,Bicycle,Stopped, , , , , ,Insufficient information (to determine cyclist crash type).,Driving Properly,Medical or Physical Disability, ,Yes, , , , , , , , , , , ,59,Danforth East York (59),836
-79.43169,43.660645,6719455,1273068,2011,2011-11-04T04:00:00.000Z,1700,17,BLOOR Stre W,SALEM Aven, ,Major Arterial,Toronto and East York,9,0,0,14,0,0,43.660645,-79.43169,Intersection,At Intersection,No Control,Clear,Daylight,Dry,Non-Fatal Injury,Cyclist Collisions,Driver,30 to 34,None,0,East,"Automobile, Station Wagon",Turning Left,Failed to Yield Right of Way,Normal, , , , , , , ,Yes,Yes, , , , , , ,Yes, , , ,83,Dufferin Grove (83),837
-79.43169,43.660645,6719456,1273068,2011,2011-11-04T04:00:00.000Z,1700,17,BLOOR Stre W,SALEM Aven, ,Major Arterial,Toronto and East York,9,0,0,14,0,0,43.660645,-79.43169,Intersection,At Intersection,No Control,Clear,Daylight,Dry,Non-Fatal Injury,Cyclist Collisions,Cyclist,50 to 54,Major,0,West,Bicycle,Going Ahead, , , , , ,Motorist turned left across cyclists path.,Driving Properly,Unknown, ,Yes,Yes, , , , , , ,Yes, , , ,83,Dufferin Grove (83),838
-79.365466,43.645079,80943569,8000970456,2018,2018-05-29T04:00:00.000Z,1700,17,QUEENS QUAY  E,DOCKSIDE DR, ,Minor Arterial,Toronto and East York,10,0,0,51,0,0,43.645079,-79.365466,Intersection,At Intersection,Traffic Signal,Clear,Daylight,Dry,Non-Fatal Injury,Cyclist Collisions,Driver,35 to 39,None,0,East,"Automobile, Station Wagon",Turning Right,Failed to Yield Right of Way,Normal, , , , , , , ,Yes,Yes, , , , , , ,Yes, , , ,77,Waterfront Communities-The Island (77),839
-79.365466,43.645079,80943570,8000970456,2018,2018-05-29T04:00:00.000Z,1700,17,QUEENS QUAY  E,DOCKSIDE DR, ,Minor Arterial,Toronto and East York,10,0,0,51,0,0,43.645079,-79.365466,Intersection,At Intersection,Traffic Signal,Clear,Daylight,Dry,Non-Fatal Injury,Cyclist Collisions,Cyclist,25 to 29,Major,0,West,Bicycle,Going Ahead, , , , , ,Motorist turning right on green or amber at signalized intersection strikes cyclist.,Driving Properly,Normal, ,Yes,Yes, , , , , , ,Yes, , , ,77,Waterfront Communities-The Island (77),840
-79.493869,43.605387,80948087,8001059223,2018,2018-06-11T04:00:00.000Z,1700,17,ROYAL YORK  RD,DARTMOUTH  CRES, ,Minor Arterial,Etobicoke York,3,0,0,22,0,0,43.605387,-79.493869,Mid-Block,Non Intersection,No Control,Clear,Daylight,Dry,Non-Fatal Injury,Cyclist Collisions,Motorcycle Driver,unknown,None,0,South,Motorcycle,Going Ahead,Failed to Yield Right of Way,Unknown, , , , , , , ,Yes, ,Yes, , , , , ,Yes, , , ,17,Mimico (includes Humber Bay Shores) (17),841
-79.493869,43.605387,80948088,8001059223,2018,2018-06-11T04:00:00.000Z,1700,17,ROYAL YORK  RD,DARTMOUTH  CRES, ,Minor Arterial,Etobicoke York,3,0,0,22,0,0,43.605387,-79.493869,Mid-Block,Non Intersection,No Control,Clear,Daylight,Dry,Non-Fatal Injury,Cyclist Collisions,Cyclist,25 to 29,Major,0,South,Bicycle,Going Ahead, , , , , ,Cyclist and Driver travelling in same direction. One vehicle rear-ended the other.,Driving Properly,Normal, ,Yes, ,Yes, , , , , ,Yes, , , ,17,Mimico (includes Humber Bay Shores) (17),842
-79.449291,43.747107,80631919,4003399384,2014,2014-11-30T05:00:00.000Z,1702,17,203 FAYWOOD BLVD, , ,Collector,North York,6,0,0,32,0,0,43.747107,-79.449291,Mid-Block,At/Near Private Drive,No Control,Rain,"Dark, artificial",Wet,Non-Fatal Injury,Cyclist Collisions,Driver,30 to 34,None,0,East,Pick Up Truck,Reversing,Other,Inattentive, , , , , , , ,Yes,Yes, , , , , , , , , , ,33,Clanton Park (33),843
-79.449291,43.747107,80631920,4003399384,2014,2014-11-30T05:00:00.000Z,1702,17,203 FAYWOOD BLVD, , ,Collector,North York,6,0,0,32,0,0,43.747107,-79.449291,Mid-Block,At/Near Private Drive,No Control,Rain,"Dark, artificial",Wet,Non-Fatal Injury,Cyclist Collisions,Cyclist,35 to 39,Major,0,North,Bicycle,Going Ahead, , , , , ,Motorist reversing struck cyclist.,Driving Properly,Other, ,Yes,Yes, , , , , , , , , , ,33,Clanton Park (33),844
-79.390605,43.663512,80895726,7001571864,2017,2017-08-30T04:00:00.000Z,1703,17,WELLESLEY ST W,QUEENS PARK CRES E,3 m East of,Major Arterial,Toronto and East York,11,0,0,52,0,0,43.663512,-79.390605,Intersection,At Intersection,Traffic Signal,Clear,Daylight,Dry,Non-Fatal Injury,Cyclist Collisions,Cyclist,40 to 44,Major,0,West,Bicycle,Going Ahead, , , , , ,Motorist turning right on green or amber at signalized intersection strikes cyclist.,Driving Properly,Normal, ,Yes, , ,Yes, , , , , , , , ,76,Bay Street Corridor (76),845
-79.390605,43.663512,80895727,7001571864,2017,2017-08-30T04:00:00.000Z,1703,17,WELLESLEY ST W,QUEENS PARK CRES E,3 m East of,Major Arterial,Toronto and East York,11,0,0,52,0,0,43.663512,-79.390605,Intersection,At Intersection,Traffic Signal,Clear,Daylight,Dry,Non-Fatal Injury,Cyclist Collisions,Truck Driver,55 to 59,None,0,West,Truck - Dump,Turning Right,Improper Turn,Inattentive, , , , , , , ,Yes, , ,Yes, , , , , , , , ,76,Bay Street Corridor (76),846
-79.462787,43.694945,6211793,1198314,2010,2010-09-25T04:00:00.000Z,1704,17,CALEDONIA RD,BOWIE AVE, ,Minor Arterial,North York,8,0,0,13,0,0,43.694945,-79.462787,Intersection,At Intersection,Stop Sign,Clear,Daylight,Dry,Non-Fatal Injury,Cyclist Collisions,Vehicle Owner,unknown, ,0, , , , , , , , , , , , ,Yes,Yes, , , , , , , , , , ,108,Briar Hill-Belgravia (108),847
-79.462787,43.694945,6211794,1198314,2010,2010-09-25T04:00:00.000Z,1704,17,CALEDONIA RD,BOWIE AVE, ,Minor Arterial,North York,8,0,0,13,0,0,43.694945,-79.462787,Intersection,At Intersection,Stop Sign,Clear,Daylight,Dry,Non-Fatal Injury,Cyclist Collisions,Driver,20 to 24,None,0,West,Pick Up Truck,Turning Left,Driving Properly,Normal, , , , , , , ,Yes,Yes, , , , , , , , , , ,108,Briar Hill-Belgravia (108),848
-79.462787,43.694945,6211795,1198314,2010,2010-09-25T04:00:00.000Z,1704,17,CALEDONIA RD,BOWIE AVE, ,Minor Arterial,North York,8,0,0,13,0,0,43.694945,-79.462787,Intersection,At Intersection,Stop Sign,Clear,Daylight,Dry,Non-Fatal Injury,Cyclist Collisions,Cyclist,50 to 54,Major,0,East,Bicycle,Going Ahead, , , , , ,Motorist turned left across cyclists path.,Failed to Yield Right of Way,Had Been Drinking, ,Yes,Yes, , , , , , , , , , ,108,Briar Hill-Belgravia (108),849
-79.304042,43.816859,80976719,8002197002,2018,2018-11-29T05:00:00.000Z,1705,17,KENNEDY  RD,PASSMORE AVE,169 m South of,Major Arterial,Scarborough,22,0,0,42,0,0,43.816859,-79.304042,Mid-Block,At/Near Private Drive,No Control,Clear,Dusk,Dry,Non-Fatal Injury,Cyclist Collisions,Driver,60 to 64,None,0,South,"Automobile, Station Wagon",Going Ahead,Driving Properly,Normal, , , , , , , ,Yes,Yes, , , , ,Yes, ,Yes, , , ,130,Milliken (130),850
-79.304042,43.816859,80976720,8002197002,2018,2018-11-29T05:00:00.000Z,1705,17,KENNEDY  RD,PASSMORE AVE,169 m South of,Major Arterial,Scarborough,22,0,0,42,0,0,43.816859,-79.304042,Mid-Block,At/Near Private Drive,No Control,Clear,Dusk,Dry,Non-Fatal Injury,Cyclist Collisions,Cyclist,70 to 74,Major,0,East,Bicycle,Going Ahead, , , , , ,"Cyclist without ROW rides into path of motorist at inter, lnwy, dwy-Cyclist not turn.",Other,Inattentive, ,Yes,Yes, , , , ,Yes, ,Yes, , , ,130,Milliken (130),851
-79.304042,43.816859,80976721,8002197002,2018,2018-11-29T05:00:00.000Z,1705,17,KENNEDY  RD,PASSMORE AVE,169 m South of,Major Arterial,Scarborough,22,0,0,42,0,0,43.816859,-79.304042,Mid-Block,At/Near Private Drive,No Control,Clear,Dusk,Dry,Non-Fatal Injury,Cyclist Collisions,Driver,35 to 39,None,0,North,"Automobile, Station Wagon",Going Ahead,Driving Properly,Normal, , , , , , , ,Yes,Yes, , , , ,Yes, ,Yes, , , ,130,Milliken (130),852
-79.304042,43.816859,80976722,8002197002,2018,2018-11-29T05:00:00.000Z,1705,17,KENNEDY  RD,PASSMORE AVE,169 m South of,Major Arterial,Scarborough,22,0,0,42,0,0,43.816859,-79.304042,Mid-Block,At/Near Private Drive,No Control,Clear,Dusk,Dry,Non-Fatal Injury,Cyclist Collisions,Passenger,0 to 4,None,0, , , , , , , , , , , , ,Yes,Yes, , , , ,Yes, ,Yes, , , ,130,Milliken (130),853
-79.323375,43.811564,80900384,7003103184,2017,2017-11-30T05:00:00.000Z,1709,17,WARDEN  AVE,BAMBURGH  CRCL, ,Major Arterial,Scarborough,22,0,0,42,0,0,43.811564,-79.323375,Intersection,At Intersection,Traffic Signal,Rain,Dusk,Wet,Non-Fatal Injury,Cyclist Collisions,Cyclist,60 to 64,Major,0,South,Bicycle,Going Ahead, , , , , ,Motorist turned left across cyclists path.,Disobeyed Traffic Control,Inattentive, ,Yes,Yes, , , , , , , , , , ,116,Steeles (116),854
-79.323375,43.811564,80900385,7003103184,2017,2017-11-30T05:00:00.000Z,1709,17,WARDEN  AVE,BAMBURGH  CRCL, ,Major Arterial,Scarborough,22,0,0,42,0,0,43.811564,-79.323375,Intersection,At Intersection,Traffic Signal,Rain,Dusk,Wet,Non-Fatal Injury,Cyclist Collisions,Driver,60 to 64,None,0,North,"Automobile, Station Wagon",Turning Left,Improper Turn,Inattentive, , , , , , , ,Yes,Yes, , , , , , , , , , ,116,Steeles (116),855
-79.52429,43.755945,6636363,1237279,2011,2011-06-08T04:00:00.000Z,1710,17,FINCH AVE W,NORFINCH DR, ,Major Arterial,Etobicoke York,7,0,0,31,0,0,43.755945,-79.52429,Intersection,At Intersection,Traffic Signal,Clear,Daylight,Dry,Non-Fatal Injury,Cyclist Collisions,Driver,45 to 49,None,0,South,"Automobile, Station Wagon",Turning Right,Improper Turn,Normal, , , , , , , ,Yes,Yes, , , , , , , , , , ,24,Black Creek (24),856
-79.52429,43.755945,6636364,1237279,2011,2011-06-08T04:00:00.000Z,1710,17,FINCH AVE W,NORFINCH DR, ,Major Arterial,Etobicoke York,7,0,0,31,0,0,43.755945,-79.52429,Intersection,At Intersection,Traffic Signal,Clear,Daylight,Dry,Non-Fatal Injury,Cyclist Collisions,Cyclist,65 to 69,Major,0,East,Bicycle,Unknown, , , , , ,Motorist turning right on red at signalized intersection strikes cyclist.,Driving Properly,Unknown, ,Yes,Yes, , , , , , , , , , ,24,Black Creek (24),857
-79.340778,43.653514,80251330,5001652822,2015,2015-09-23T04:00:00.000Z,1715,17,BOOTH AVE,LAKE SHORE BLVD E,1 m North of,Expressway,Toronto and East York,14,0,0,55,0,0,43.653514,-79.340778,Intersection,At Intersection,Stop Sign,Clear,Daylight,Dry,Non-Fatal Injury,Cyclist Collisions,Driver,60 to 64,None,0,South,"Automobile, Station Wagon",Turning Right,Failed to Yield Right of Way,Inattentive, , , , , , , ,Yes,Yes, , , , ,Yes, ,Yes, , , ,70,South Riverdale (70),858
-79.340778,43.653514,80251331,5001652822,2015,2015-09-23T04:00:00.000Z,1715,17,BOOTH AVE,LAKE SHORE BLVD E,1 m North of,Expressway,Toronto and East York,14,0,0,55,0,0,43.653514,-79.340778,Intersection,At Intersection,Stop Sign,Clear,Daylight,Dry,Non-Fatal Injury,Cyclist Collisions,Cyclist,40 to 44,Major,0,East,Bicycle,Going Ahead, , , , , ,"Motorist turns right at non-signal Inter.(stop, yield, no cont.,and dwy) and strikes cyclist.",Driving Properly,Normal, ,Yes,Yes, , , , ,Yes, ,Yes, , , ,70,South Riverdale (70),859