X,Y,Index_,ACCNUM,YEAR,DATE,TIME,Hour,STREET1,STREET2,OFFSET,ROAD_CLASS,District,WardNum,WardNum_X,WardNum_Y,Division,Division_X,Division_Y,LATITUDE,LONGITUDE,LOCCOORD,ACCLOC,TRAFFCTL,VISIBILITY,LIGHT,RDSFCOND,ACCLASS,IMPACTYPE,INVTYPE,INVAGE,INJURY,FATAL_NO,INITDIR,VEHTYPE,MANOEUVER,DRIVACT,DRIVCOND,PEDTYPE,PEDACT,PEDCOND,CYCLISTYPE,CYCACT,CYCCOND,PEDESTRIAN,CYCLIST,AUTOMOBILE,MOTORCYCLE,TRUCK,TRSN_CITY_,EMERG_VEH,PASSENGER,SPEEDING,AG_DRIV,REDLIGHT,ALCOHOL,DISABILITY,Hood_ID,Neighbourh,ObjectId
-79.340778,43.653514,80251332,5001652822,2015,2015-09-23T04:00:00.000Z,1715,17,BOOTH AVE,LAKE SHORE BLVD E,1 m North of,Expressway,Toronto and East York,14,0,0,55,0,0,43.653514,-79.340778,Intersection,At Intersection,Stop Sign,Clear,Daylight,Dry,Non-Fatal Injury,Cyclist Collisions,Passenger,65 to 69,None,0, , , , , , , , , , , , ,Yes,Yes, , , , ,Yes, ,Yes, , , ,70,South Riverdale (70),860
-79.413562,43.771983,80213502,4002496866,2014,2014-07-14T04:00:00.000Z,1716,17,YONGE ST,ELLERSLIE AVE, ,Major Arterial,North York,18,0,0,32,0,0,43.771983,-79.413562,Intersection,At Intersection,No Control,Clear,Daylight,Dry,Non-Fatal Injury,Turning Movement,Driver,35 to 39,None,0,North,"Automobile, Station Wagon",Turning Left,Failed to Yield Right of Way,Normal, , , , , , , ,Yes,Yes, , , , ,Yes, ,Yes, , , ,51,Willowdale East (51),861
-79.413562,43.771983,80213503,4002496866,2014,2014-07-14T04:00:00.000Z,1716,17,YONGE ST,ELLERSLIE AVE, ,Major Arterial,North York,18,0,0,32,0,0,43.771983,-79.413562,Intersection,At Intersection,No Control,Clear,Daylight,Dry,Non-Fatal Injury,Turning Movement,Moped Driver,40 to 44,Major,0,South,Moped,Going Ahead,Driving Properly,Normal, , , , , , , ,Yes,Yes, , , , ,Yes, ,Yes, , , ,51,Willowdale East (51),862
-79.413562,43.771983,80213504,4002496866,2014,2014-07-14T04:00:00.000Z,1716,17,YONGE ST,ELLERSLIE AVE, ,Major Arterial,North York,18,0,0,32,0,0,43.771983,-79.413562,Intersection,At Intersection,No Control,Clear,Daylight,Dry,Non-Fatal Injury,Turning Movement,Passenger,5 to 9,None,0, , , , , , , , , , , , ,Yes,Yes, , , , ,Yes, ,Yes, , , ,51,Willowdale East (51),863
-79.413562,43.771983,80213505,4002496866,2014,2014-07-14T04:00:00.000Z,1716,17,YONGE ST,ELLERSLIE AVE, ,Major Arterial,North York,18,0,0,32,0,0,43.771983,-79.413562,Intersection,At Intersection,No Control,Clear,Daylight,Dry,Non-Fatal Injury,Turning Movement,Passenger,5 to 9,None,0, , , , , , , , , , , , ,Yes,Yes, , , , ,Yes, ,Yes, , , ,51,Willowdale East (51),864
-79.221088,43.755355,80499093,6000304875,2016,2016-02-20T05:00:00.000Z,1717,17,CONFEDERATION DR,STEVENWOOD RD, ,Collector,Scarborough,24,0,0,43,0,0,43.755355,-79.221088,Intersection,At Intersection,No Control,Clear,Daylight,Dry,Non-Fatal Injury,Cyclist Collisions,Driver,35 to 39,None,0,West,"Automobile, Station Wagon",Turning Left,Improper Turn,Normal, , , , , , , ,Yes,Yes, , , , , , , , , , ,137,Woburn (137),865
-79.221088,43.755355,80499094,6000304875,2016,2016-02-20T05:00:00.000Z,1717,17,CONFEDERATION DR,STEVENWOOD RD, ,Collector,Scarborough,24,0,0,43,0,0,43.755355,-79.221088,Intersection,At Intersection,No Control,Clear,Daylight,Dry,Non-Fatal Injury,Cyclist Collisions,Cyclist,35 to 39,Major,0,East,Bicycle,Going Ahead, , , , , ,Motorist turned left across cyclists path.,Driving Properly,Normal, ,Yes,Yes, , , , , , , , , , ,137,Woburn (137),866
-79.40979,43.661545,7448153,1308147,2012,2012-07-06T04:00:00.000Z,1720,17,BATHURST ST,HARBORD ST, ,Major Arterial,Toronto and East York,11,0,0,14,0,0,43.661545,-79.40979,Intersection,At Intersection,Traffic Signal,Clear,Daylight,Dry,Non-Fatal Injury,Cyclist Collisions,Driver,25 to 29,None,0,South,"Automobile, Station Wagon",Going Ahead,Driving Properly,Normal, , , , , , , ,Yes,Yes, , , , , , , , , , ,80,Palmerston-Little Italy (80),867
-79.40979,43.661545,7448154,1308147,2012,2012-07-06T04:00:00.000Z,1720,17,BATHURST ST,HARBORD ST, ,Major Arterial,Toronto and East York,11,0,0,14,0,0,43.661545,-79.40979,Intersection,At Intersection,Traffic Signal,Clear,Daylight,Dry,Non-Fatal Injury,Cyclist Collisions,Cyclist,25 to 29,Major,0,North,Bicycle,Turning Left, , , , , ,Cyclist turned left across motorists path.,Disobeyed Traffic Control,Unknown, ,Yes,Yes, , , , , , , , , , ,80,Palmerston-Little Italy (80),868
-79.40519,43.657145,7527603,1305187,2012,2012-06-03T04:00:00.000Z,1720,17,COLLEGE ST,BORDEN ST, ,Major Arterial,Toronto and East York,11,0,0,14,0,0,43.657145,-79.40519,Intersection,At Intersection,No Control,Clear,Daylight,Dry,Non-Fatal Injury,Cyclist Collisions,Driver,25 to 29,None,0,East,Other,Parked,Other,Normal, , , , , , , ,Yes, , , , , , , , , , , ,79,University (79),869
-79.40519,43.657145,7527604,1305187,2012,2012-06-03T04:00:00.000Z,1720,17,COLLEGE ST,BORDEN ST, ,Major Arterial,Toronto and East York,11,0,0,14,0,0,43.657145,-79.40519,Intersection,At Intersection,No Control,Clear,Daylight,Dry,Non-Fatal Injury,Cyclist Collisions,Cyclist,20 to 24,Major,0,East,Bicycle,Going Ahead, , , , , ,Cyclist struck opened vehicle door,Driving Properly,Normal, ,Yes, , , , , , , , , , , ,79,University (79),870
-79.41309,43.663345,7536852,1340319,2012,2012-12-19T05:00:00.000Z,1720,17,PALMERSTON BLVD,LENNOX ST, ,Collector,Toronto and East York,11,0,0,14,0,0,43.663345,-79.41309,Intersection,At Intersection,Stop Sign,Clear,"Dark, artificial",Dry,Non-Fatal Injury,Cyclist Collisions,Driver,50 to 54,None,0,South,"Automobile, Station Wagon",Going Ahead,Driving Properly,Normal, , , , , , , ,Yes,Yes, , , , , , , , , , ,80,Palmerston-Little Italy (80),871
-79.41309,43.663345,7536853,1340319,2012,2012-12-19T05:00:00.000Z,1720,17,PALMERSTON BLVD,LENNOX ST, ,Collector,Toronto and East York,11,0,0,14,0,0,43.663345,-79.41309,Intersection,At Intersection,Stop Sign,Clear,"Dark, artificial",Dry,Non-Fatal Injury,Cyclist Collisions,Cyclist,40 to 44,Major,0,West,Bicycle,Going Ahead, , , , , ,"Cyclist without ROW rides into path of motorist at inter, lnwy, dwy-Cyclist not turn.",Failed to Yield Right of Way,Normal, ,Yes,Yes, , , , , , , , , , ,80,Palmerston-Little Italy (80),872
-79.384799,43.64765,80165082,4002352031,2014,2014-06-23T04:00:00.000Z,1720,17,KING ST W,UNIVERSITY AVE, ,Major Arterial,Toronto and East York,10,0,0,52,0,0,43.64765,-79.384799,Intersection,Intersection Related,Traffic Signal,Clear,Daylight,Dry,Non-Fatal Injury,Cyclist Collisions,Truck Driver,60 to 64,None,0,East,Truck - Open,Going Ahead,Following too Close,Inattentive, , , , , , , ,Yes, , ,Yes, , , , ,Yes, , , ,76,Bay Street Corridor (76),873
-79.384799,43.64765,80165083,4002352031,2014,2014-06-23T04:00:00.000Z,1720,17,KING ST W,UNIVERSITY AVE, ,Major Arterial,Toronto and East York,10,0,0,52,0,0,43.64765,-79.384799,Intersection,Intersection Related,Traffic Signal,Clear,Daylight,Dry,Non-Fatal Injury,Cyclist Collisions,Cyclist,15 to 19,Major,0,East, ,Going Ahead, , , , , ,Cyclist and Driver travelling in same direction. One vehicle rear-ended the other.,Driving Properly,Unknown, ,Yes, , ,Yes, , , , ,Yes, , , ,76,Bay Street Corridor (76),874
-79.463306,43.682765,80172238,4002781365,2014,2014-08-26T04:00:00.000Z,1720,17,ROGERS RD,SILVERTHORN AVE, ,Minor Arterial,Toronto and East York,509,9,5,12,0,0,43.682765,-79.463306,Intersection,Intersection Related,Traffic Signal,Clear,Daylight,Dry,Non-Fatal Injury,Cyclist Collisions,Driver,30 to 34,None,0,West,"Automobile, Station Wagon",Turning Right,Improper Turn,Normal, , , , , , , ,Yes,Yes, , , , , , , , , , ,110,Keelesdale-Eglinton West (110),875
-79.463306,43.682765,80172239,4002781365,2014,2014-08-26T04:00:00.000Z,1720,17,ROGERS RD,SILVERTHORN AVE, ,Minor Arterial,Toronto and East York,509,9,5,12,0,0,43.682765,-79.463306,Intersection,Intersection Related,Traffic Signal,Clear,Daylight,Dry,Non-Fatal Injury,Cyclist Collisions,Cyclist,30 to 34,Major,0,West,Bicycle,Turning Right, , , , , ,Motorist turning right on green or amber at signalized intersection strikes cyclist.,Driving Properly,Normal, ,Yes,Yes, , , , , , , , , , ,110,Keelesdale-Eglinton West (110),876
-79.37899,43.667945,7813700,1354069,2013,2013-04-08T04:00:00.000Z,1722,17,JARVIS ST,EARL PL, ,Major Arterial,Toronto and East York,13,0,0,51,0,0,43.667945,-79.37899,Intersection, ,Traffic Signal,Clear,Daylight,Wet,Non-Fatal Injury,Cyclist Collisions,Driver,50 to 54,None,0,North,"Automobile, Station Wagon",Going Ahead,Driving Properly,Normal, , , , , , , ,Yes,Yes, , , , , , , , , , ,74,North St.James Town (74),877
-79.37899,43.667945,7813701,1354069,2013,2013-04-08T04:00:00.000Z,1722,17,JARVIS ST,EARL PL, ,Major Arterial,Toronto and East York,13,0,0,51,0,0,43.667945,-79.37899,Intersection, ,Traffic Signal,Clear,Daylight,Wet,Non-Fatal Injury,Cyclist Collisions,Driver,50 to 54,None,0,North,"Automobile, Station Wagon",Going Ahead,Driving Properly,Normal, , , , , , , ,Yes,Yes, , , , , , , , , , ,74,North St.James Town (74),878
-79.37899,43.667945,7813702,1354069,2013,2013-04-08T04:00:00.000Z,1722,17,JARVIS ST,EARL PL, ,Major Arterial,Toronto and East York,13,0,0,51,0,0,43.667945,-79.37899,Intersection, ,Traffic Signal,Clear,Daylight,Wet,Non-Fatal Injury,Cyclist Collisions,Cyclist,20 to 24,Major,0,North,Bicycle,Changing Lanes, , , , , ,Cyclist and Driver travelling in same direction. One vehicle sideswipes the other.,Improper Lane Change,Inattentive, ,Yes,Yes, , , , , , , , , , ,74,North St.James Town (74),879
-79.21767,43.798106,80485493,4002616805,2014,2014-08-01T04:00:00.000Z,1722,17,SHEPPARD AVE E,NEILSON RD, ,Major Arterial,Scarborough,2325,25,23,42,0,0,43.798106,-79.21767,Intersection,Intersection Related,Traffic Signal,Clear,Daylight,Dry,Fatal,Cyclist Collisions,Driver,15 to 19,None,0,West,"Automobile, Station Wagon",Going Ahead,Speed too Fast For Condition,Normal, , , , , , , ,Yes,Yes, , , , , ,Yes,Yes, , , ,132,Malvern (132),880
-79.21767,43.798106,80485494,4002616805,2014,2014-08-01T04:00:00.000Z,1722,17,SHEPPARD AVE E,NEILSON RD, ,Major Arterial,Scarborough,2325,25,23,42,0,0,43.798106,-79.21767,Intersection,Intersection Related,Traffic Signal,Clear,Daylight,Dry,Fatal,Cyclist Collisions,Cyclist,15 to 19,Fatal,18,North,Bicycle,Going Ahead, , , , , ,"Motorist without ROW drives into path of cyclist at inter, lnwy, dwy-Driver not turn.",Driving Properly,Inattentive, ,Yes,Yes, , , , , ,Yes,Yes, , , ,132,Malvern (132),881
-79.21767,43.798106,80485495,4002616805,2014,2014-08-01T04:00:00.000Z,1722,17,SHEPPARD AVE E,NEILSON RD, ,Major Arterial,Scarborough,2325,25,23,42,0,0,43.798106,-79.21767,Intersection,Intersection Related,Traffic Signal,Clear,Daylight,Dry,Fatal,Cyclist Collisions,Driver,50 to 54,None,0,North,"Automobile, Station Wagon",Going Ahead,Speed too Fast For Condition,Inattentive, , , , , , , ,Yes,Yes, , , , , ,Yes,Yes, , , ,132,Malvern (132),882
-79.44479,43.781045,6678295,1255068,2011,2011-09-20T04:00:00.000Z,1723,17,ANTIBES DR,BATHURST ST, ,Major Arterial,North York,618,18,6,32,0,0,43.781045,-79.44479,Intersection,At Intersection,Traffic Signal,Clear,Daylight,Dry,Non-Fatal Injury,Cyclist Collisions,Cyclist,45 to 49,Major,0,East,Bicycle,Overtaking, , , , , ,Cyclist and Driver travelling in same direction. One vehicle sideswipes the other.,Improper Passing,Normal, ,Yes, , , ,Yes, , , , , , , ,36,Newtonbrook West (36),883
-79.44479,43.781045,6678296,1255068,2011,2011-09-20T04:00:00.000Z,1723,17,ANTIBES DR,BATHURST ST, ,Major Arterial,North York,618,18,6,32,0,0,43.781045,-79.44479,Intersection,At Intersection,Traffic Signal,Clear,Daylight,Dry,Non-Fatal Injury,Cyclist Collisions,Vehicle Owner,unknown, ,0, ,Other, , , , , , , , , , ,Yes, , , ,Yes, , , , , , , ,36,Newtonbrook West (36),884
-79.44479,43.781045,6678297,1255068,2011,2011-09-20T04:00:00.000Z,1723,17,ANTIBES DR,BATHURST ST, ,Major Arterial,North York,618,18,6,32,0,0,43.781045,-79.44479,Intersection,At Intersection,Traffic Signal,Clear,Daylight,Dry,Non-Fatal Injury,Cyclist Collisions,Driver,60 to 64,None,0,East,Municipal Transit Bus (TTC),Going Ahead,Driving Properly,Normal, , , , , , , ,Yes, , , ,Yes, , , , , , , ,36,Newtonbrook West (36),885
-79.43539,43.659845,7441187,1305359,2012,2012-06-05T04:00:00.000Z,1725,17,BLOOR ST W,DUFFERIN ST, ,Major Arterial,Toronto and East York,9,0,0,"11,14",14,11,43.659845,-79.43539,Intersection, ,Traffic Signal,Clear,Daylight,Dry,Non-Fatal Injury,Cyclist Collisions,Passenger,unknown,None,0, ,Other, , , , , , , , , , ,Yes,Yes, , , , ,Yes, , , , , ,83,Dufferin Grove (83),886
-79.43539,43.659845,7441188,1305359,2012,2012-06-05T04:00:00.000Z,1725,17,BLOOR ST W,DUFFERIN ST, ,Major Arterial,Toronto and East York,9,0,0,"11,14",14,11,43.659845,-79.43539,Intersection, ,Traffic Signal,Clear,Daylight,Dry,Non-Fatal Injury,Cyclist Collisions,Passenger,unknown,None,0, ,Other, , , , , , , , , , ,Yes,Yes, , , , ,Yes, , , , , ,83,Dufferin Grove (83),887
-79.43539,43.659845,7441189,1305359,2012,2012-06-05T04:00:00.000Z,1725,17,BLOOR ST W,DUFFERIN ST, ,Major Arterial,Toronto and East York,9,0,0,"11,14",14,11,43.659845,-79.43539,Intersection, ,Traffic Signal,Clear,Daylight,Dry,Non-Fatal Injury,Cyclist Collisions,Vehicle Owner,unknown, ,0, ,Other, , , , , , , , , , ,Yes,Yes, , , , ,Yes, , , , , ,83,Dufferin Grove (83),888
-79.43539,43.659845,7441190,1305359,2012,2012-06-05T04:00:00.000Z,1725,17,BLOOR ST W,DUFFERIN ST, ,Major Arterial,Toronto and East York,9,0,0,"11,14",14,11,43.659845,-79.43539,Intersection, ,Traffic Signal,Clear,Daylight,Dry,Non-Fatal Injury,Cyclist Collisions,Driver,50 to 54,None,0,West,"Automobile, Station Wagon",Stopped,Other,Normal, , , , , , , ,Yes,Yes, , , , ,Yes, , , , , ,83,Dufferin Grove (83),889
-79.43539,43.659845,7441191,1305359,2012,2012-06-05T04:00:00.000Z,1725,17,BLOOR ST W,DUFFERIN ST, ,Major Arterial,Toronto and East York,9,0,0,"11,14",14,11,43.659845,-79.43539,Intersection, ,Traffic Signal,Clear,Daylight,Dry,Non-Fatal Injury,Cyclist Collisions,Cyclist,35 to 39,Major,0,West,Bicycle,Going Ahead, , , , , ,Cyclist struck opened vehicle door,Driving Properly,Normal, ,Yes,Yes, , , , ,Yes, , , , , ,83,Dufferin Grove (83),890
-79.38979,43.650145,7858808,1373473,2013,2013-06-25T04:00:00.000Z,1725,17,QUEEN ST W,MC CAUL ST, ,Major Arterial,Toronto and East York,10,0,0,52,0,0,43.650145,-79.38979,Intersection, ,No Control,Clear,Daylight,Dry,Non-Fatal Injury,Pedestrian Collisions,Cyclist,30 to 34,None,0,East,Bicycle,Going Ahead, , , , , ,Cyclist strikes pedestrian.,Driving Properly,Normal,Yes,Yes, , , , , , , , , , , ,77,Waterfront Communities-The Island (77),891
-79.38979,43.650145,7858809,1373473,2013,2013-06-25T04:00:00.000Z,1725,17,QUEEN ST W,MC CAUL ST, ,Major Arterial,Toronto and East York,10,0,0,52,0,0,43.650145,-79.38979,Intersection, ,No Control,Clear,Daylight,Dry,Non-Fatal Injury,Pedestrian Collisions,Pedestrian,25 to 29,Major,0,South,Other, , , ,Vehicle is going straight thru inter.while ped cross without ROW,"Crossing, no Traffic Control",Unknown, , , ,Yes,Yes, , , , , , , , , , , ,77,Waterfront Communities-The Island (77),892
-79.45659,43.664545,5301961,1131978,2009,2009-09-24T04:00:00.000Z,1730,17,DUPONT ST,OSLER ST, ,Major Arterial,Toronto and East York,9,0,0,11,0,0,43.664545,-79.45659,Intersection, ,No Control,Clear,Daylight,Dry,Non-Fatal Injury,Cyclist Collisions,Driver,35 to 39,None,0,East,"Automobile, Station Wagon",Turning Left,Improper Turn,Normal, , , , , , , ,Yes,Yes, , , , , , , , , , ,93,Dovercourt-Wallace Emerson-Junction (93),893
-79.45659,43.664545,5301962,1131978,2009,2009-09-24T04:00:00.000Z,1730,17,DUPONT ST,OSLER ST, ,Major Arterial,Toronto and East York,9,0,0,11,0,0,43.664545,-79.45659,Intersection, ,No Control,Clear,Daylight,Dry,Non-Fatal Injury,Cyclist Collisions,Cyclist,30 to 34,Major,0,West,Bicycle,Going Ahead, , , , , ,Motorist turned left across cyclists path.,Driving Properly,Normal, ,Yes,Yes, , , , , , , , , , ,93,Dovercourt-Wallace Emerson-Junction (93),894
-79.41919,43.794645,6162754,1177549,2010,2010-06-25T04:00:00.000Z,1730,17,OTONABEE AVE,YONGE ST, ,Major Arterial,North York,18,0,0,32,0,0,43.794645,-79.41919,Intersection,At Intersection,Stop Sign,Clear,Daylight,Dry,Non-Fatal Injury,Cyclist Collisions,Driver,unknown,None,0,West,"Automobile, Station Wagon",Going Ahead,Disobeyed Traffic Control,Unknown, , , , , , , ,Yes,Yes, , , , , , ,Yes, , , ,50,Newtonbrook East (50),895
-79.41919,43.794645,6162755,1177549,2010,2010-06-25T04:00:00.000Z,1730,17,OTONABEE AVE,YONGE ST, ,Major Arterial,North York,18,0,0,32,0,0,43.794645,-79.41919,Intersection,At Intersection,Stop Sign,Clear,Daylight,Dry,Non-Fatal Injury,Cyclist Collisions,Cyclist,50 to 54,Major,0,South,Bicycle,Going Ahead, , , , , ,"Motorist without ROW drives into path of cyclist at inter, lnwy, dwy-Driver not turn.",Speed too Fast For Condition,Unknown, ,Yes,Yes, , , , , , ,Yes, , , ,50,Newtonbrook East (50),896
-79.38099,43.650445,6609232,1225497,2011,2011-01-26T05:00:00.000Z,1730,17,BAY ST,TEMPERANCE ST W, ,Major Arterial,Toronto and East York,1013,13,10,52,0,0,43.650445,-79.38099,Intersection, ,No Control,Clear,Dark,Dry,Non-Fatal Injury,Cyclist Collisions,Driver,45 to 49,None,0,South,"Automobile, Station Wagon",Making U Turn,Failed to Yield Right of Way,Inattentive, , , , , , , ,Yes,Yes, , , , , , ,Yes, , , ,76,Bay Street Corridor (76),897
-79.38099,43.650445,6609233,1225497,2011,2011-01-26T05:00:00.000Z,1730,17,BAY ST,TEMPERANCE ST W, ,Major Arterial,Toronto and East York,1013,13,10,52,0,0,43.650445,-79.38099,Intersection, ,No Control,Clear,Dark,Dry,Non-Fatal Injury,Cyclist Collisions,Cyclist,55 to 59,Major,0,South,Bicycle,Going Ahead, , , , , ,Motorist makes u-turn in-front of cyclist.,Driving Properly,Normal, ,Yes,Yes, , , , , , ,Yes, , , ,76,Bay Street Corridor (76),898
-79.39499,43.645445,7514908,1313657,2012,2012-08-02T04:00:00.000Z,1730,17,SPADINA AVE,KING ST W, ,Major Arterial,Toronto and East York,10,0,0,"14,52",52,14,43.645445,-79.39499,Intersection,At Intersection,Traffic Signal,Clear,Daylight,Dry,Non-Fatal Injury,Cyclist Collisions,Driver,30 to 34,None,0,North,"Automobile, Station Wagon",Turning Right,Improper Turn,Normal, , , , , , , ,Yes,Yes, , , , , , , , , , ,77,Waterfront Communities-The Island (77),899
-79.39499,43.645445,7514909,1313657,2012,2012-08-02T04:00:00.000Z,1730,17,SPADINA AVE,KING ST W, ,Major Arterial,Toronto and East York,10,0,0,"14,52",52,14,43.645445,-79.39499,Intersection,At Intersection,Traffic Signal,Clear,Daylight,Dry,Non-Fatal Injury,Cyclist Collisions,Cyclist,30 to 34,Major,0,North,Bicycle,Going Ahead, , , , , ,Motorist turning right on green or amber at signalized intersection strikes cyclist.,Driving Properly,Normal, ,Yes,Yes, , , , , , , , , , ,77,Waterfront Communities-The Island (77),900
-79.406482,43.743292,7882125,1383447,2013,2013-08-23T04:00:00.000Z,1730,17,OLD YORK MILLS RD,YONGE ST, ,Major Arterial,North York,815,15,8,32,0,0,43.743292,-79.406482,Intersection, ,Stop Sign,Clear,Daylight,Dry,Non-Fatal Injury,Cyclist Collisions,Vehicle Owner,unknown, ,0, ,Other, , , , , , , , , , ,Yes,Yes, , , , , , ,Yes, , , ,41,Bridle Path-Sunnybrook-York Mills (41),901
-79.406482,43.743292,7882126,1383447,2013,2013-08-23T04:00:00.000Z,1730,17,OLD YORK MILLS RD,YONGE ST, ,Major Arterial,North York,815,15,8,32,0,0,43.743292,-79.406482,Intersection, ,Stop Sign,Clear,Daylight,Dry,Non-Fatal Injury,Cyclist Collisions,Driver,45 to 49,None,0,West,"Automobile, Station Wagon",Turning Right,Failed to Yield Right of Way,Normal, , , , , , , ,Yes,Yes, , , , , , ,Yes, , , ,41,Bridle Path-Sunnybrook-York Mills (41),902
-79.406482,43.743292,7882127,1383447,2013,2013-08-23T04:00:00.000Z,1730,17,OLD YORK MILLS RD,YONGE ST, ,Major Arterial,North York,815,15,8,32,0,0,43.743292,-79.406482,Intersection, ,Stop Sign,Clear,Daylight,Dry,Non-Fatal Injury,Cyclist Collisions,Cyclist,30 to 34,Major,0,South,Bicycle,Going Ahead, , , , , ,"Motorist turns right at non-signal Inter.(stop, yield, no cont.,and dwy) and strikes cyclist.",Driving Properly,Normal, ,Yes,Yes, , , , , , ,Yes, , , ,41,Bridle Path-Sunnybrook-York Mills (41),903
-79.307636,43.693019,80169465,4002616859,2014,2014-08-01T04:00:00.000Z,1730,17,WESTLAKE AVE,WESTBROOK AVE, ,Local,Toronto and East York,19,0,0,54,0,0,43.693019,-79.307636,Intersection,At Intersection,Stop Sign,Clear,Daylight,Dry,Non-Fatal Injury,Cyclist Collisions,Driver,65 to 69,None,0,South,"Automobile, Station Wagon",Going Ahead,Driving Properly,Normal, , , , , , , ,Yes,Yes, , , , , , , , , , ,60,Woodbine-Lumsden (60),904
-79.307636,43.693019,80169466,4002616859,2014,2014-08-01T04:00:00.000Z,1730,17,WESTLAKE AVE,WESTBROOK AVE, ,Local,Toronto and East York,19,0,0,54,0,0,43.693019,-79.307636,Intersection,At Intersection,Stop Sign,Clear,Daylight,Dry,Non-Fatal Injury,Cyclist Collisions,Cyclist,25 to 29,Major,0,West,Bicycle,Going Ahead, , , , , ,"Cyclist without ROW rides into path of motorist at inter, lnwy, dwy-Cyclist not turn.",Disobeyed Traffic Control,Normal, ,Yes,Yes, , , , , , , , , , ,60,Woodbine-Lumsden (60),905
-79.45589,43.719245,5865028,1117851,2009,2009-08-07T04:00:00.000Z,1731,17,3221 DUFFERIN St, , ,Major Arterial,North York,8,0,0,32,0,0,43.719245,-79.45589,Mid-Block, ,No Control,Clear,Daylight,Dry,Non-Fatal Injury,Cyclist Collisions,Vehicle Owner,unknown, ,0, ,Other, , , , , , , , , , ,Yes,Yes, , , , , , , , , , ,31,Yorkdale-Glen Park (31),906
-79.45589,43.719245,5865029,1117851,2009,2009-08-07T04:00:00.000Z,1731,17,3221 DUFFERIN St, , ,Major Arterial,North York,8,0,0,32,0,0,43.719245,-79.45589,Mid-Block, ,No Control,Clear,Daylight,Dry,Non-Fatal Injury,Cyclist Collisions,Driver,60 to 64,None,0,North,"Automobile, Station Wagon",Turning Right,Driving Properly,Normal, , , , , , , ,Yes,Yes, , , , , , , , , , ,31,Yorkdale-Glen Park (31),907
-79.311847,43.683406,80159335,4002017268,2014,2014-05-05T04:00:00.000Z,644,6,WOODBINE AVE,MERRILL AVE E, ,Major Arterial,Toronto and East York,19,0,0,55,0,0,43.683406,-79.311847,Intersection,Intersection Related,Stop Sign,Clear,Daylight,Dry,Non-Fatal Injury,Cyclist Collisions,Passenger,unknown,None,0, , , , , , , , , , , , ,Yes,Yes, , , , ,Yes, ,Yes, , , ,64,Woodbine Corridor (64),908
-79.311847,43.683406,80159336,4002017268,2014,2014-05-05T04:00:00.000Z,644,6,WOODBINE AVE,MERRILL AVE E, ,Major Arterial,Toronto and East York,19,0,0,55,0,0,43.683406,-79.311847,Intersection,Intersection Related,Stop Sign,Clear,Daylight,Dry,Non-Fatal Injury,Cyclist Collisions,Passenger,unknown,None,0, , , , , , , , , , , , ,Yes,Yes, , , , ,Yes, ,Yes, , , ,64,Woodbine Corridor (64),909
-79.311847,43.683406,80159337,4002017268,2014,2014-05-05T04:00:00.000Z,644,6,WOODBINE AVE,MERRILL AVE E, ,Major Arterial,Toronto and East York,19,0,0,55,0,0,43.683406,-79.311847,Intersection,Intersection Related,Stop Sign,Clear,Daylight,Dry,Non-Fatal Injury,Cyclist Collisions,Cyclist,55 to 59,Major,0,South,Bicycle,Going Ahead, , , , , ,Motorist turned left across cyclists path.,Driving Properly,Normal, ,Yes,Yes, , , , ,Yes, ,Yes, , , ,64,Woodbine Corridor (64),910
-79.574611,43.728068,80777622,7000769510,2017,2017-05-02T04:00:00.000Z,645,6,WESTHUMBER BLVD,KIPLING AVE, ,Major Arterial,Etobicoke York,1,0,0,23,0,0,43.728068,-79.574611,Intersection,At Intersection,Traffic Signal,Clear,"Dawn, artificial",Dry,Non-Fatal Injury,Cyclist Collisions,Driver,45 to 49,None,0,East,"Automobile, Station Wagon",Turning Right,Improper Turn,Inattentive, , , , , , , ,Yes,Yes, , , , , , , , , , ,4,Rexdale-Kipling (4),911
-79.574611,43.728068,80777623,7000769510,2017,2017-05-02T04:00:00.000Z,645,6,WESTHUMBER BLVD,KIPLING AVE, ,Major Arterial,Etobicoke York,1,0,0,23,0,0,43.728068,-79.574611,Intersection,At Intersection,Traffic Signal,Clear,"Dawn, artificial",Dry,Non-Fatal Injury,Cyclist Collisions,Cyclist,60 to 64,Major,0,West,Bicycle,Going Ahead, , , , , ,Motorist turning right on red at signalized intersection strikes cyclist.,Driving Properly,Normal, ,Yes,Yes, , , , , , , , , , ,4,Rexdale-Kipling (4),912
-79.53622,43.753218,80632453,6000800445,2016,2016-05-10T04:00:00.000Z,648,6,FINCH AVE W,SIGNET DR,25 m East of,Major Arterial,Etobicoke York,7,0,0,31,0,0,43.753218,-79.53622,Intersection,At Intersection,Traffic Signal,Clear,Daylight,Dry,Non-Fatal Injury,Cyclist Collisions,Cyclist,30 to 34,Minimal,0,East,Bicycle,Going Ahead, , , , , ,Cyclist and Driver travelling in same direction. One vehicle sideswipes the other.,Lost control,Normal, ,Yes,Yes, , , , , , , , , , ,22,Humbermede (22),913