X,Y,Index_,ACCNUM,YEAR,DATE,TIME,Hour,STREET1,STREET2,OFFSET,ROAD_CLASS,District,WardNum,WardNum_X,WardNum_Y,Division,Division_X,Division_Y,LATITUDE,LONGITUDE,LOCCOORD,ACCLOC,TRAFFCTL,VISIBILITY,LIGHT,RDSFCOND,ACCLASS,IMPACTYPE,INVTYPE,INVAGE,INJURY,FATAL_NO,INITDIR,VEHTYPE,MANOEUVER,DRIVACT,DRIVCOND,PEDTYPE,PEDACT,PEDCOND,CYCLISTYPE,CYCACT,CYCCOND,PEDESTRIAN,CYCLIST,AUTOMOBILE,MOTORCYCLE,TRUCK,TRSN_CITY_,EMERG_VEH,PASSENGER,SPEEDING,AG_DRIV,REDLIGHT,ALCOHOL,DISABILITY,Hood_ID,Neighbourh,ObjectId
-79.53622,43.753218,80632454,6000800445,2016,2016-05-10T04:00:00.000Z,648,6,FINCH AVE W,SIGNET DR,25 m East of,Major Arterial,Etobicoke York,7,0,0,31,0,0,43.753218,-79.53622,Intersection,At Intersection,Traffic Signal,Clear,Daylight,Dry,Non-Fatal Injury,Cyclist Collisions,Driver,30 to 34,Major,0,East,"Automobile, Station Wagon",Going Ahead,Driving Properly,Normal, , , , , , , ,Yes,Yes, , , , , , , , , , ,22,Humbermede (22),914
-79.42639,43.653545,6634062,1236286,2011,2011-03-30T04:00:00.000Z,650,6,COLLEGE ST,DOVERCOURT RD, ,Major Arterial,Toronto and East York,9,0,0,14,0,0,43.653545,-79.42639,Intersection,At Intersection,Traffic Signal,Clear,Daylight,Dry,Non-Fatal Injury,Cyclist Collisions,Vehicle Owner,unknown, ,0, ,Other, , , , , , , , , , ,Yes, , ,Yes, , , , , , , , ,84,Little Portugal (84),915
-79.42639,43.653545,6634063,1236286,2011,2011-03-30T04:00:00.000Z,650,6,COLLEGE ST,DOVERCOURT RD, ,Major Arterial,Toronto and East York,9,0,0,14,0,0,43.653545,-79.42639,Intersection,At Intersection,Traffic Signal,Clear,Daylight,Dry,Non-Fatal Injury,Cyclist Collisions,Truck Driver,60 to 64,None,0,East,Truck - Open,Turning Right,Driving Properly,Normal, , , , , , , ,Yes, , ,Yes, , , , , , , , ,84,Little Portugal (84),916
-79.42639,43.653545,6634064,1236286,2011,2011-03-30T04:00:00.000Z,650,6,COLLEGE ST,DOVERCOURT RD, ,Major Arterial,Toronto and East York,9,0,0,14,0,0,43.653545,-79.42639,Intersection,At Intersection,Traffic Signal,Clear,Daylight,Dry,Non-Fatal Injury,Cyclist Collisions,Cyclist,45 to 49,Major,0,West,Bicycle,Going Ahead, , , , , ,"Cyclist without ROW rides into path of motorist at inter, lnwy, dwy-Cyclist not turn.",Other,Inattentive, ,Yes, , ,Yes, , , , , , , , ,84,Little Portugal (84),917
-79.287105,43.691493,7873296,1379733,2013,2013-07-24T04:00:00.000Z,657,6,DANFORTH Ave,THORA Ave, ,Major Arterial,Scarborough,20,0,0,41,0,0,43.691493,-79.287105,Intersection, ,No Control,Clear,Daylight,Dry,Non-Fatal Injury,Cyclist Collisions,Driver,60 to 64,None,0,South,"Automobile, Station Wagon",Turning Right,Failed to Yield Right of Way,Normal, , , , , , , ,Yes,Yes, , , , , , ,Yes, , , ,121,Oakridge (121),918
-79.287105,43.691493,7873297,1379733,2013,2013-07-24T04:00:00.000Z,657,6,DANFORTH Ave,THORA Ave, ,Major Arterial,Scarborough,20,0,0,41,0,0,43.691493,-79.287105,Intersection, ,No Control,Clear,Daylight,Dry,Non-Fatal Injury,Cyclist Collisions,Cyclist,25 to 29,Major,0,West,Bicycle,Going Ahead, , , , , ,"Motorist turns right at non-signal Inter.(stop, yield, no cont.,and dwy) and strikes cyclist.",Other,Normal, ,Yes,Yes, , , , , , ,Yes, , , ,121,Oakridge (121),919
-79.432521,43.652568,80771307,7001007745,2017,2017-06-07T04:00:00.000Z,701,7,COLLEGE ST,DUFFERIN ST, ,Major Arterial,Toronto and East York,9,0,0,"11,14",14,11,43.652568,-79.432521,Intersection,Intersection Related,Traffic Signal,Clear,Daylight,Dry,Non-Fatal Injury,Cyclist Collisions,Driver,50 to 54,None,0,East,Pick Up Truck,Turning Left,Failed to Yield Right of Way,Inattentive, , , , , , , ,Yes,Yes, , , , , , ,Yes, , , ,84,Little Portugal (84),920
-79.432521,43.652568,80771308,7001007745,2017,2017-06-07T04:00:00.000Z,701,7,COLLEGE ST,DUFFERIN ST, ,Major Arterial,Toronto and East York,9,0,0,"11,14",14,11,43.652568,-79.432521,Intersection,Intersection Related,Traffic Signal,Clear,Daylight,Dry,Non-Fatal Injury,Cyclist Collisions,Cyclist,65 to 69,Major,0,West,Bicycle,Going Ahead, , , , , ,Motorist turned left across cyclists path.,Driving Properly,Normal, ,Yes,Yes, , , , , , ,Yes, , , ,84,Little Portugal (84),921
-79.258067,43.752963,7879485,1382346,2013,2013-10-21T04:00:00.000Z,702,7,RUSHLEY DR,LAWRENCE AVE E, ,Major Arterial,Scarborough,21,0,0,41,0,0,43.752963,-79.258067,Intersection, ,No Control,Rain,"Dawn, artificial",Wet,Non-Fatal Injury,Cyclist Collisions,Driver,unknown,None,0,East,"Automobile, Station Wagon",Turning Left,Failed to Yield Right of Way,Unknown, , , , , , , ,Yes,Yes, , , , , , ,Yes, , , ,127,Bendale (127),922
-79.258067,43.752963,7879486,1382346,2013,2013-10-21T04:00:00.000Z,702,7,RUSHLEY DR,LAWRENCE AVE E, ,Major Arterial,Scarborough,21,0,0,41,0,0,43.752963,-79.258067,Intersection, ,No Control,Rain,"Dawn, artificial",Wet,Non-Fatal Injury,Cyclist Collisions,Cyclist,30 to 34,Major,0,South,Bicycle,Going Ahead, , , , , ,Motorist turned left across cyclists path.,Driving Properly,Normal, ,Yes,Yes, , , , , , ,Yes, , , ,127,Bendale (127),923
-79.441814,43.668147,7855254,1371962,2013,2013-08-23T04:00:00.000Z,705,7,1245 DUPONT ST, , ,Major Arterial,Toronto and East York,9,0,0,11,0,0,43.668147,-79.441814,Mid-Block, ,No Control,Clear,Daylight,Dry,Non-Fatal Injury,Cyclist Collisions,Driver,40 to 44,None,0,East,"Automobile, Station Wagon",Going Ahead,Driving Properly,Normal, , , , , , , ,Yes,Yes, , , , , , , , , , ,93,Dovercourt-Wallace Emerson-Junction (93),924
-79.441814,43.668147,7855255,1371962,2013,2013-08-23T04:00:00.000Z,705,7,1245 DUPONT ST, , ,Major Arterial,Toronto and East York,9,0,0,11,0,0,43.668147,-79.441814,Mid-Block, ,No Control,Clear,Daylight,Dry,Non-Fatal Injury,Cyclist Collisions,Cyclist,15 to 19,Major,0,North,Bicycle,Other, , , , , ,"Cyclist without ROW rides into path of motorist at inter, lnwy, dwy-Cyclist not turn.",Failed to Yield Right of Way,Normal, ,Yes,Yes, , , , , , , , , , ,93,Dovercourt-Wallace Emerson-Junction (93),925
-79.44869,43.645445,7559635,1316502,2012,2012-08-14T04:00:00.000Z,707,7,RONCESVALLES AVE,WRIGHT AVE, ,Minor Arterial,Toronto and East York,4,0,0,11,0,0,43.645445,-79.44869,Intersection, ,No Control,Clear,Daylight,Wet,Non-Fatal Injury,Cyclist Collisions,Vehicle Owner,unknown, ,0, ,Other, , , , , , , , , , ,Yes,Yes, , , , , , , , , , ,86,Roncesvalles (86),926
-79.44869,43.645445,7559636,1316502,2012,2012-08-14T04:00:00.000Z,707,7,RONCESVALLES AVE,WRIGHT AVE, ,Minor Arterial,Toronto and East York,4,0,0,11,0,0,43.645445,-79.44869,Intersection, ,No Control,Clear,Daylight,Wet,Non-Fatal Injury,Cyclist Collisions,Driver,40 to 44,None,0,South,"Automobile, Station Wagon",Stopped,Other,Normal, , , , , , , ,Yes,Yes, , , , , , , , , , ,86,Roncesvalles (86),927
-79.44869,43.645445,7559637,1316502,2012,2012-08-14T04:00:00.000Z,707,7,RONCESVALLES AVE,WRIGHT AVE, ,Minor Arterial,Toronto and East York,4,0,0,11,0,0,43.645445,-79.44869,Intersection, ,No Control,Clear,Daylight,Wet,Non-Fatal Injury,Cyclist Collisions,Cyclist,10 to 14,Major,0,South,Bicycle,Going Ahead, , , , , ,Cyclist struck opened vehicle door,Driving Properly,Normal, ,Yes,Yes, , , , , , , , , , ,86,Roncesvalles (86),928
-79.397853,43.652507,7876120,1380946,2013,2013-10-16T04:00:00.000Z,710,7,SPADINA Ave,DUNDAS St W, ,Major Arterial,Toronto and East York,10,0,0,"14,52",52,14,43.652507,-79.397853,Mid-Block, ,No Control,Clear,Daylight,Wet,Fatal,Cyclist Collisions,Vehicle Owner,unknown, ,0, , , , , , , , , , , , ,Yes, , ,Yes, , , , , , , , ,78,Kensington-Chinatown (78),929
-79.397853,43.652507,7876121,1380946,2013,2013-10-16T04:00:00.000Z,710,7,SPADINA Ave,DUNDAS St W, ,Major Arterial,Toronto and East York,10,0,0,"14,52",52,14,43.652507,-79.397853,Mid-Block, ,No Control,Clear,Daylight,Wet,Fatal,Cyclist Collisions,Truck Driver,50 to 54,None,0,North,Truck - Dump,Going Ahead,Driving Properly,Normal, , , , , , , ,Yes, , ,Yes, , , , , , , , ,78,Kensington-Chinatown (78),930
-79.397853,43.652507,7876122,1380946,2013,2013-10-16T04:00:00.000Z,710,7,SPADINA Ave,DUNDAS St W, ,Major Arterial,Toronto and East York,10,0,0,"14,52",52,14,43.652507,-79.397853,Mid-Block, ,No Control,Clear,Daylight,Wet,Fatal,Cyclist Collisions,Cyclist,25 to 29,Fatal,49,North,Bicycle,Going Ahead, , , , , ,Cyclist and Driver travelling in same direction. One vehicle sideswipes the other.,Lost control,Normal, ,Yes, , ,Yes, , , , , , , , ,78,Kensington-Chinatown (78),931
-79.397853,43.652507,7876123,1380946,2013,2013-10-16T04:00:00.000Z,710,7,SPADINA Ave,DUNDAS St W, ,Major Arterial,Toronto and East York,10,0,0,"14,52",52,14,43.652507,-79.397853,Mid-Block, ,No Control,Clear,Daylight,Wet,Fatal,Cyclist Collisions,Other,unknown,None,0, , , , , , , , , , , , ,Yes, , ,Yes, , , , , , , , ,78,Kensington-Chinatown (78),932
-79.385181,43.655352,80771309,7001007889,2017,2017-06-07T04:00:00.000Z,715,7,DUNDAS ST W,ELIZABETH ST, ,Major Arterial,Toronto and East York,1110,10,11,52,0,0,43.655352,-79.385181,Intersection,At Intersection,No Control,Clear,Daylight,Dry,Non-Fatal Injury,Cyclist Collisions,Driver,55 to 59,None,0,West,"Automobile, Station Wagon",Turning Left,Failed to Yield Right of Way,Inattentive, , , , , , , ,Yes,Yes, , , , , , ,Yes, , , ,76,Bay Street Corridor (76),933
-79.385181,43.655352,80771310,7001007889,2017,2017-06-07T04:00:00.000Z,715,7,DUNDAS ST W,ELIZABETH ST, ,Major Arterial,Toronto and East York,1110,10,11,52,0,0,43.655352,-79.385181,Intersection,At Intersection,No Control,Clear,Daylight,Dry,Non-Fatal Injury,Cyclist Collisions,Cyclist,25 to 29,Major,0,East,Bicycle,Going Ahead, , , , , ,Motorist turned left across cyclists path.,Driving Properly,Normal, ,Yes,Yes, , , , , , ,Yes, , , ,76,Bay Street Corridor (76),934
-79.39879,43.654945,6149223,1171570,2010,2010-04-05T04:00:00.000Z,730,7,BALDWIN ST,SPADINA AVE, ,Major Arterial,Toronto and East York,11,0,0,"14,52",52,14,43.654945,-79.39879,Intersection,At Intersection,Stop Sign,Clear,Dawn,Dry,Non-Fatal Injury,Cyclist Collisions,Driver,55 to 59,None,0,West,"Automobile, Station Wagon",Going Ahead,Driving Properly,Normal, , , , , , , ,Yes,Yes, , , , , , , , , , ,78,Kensington-Chinatown (78),935
-79.39879,43.654945,6149224,1171570,2010,2010-04-05T04:00:00.000Z,730,7,BALDWIN ST,SPADINA AVE, ,Major Arterial,Toronto and East York,11,0,0,"14,52",52,14,43.654945,-79.39879,Intersection,At Intersection,Stop Sign,Clear,Dawn,Dry,Non-Fatal Injury,Cyclist Collisions,Cyclist,65 to 69,Major,0,South,Bicycle,Going Ahead, , , , , ,"Cyclist without ROW rides into path of motorist at inter, lnwy, dwy-Cyclist not turn.",Failed to Yield Right of Way,Normal, ,Yes,Yes, , , , , , , , , , ,78,Kensington-Chinatown (78),936
-79.409946,43.757689,80773465,7001286763,2017,2017-07-18T04:00:00.000Z,737,7,YONGE ST,CAMERON AVE,40 m North of,Major Arterial,North York,18,0,0,32,0,0,43.757689,-79.409946,Mid-Block,Non Intersection,No Control,Clear,Daylight,Dry,Non-Fatal Injury,Cyclist Collisions,Truck Driver,55 to 59,None,0,South,Truck - Dump,Changing Lanes,Improper Lane Change,Inattentive, , , , , , , ,Yes, , ,Yes, , , , , , , , ,51,Willowdale East (51),937
-79.409946,43.757689,80773466,7001286763,2017,2017-07-18T04:00:00.000Z,737,7,YONGE ST,CAMERON AVE,40 m North of,Major Arterial,North York,18,0,0,32,0,0,43.757689,-79.409946,Mid-Block,Non Intersection,No Control,Clear,Daylight,Dry,Non-Fatal Injury,Cyclist Collisions,Cyclist,40 to 44,Major,0,South,Bicycle,Going Ahead, , , , , ,Cyclist and Driver travelling in same direction. One vehicle sideswipes the other.,Driving Properly,Normal, ,Yes, , ,Yes, , , , , , , , ,51,Willowdale East (51),938
-79.382335,43.671149,80701816,5001769257,2015,2015-10-14T04:00:00.000Z,738,7,BLOOR ST E,ST PAULS SQ, ,Major Arterial,Toronto and East York,11,0,0,"51,53",53,51,43.671149,-79.382335,Intersection,Intersection Related,No Control,Clear,Daylight,Dry,Non-Fatal Injury,Cyclist Collisions,Cyclist,40 to 44,Major,0,West,Bicycle,Changing Lanes, , , , , ,Cyclist and Driver travelling in same direction. One vehicle sideswipes the other.,Lost control,Normal, ,Yes,Yes, , , , , , , , , , ,75,Church-Yonge Corridor (75),939
-79.382335,43.671149,80701817,5001769257,2015,2015-10-14T04:00:00.000Z,738,7,BLOOR ST E,ST PAULS SQ, ,Major Arterial,Toronto and East York,11,0,0,"51,53",53,51,43.671149,-79.382335,Intersection,Intersection Related,No Control,Clear,Daylight,Dry,Non-Fatal Injury,Cyclist Collisions,Driver,45 to 49,None,0,West,"Automobile, Station Wagon",Slowing or Stopping,Driving Properly,Normal, , , , , , , ,Yes,Yes, , , , , , , , , , ,75,Church-Yonge Corridor (75),940
-79.331714,43.666724,80160036,4002062071,2014,2014-05-12T04:00:00.000Z,740,7,DUNDAS ST E,LESLIE ST, ,Minor Arterial,Toronto and East York,14,0,0,55,0,0,43.666724,-79.331714,Intersection,At Intersection,Traffic Signal,Clear,Daylight,Dry,Non-Fatal Injury,Cyclist Collisions,Driver,35 to 39,None,0,West,"Automobile, Station Wagon",Turning Right,Failed to Yield Right of Way,Normal, , , , , , , ,Yes,Yes, , , , ,Yes, ,Yes, , , ,70,South Riverdale (70),941
-79.331714,43.666724,80160037,4002062071,2014,2014-05-12T04:00:00.000Z,740,7,DUNDAS ST E,LESLIE ST, ,Minor Arterial,Toronto and East York,14,0,0,55,0,0,43.666724,-79.331714,Intersection,At Intersection,Traffic Signal,Clear,Daylight,Dry,Non-Fatal Injury,Cyclist Collisions,Passenger,30 to 34,None,0, , , , , , , , , , , , ,Yes,Yes, , , , ,Yes, ,Yes, , , ,70,South Riverdale (70),942
-79.331714,43.666724,80160038,4002062071,2014,2014-05-12T04:00:00.000Z,740,7,DUNDAS ST E,LESLIE ST, ,Minor Arterial,Toronto and East York,14,0,0,55,0,0,43.666724,-79.331714,Intersection,At Intersection,Traffic Signal,Clear,Daylight,Dry,Non-Fatal Injury,Cyclist Collisions,Passenger,5 to 9,None,0, , , , , , , , , , , , ,Yes,Yes, , , , ,Yes, ,Yes, , , ,70,South Riverdale (70),943
-79.331714,43.666724,80160039,4002062071,2014,2014-05-12T04:00:00.000Z,740,7,DUNDAS ST E,LESLIE ST, ,Minor Arterial,Toronto and East York,14,0,0,55,0,0,43.666724,-79.331714,Intersection,At Intersection,Traffic Signal,Clear,Daylight,Dry,Non-Fatal Injury,Cyclist Collisions,Passenger,0 to 4,None,0, , , , , , , , , , , , ,Yes,Yes, , , , ,Yes, ,Yes, , , ,70,South Riverdale (70),944
-79.331714,43.666724,80160040,4002062071,2014,2014-05-12T04:00:00.000Z,740,7,DUNDAS ST E,LESLIE ST, ,Minor Arterial,Toronto and East York,14,0,0,55,0,0,43.666724,-79.331714,Intersection,At Intersection,Traffic Signal,Clear,Daylight,Dry,Non-Fatal Injury,Cyclist Collisions,Cyclist,40 to 44,Major,0,West,Bicycle,Going Ahead, , , , , ,Motorist turning right on green or amber at signalized intersection strikes cyclist.,Driving Properly,Normal, ,Yes,Yes, , , , ,Yes, ,Yes, , , ,70,South Riverdale (70),945
-79.39219,43.638445,6280487,1202989,2010,2010-11-19T05:00:00.000Z,744,7,LOWER SPADINA AVE,LAKE SHORE BLVD W, ,Expressway,Toronto and East York,10,0,0,"14,52",52,14,43.638445,-79.39219,Intersection,At Intersection,Traffic Signal,Clear,Daylight,Dry,Fatal,Cyclist Collisions,Vehicle Owner,unknown, ,0, ,Other, , , , , , , , , , ,Yes, , , ,Yes, , , , , , , ,77,Waterfront Communities-The Island (77),946
-79.39219,43.638445,6280488,1202989,2010,2010-11-19T05:00:00.000Z,744,7,LOWER SPADINA AVE,LAKE SHORE BLVD W, ,Expressway,Toronto and East York,10,0,0,"14,52",52,14,43.638445,-79.39219,Intersection,At Intersection,Traffic Signal,Clear,Daylight,Dry,Fatal,Cyclist Collisions,Driver,30 to 34,None,0,South,Municipal Transit Bus (TTC),Going Ahead,Driving Properly,Normal, , , , , , , ,Yes, , , ,Yes, , , , , , , ,77,Waterfront Communities-The Island (77),947
-79.39219,43.638445,6280489,1202989,2010,2010-11-19T05:00:00.000Z,744,7,LOWER SPADINA AVE,LAKE SHORE BLVD W, ,Expressway,Toronto and East York,10,0,0,"14,52",52,14,43.638445,-79.39219,Intersection,At Intersection,Traffic Signal,Clear,Daylight,Dry,Fatal,Cyclist Collisions,Cyclist,60 to 64,Fatal,36,East,Bicycle,Pulling Away from Shoulder or Curb, , , , , ,"Cyclist without ROW rides into path of motorist at inter, lnwy, dwy-Cyclist not turn.",Disobeyed Traffic Control,Normal, ,Yes, , , ,Yes, , , , , , , ,77,Waterfront Communities-The Island (77),948
-79.40589,43.740345,5284374,1124210,2009,2009-08-17T04:00:00.000Z,745,7,YONGE ST,MILL ST, ,Major Arterial,North York,815,15,8,32,0,0,43.740345,-79.40589,Intersection,At Intersection,Traffic Signal,Clear,Daylight,Dry,Non-Fatal Injury,SMV Other,Moped Driver,55 to 59,Major,0,North,Moped,Going Ahead,Lost control,Normal, , , , , , , ,Yes, , , , , , , , , , , ,41,Bridle Path-Sunnybrook-York Mills (41),949
-79.43299,43.680145,5405580,1058466,2008,2008-08-26T04:00:00.000Z,745,7,ST CLAIR AVE W,WINONA DR, ,Major Arterial,Toronto and East York,9,0,0,13,0,0,43.680145,-79.43299,Mid-Block, ,No Control,Clear,Daylight,Dry,Non-Fatal Injury,Cyclist Collisions,Driver,30 to 34,None,0,West,"Automobile, Station Wagon",Parked,Other,Normal, , , , , , , ,Yes,Yes, , , , , , , , , , ,94,Wychwood (94),950
-79.43299,43.680145,5405581,1058466,2008,2008-08-26T04:00:00.000Z,745,7,ST CLAIR AVE W,WINONA DR, ,Major Arterial,Toronto and East York,9,0,0,13,0,0,43.680145,-79.43299,Mid-Block, ,No Control,Clear,Daylight,Dry,Non-Fatal Injury,Cyclist Collisions,Cyclist,45 to 49,Major,0,West,Bicycle,Going Ahead, , , , , ,Cyclist struck opened vehicle door,Driving Properly,Normal, ,Yes,Yes, , , , , , , , , , ,94,Wychwood (94),951
-79.342525,43.733699,7892886,1387683,2013,2013-10-03T04:00:00.000Z,748,7,1090 DON MILLS Rd, , ,Major Arterial,North York,16,0,0,33,0,0,43.733699,-79.342525,Mid-Block, ,No Control,Clear,Daylight,Dry,Non-Fatal Injury,Cyclist Collisions,Driver,20 to 24,None,0,North,"Automobile, Station Wagon",Turning Left,Failed to Yield Right of Way,Inattentive, , , , , , , ,Yes,Yes, , , , , , ,Yes, , , ,42,Banbury-Don Mills (42),952
-79.342525,43.733699,7892887,1387683,2013,2013-10-03T04:00:00.000Z,748,7,1090 DON MILLS Rd, , ,Major Arterial,North York,16,0,0,33,0,0,43.733699,-79.342525,Mid-Block, ,No Control,Clear,Daylight,Dry,Non-Fatal Injury,Cyclist Collisions,Cyclist,45 to 49,Major,0,South,Bicycle,Going Ahead, , , , , ,Motorist turned left across cyclists path.,Driving Properly,Normal, ,Yes,Yes, , , , , , ,Yes, , , ,42,Banbury-Don Mills (42),953
-79.36799,43.652245,7850472,1369849,2013,2013-06-13T04:00:00.000Z,751,7,ADELAIDE ST E,SHERBOURNE ST, ,Major Arterial,Toronto and East York,13,0,0,51,0,0,43.652245,-79.36799,Mid-Block, ,No Control,Rain,Daylight,Wet,Non-Fatal Injury,Cyclist Collisions,Vehicle Owner,unknown, ,0, ,Other, , , , , , , , , , ,Yes, , ,Yes, , , , , , , , ,73,Moss Park (73),954
-79.36799,43.652245,7850473,1369849,2013,2013-06-13T04:00:00.000Z,751,7,ADELAIDE ST E,SHERBOURNE ST, ,Major Arterial,Toronto and East York,13,0,0,51,0,0,43.652245,-79.36799,Mid-Block, ,No Control,Rain,Daylight,Wet,Non-Fatal Injury,Cyclist Collisions,Truck Driver,35 to 39,None,0,East,Truck - Open,Going Ahead,Driving Properly,Normal, , , , , , , ,Yes, , ,Yes, , , , , , , , ,73,Moss Park (73),955
-79.36799,43.652245,7850474,1369849,2013,2013-06-13T04:00:00.000Z,751,7,ADELAIDE ST E,SHERBOURNE ST, ,Major Arterial,Toronto and East York,13,0,0,51,0,0,43.652245,-79.36799,Mid-Block, ,No Control,Rain,Daylight,Wet,Non-Fatal Injury,Cyclist Collisions,Cyclist,25 to 29,Major,0,East,Bicycle,Going Ahead, , , , , ,Cyclist and Driver travelling in same direction. One vehicle sideswipes the other.,Lost control,Normal, ,Yes, , ,Yes, , , , , , , , ,73,Moss Park (73),956
-79.38219,43.648146,7892935,1387708,2013,2013-10-02T04:00:00.000Z,752,7,77 KING St W, , ,Major Arterial,Toronto and East York,10,0,0,52,0,0,43.648146,-79.38219,Mid-Block, ,No Control,Clear,Daylight,Dry,Non-Fatal Injury,Cyclist Collisions,Driver,35 to 39,None,0,East,"Automobile, Station Wagon",Going Ahead,Exceeding Speed Limit,Normal, , , , , , , ,Yes,Yes, , , , , ,Yes,Yes, , , ,76,Bay Street Corridor (76),957
-79.38219,43.648146,7892936,1387708,2013,2013-10-02T04:00:00.000Z,752,7,77 KING St W, , ,Major Arterial,Toronto and East York,10,0,0,52,0,0,43.648146,-79.38219,Mid-Block, ,No Control,Clear,Daylight,Dry,Non-Fatal Injury,Cyclist Collisions,Driver,55 to 59,None,0,East,"Automobile, Station Wagon",Stopped,Other,Inattentive, , , , , , , ,Yes,Yes, , , , , ,Yes,Yes, , , ,76,Bay Street Corridor (76),958
-79.38219,43.648146,7892937,1387708,2013,2013-10-02T04:00:00.000Z,752,7,77 KING St W, , ,Major Arterial,Toronto and East York,10,0,0,52,0,0,43.648146,-79.38219,Mid-Block, ,No Control,Clear,Daylight,Dry,Non-Fatal Injury,Cyclist Collisions,Cyclist,30 to 34,Major,0,East,Bicycle,Overtaking, , , , , ,Cyclist struck opened vehicle door,Driving Properly,Normal, ,Yes,Yes, , , , , ,Yes,Yes, , , ,76,Bay Street Corridor (76),959
-79.352802,43.701914,80777266,7000867225,2017,2017-05-17T04:00:00.000Z,752,7,MILLWOOD RD,OVERLEA BLVD,20 m South of,Major Arterial,North York,15,0,0,53,0,0,43.701914,-79.352802,Intersection,Intersection Related,Traffic Signal,Clear,Daylight,Dry,Non-Fatal Injury,Cyclist Collisions,Cyclist,10 to 14,Major,0,North,Bicycle,Merging, , , , , ,Cyclist and Driver travelling in same direction. One vehicle sideswipes the other.,Improper Lane Change,Normal, ,Yes,Yes, , , , , , , , , , ,55,Thorncliffe Park (55),960
-79.352802,43.701914,80777267,7000867225,2017,2017-05-17T04:00:00.000Z,752,7,MILLWOOD RD,OVERLEA BLVD,20 m South of,Major Arterial,North York,15,0,0,53,0,0,43.701914,-79.352802,Intersection,Intersection Related,Traffic Signal,Clear,Daylight,Dry,Non-Fatal Injury,Cyclist Collisions,Driver,60 to 64,None,0,North,"Automobile, Station Wagon",Going Ahead,Driving Properly,Normal, , , , , , , ,Yes,Yes, , , , , , , , , , ,55,Thorncliffe Park (55),961
-79.527782,43.7741,80161544,4002160939,2014,2014-05-27T04:00:00.000Z,755,7,STEELES AVE W,PETER KAISER GT, ,Major Arterial,Etobicoke York,7,0,0,31,0,0,43.7741,-79.527782,Mid-Block,Non Intersection,No Control,Clear,Daylight,Dry,Non-Fatal Injury,Cyclist Collisions,Driver,50 to 54,None,0,East,"Automobile, Station Wagon",Changing Lanes,Improper Lane Change,Normal, , , , , , , ,Yes,Yes, , , , , , , , , , ,24,Black Creek (24),962
-79.527782,43.7741,80161545,4002160939,2014,2014-05-27T04:00:00.000Z,755,7,STEELES AVE W,PETER KAISER GT, ,Major Arterial,Etobicoke York,7,0,0,31,0,0,43.7741,-79.527782,Mid-Block,Non Intersection,No Control,Clear,Daylight,Dry,Non-Fatal Injury,Cyclist Collisions,Cyclist,45 to 49,Major,0,East,Bicycle,Going Ahead, , , , , ,Cyclist and Driver travelling in same direction. One vehicle sideswipes the other.,Driving Properly,Normal, ,Yes,Yes, , , , , , , , , , ,24,Black Creek (24),963
-79.321346,43.812712,80937445,7003199347,2017,2017-12-15T05:00:00.000Z,757,7,BAMBURGH CRCL,FUNDY BAY  BLVD,50 m East of,Collector,Scarborough,22,0,0,42,0,0,43.812712,-79.321346,Mid-Block,Non Intersection,No Control,Clear,Daylight,Wet,Non-Fatal Injury,Cyclist Collisions,Driver,85 to 89,None,0,North,"Automobile, Station Wagon",Going Ahead,Other,Normal, , , , , , , ,Yes,Yes, , , , , , , , , , ,116,Steeles (116),964
-79.321346,43.812712,80937446,7003199347,2017,2017-12-15T05:00:00.000Z,757,7,BAMBURGH CRCL,FUNDY BAY  BLVD,50 m East of,Collector,Scarborough,22,0,0,42,0,0,43.812712,-79.321346,Mid-Block,Non Intersection,No Control,Clear,Daylight,Wet,Non-Fatal Injury,Cyclist Collisions,Cyclist,65 to 69,Major,0,North,Bicycle,Going Ahead, , , , , ,Cyclist and Driver travelling in same direction. One vehicle sideswipes the other.,Driving Properly,Unknown, ,Yes,Yes, , , , , , , , , , ,116,Steeles (116),965
-79.34119,43.671345,5392707,1052983,2008,2008-07-18T04:00:00.000Z,800,8,RIVERDALE Ave,PAPE Ave, ,Local,Toronto and East York,14,0,0,55,0,0,43.671345,-79.34119,Mid-Block, ,No Control,Clear,Daylight,Dry,Non-Fatal Injury,Cyclist Collisions,Driver,30 to 34,None,0,North,"Automobile, Station Wagon",Turning Left,Failed to Yield Right of Way,Normal, , , , , , , ,Yes,Yes, , , , , , ,Yes, , , ,69,Blake-Jones (69),966
-79.34119,43.671345,5392708,1052983,2008,2008-07-18T04:00:00.000Z,800,8,RIVERDALE Ave,PAPE Ave, ,Local,Toronto and East York,14,0,0,55,0,0,43.671345,-79.34119,Mid-Block, ,No Control,Clear,Daylight,Dry,Non-Fatal Injury,Cyclist Collisions,Cyclist,55 to 59,Major,0,East,Bicycle,Going Ahead, , , , , ,Motorist turned left across cyclists path.,Driving Properly,Normal, ,Yes,Yes, , , , , , ,Yes, , , ,69,Blake-Jones (69),967
-79.334277,43.666098,80877084,8000880741,2018,2018-05-16T04:00:00.000Z,800,8,JONES AVE,DUNDAS ST E, ,Minor Arterial,Toronto and East York,14,0,0,55,0,0,43.666098,-79.334277,Intersection,At Intersection,Traffic Signal,Clear,Daylight,Dry,Fatal,Cyclist Collisions,Truck Driver,25 to 29,None,0,West,"Truck - Closed (Blazer, etc)",Turning Right,Failed to Yield Right of Way,Normal, , , , , , , ,Yes, , ,Yes, , , , ,Yes, , , ,70,South Riverdale (70),968