X,Y,Index_,ACCNUM,YEAR,DATE,TIME,Hour,STREET1,STREET2,OFFSET,ROAD_CLASS,District,WardNum,WardNum_X,WardNum_Y,Division,Division_X,Division_Y,LATITUDE,LONGITUDE,LOCCOORD,ACCLOC,TRAFFCTL,VISIBILITY,LIGHT,RDSFCOND,ACCLASS,IMPACTYPE,INVTYPE,INVAGE,INJURY,FATAL_NO,INITDIR,VEHTYPE,MANOEUVER,DRIVACT,DRIVCOND,PEDTYPE,PEDACT,PEDCOND,CYCLISTYPE,CYCACT,CYCCOND,PEDESTRIAN,CYCLIST,AUTOMOBILE,MOTORCYCLE,TRUCK,TRSN_CITY_,EMERG_VEH,PASSENGER,SPEEDING,AG_DRIV,REDLIGHT,ALCOHOL,DISABILITY,Hood_ID,Neighbourh,ObjectId
-79.334277,43.666098,80943473,8000880741,2018,2018-05-16T04:00:00.000Z,800,8,JONES AVE,DUNDAS ST E, ,Minor Arterial,Toronto and East York,14,0,0,55,0,0,43.666098,-79.334277,Intersection,At Intersection,Traffic Signal,Clear,Daylight,Dry,Fatal,Cyclist Collisions,Cyclist,50 to 54,Fatal,25,West,Bicycle,Going Ahead, , , , , ,Motorist turning right on green or amber at signalized intersection strikes cyclist.,Driving Properly,Normal, ,Yes, , ,Yes, , , , ,Yes, , , ,70,South Riverdale (70),969
-79.49539,43.649645,5356630,1036978,2008,2008-04-21T04:00:00.000Z,805,8,BLOOR ST W,OLD MILL TER, ,Major Arterial,Etobicoke York,3,0,0,22,0,0,43.649645,-79.49539,Intersection, ,Traffic Signal,Clear,Daylight,Dry,Non-Fatal Injury,Cyclist Collisions,Driver,35 to 39,None,0,South,"Automobile, Station Wagon",Turning Right,Driving Properly,Normal, , , , , , , ,Yes,Yes, , , , , , , , , , ,15,Kingsway South (15),970
-79.49539,43.649645,5356631,1036978,2008,2008-04-21T04:00:00.000Z,805,8,BLOOR ST W,OLD MILL TER, ,Major Arterial,Etobicoke York,3,0,0,22,0,0,43.649645,-79.49539,Intersection, ,Traffic Signal,Clear,Daylight,Dry,Non-Fatal Injury,Cyclist Collisions,Cyclist,20 to 24,Major,0,East,Bicycle,Going Ahead, , , , , ,Motorist turning right on green or amber at signalized intersection strikes cyclist.,Other,Normal, ,Yes,Yes, , , , , , , , , , ,15,Kingsway South (15),971
-79.49899,43.697345,5404090,1057892,2008,2008-09-10T04:00:00.000Z,806,8,TRETHEWEY DR,TEDDER ST, ,Minor Arterial,Etobicoke York,5,0,0,12,0,0,43.697345,-79.49899,Intersection,At Intersection,No Control,Clear,Daylight,Dry,Fatal,Cyclist Collisions,Driver,50 to 54,None,0,East,"Automobile, Station Wagon",Turning Left,Failed to Yield Right of Way,Inattentive, , , , , , , ,Yes,Yes, , , , , ,Yes,Yes, , , ,30,Brookhaven-Amesbury (30),972
-79.49899,43.697345,5404091,1057892,2008,2008-09-10T04:00:00.000Z,806,8,TRETHEWEY DR,TEDDER ST, ,Minor Arterial,Etobicoke York,5,0,0,12,0,0,43.697345,-79.49899,Intersection,At Intersection,No Control,Clear,Daylight,Dry,Fatal,Cyclist Collisions,Cyclist,50 to 54,Fatal,39,West,Bicycle, , , , , , ,Motorist turned left across cyclists path.,Driving Properly,Normal, ,Yes,Yes, , , , , ,Yes,Yes, , , ,30,Brookhaven-Amesbury (30),973
-79.36149,43.648645,5364538,1040428,2008,2008-05-28T04:00:00.000Z,810,8,PARLIAMENT St,LAKE SHORE Blvd E, ,Minor Arterial,Toronto and East York,10,0,0,51,0,0,43.648645,-79.36149,Mid-Block,At Intersection,No Control,Clear,Daylight,Dry,Non-Fatal Injury,Cyclist Collisions,Driver,40 to 44,None,0,North,"Automobile, Station Wagon",Going Ahead,Driving Properly,Normal, , , , , , , ,Yes,Yes, , , , , , , , , , ,77,Waterfront Communities-The Island (77),974
-79.36149,43.648645,5364539,1040428,2008,2008-05-28T04:00:00.000Z,810,8,PARLIAMENT St,LAKE SHORE Blvd E, ,Minor Arterial,Toronto and East York,10,0,0,51,0,0,43.648645,-79.36149,Mid-Block,At Intersection,No Control,Clear,Daylight,Dry,Non-Fatal Injury,Cyclist Collisions,Cyclist,20 to 24,Major,0,North,Bicycle,Changing Lanes, , , , , ,Cyclist and Driver travelling in same direction. One vehicle sideswipes the other.,Improper Lane Change,Inattentive, ,Yes,Yes, , , , , , , , , , ,77,Waterfront Communities-The Island (77),975
-79.43996,43.650939,6712849,1270018,2011,2011-10-18T04:00:00.000Z,810,8,LANSDOWNE AVE,COLLEGE ST, ,Minor Arterial,Toronto and East York,9,0,0,11,0,0,43.650939,-79.43996,Intersection,At Intersection,Traffic Signal,Clear,Daylight,Dry,Non-Fatal Injury,Cyclist Collisions,Driver,35 to 39,None,0,North,"Automobile, Station Wagon",Slowing or Stopping,Other,Normal, , , , , , , ,Yes,Yes, , , , , , , , , , ,83,Dufferin Grove (83),976
-79.43996,43.650939,6712850,1270018,2011,2011-10-18T04:00:00.000Z,810,8,LANSDOWNE AVE,COLLEGE ST, ,Minor Arterial,Toronto and East York,9,0,0,11,0,0,43.650939,-79.43996,Intersection,At Intersection,Traffic Signal,Clear,Daylight,Dry,Non-Fatal Injury,Cyclist Collisions,Cyclist,40 to 44,Major,0,North,Bicycle,Going Ahead, , , , , ,Cyclist and Driver travelling in same direction. One vehicle rear-ended the other.,Other,Normal, ,Yes,Yes, , , , , , , , , , ,83,Dufferin Grove (83),977
-79.40768,43.656409,7888332,1386051,2013,2013-10-22T04:00:00.000Z,811,8,BATHURST ST,COLLEGE ST, ,Major Arterial,Toronto and East York,11,0,0,14,0,0,43.656409,-79.40768,Intersection,At Intersection,Traffic Signal,Clear,Daylight,Dry,Non-Fatal Injury,Cyclist Collisions,Driver,50 to 54,Major,0,South,"Automobile, Station Wagon",Turning Left,Driving Properly,Normal, , , , , , , ,Yes,Yes, , , , , , , , , , ,78,Kensington-Chinatown (78),978
-79.40768,43.656409,7888333,1386051,2013,2013-10-22T04:00:00.000Z,811,8,BATHURST ST,COLLEGE ST, ,Major Arterial,Toronto and East York,11,0,0,14,0,0,43.656409,-79.40768,Intersection,At Intersection,Traffic Signal,Clear,Daylight,Dry,Non-Fatal Injury,Cyclist Collisions,Cyclist,45 to 49,Minor,0,South,Bicycle,Going Ahead, , , , , ,"Cyclist without ROW rides into path of motorist at inter, lnwy, dwy-Cyclist not turn.",Other,Normal, ,Yes,Yes, , , , , , , , , , ,78,Kensington-Chinatown (78),979
-79.40389,43.666645,6151703,1172629,2010,2010-05-13T04:00:00.000Z,812,8,BLOOR ST W,SPADINA AVE, ,Major Arterial,Toronto and East York,11,0,0,"14,53,52",0,0,43.666645,-79.40389,Intersection,At Intersection,Traffic Signal,Clear,Daylight,Dry,Non-Fatal Injury,Cyclist Collisions,Driver,50 to 54,None,0,West,"Automobile, Station Wagon",Turning Left,Failed to Yield Right of Way,Inattentive, , , , , , , ,Yes,Yes, , , , , , ,Yes, , , ,79,University (79),980
-79.40389,43.666645,6151704,1172629,2010,2010-05-13T04:00:00.000Z,812,8,BLOOR ST W,SPADINA AVE, ,Major Arterial,Toronto and East York,11,0,0,"14,53,52",0,0,43.666645,-79.40389,Intersection,At Intersection,Traffic Signal,Clear,Daylight,Dry,Non-Fatal Injury,Cyclist Collisions,Cyclist,25 to 29,Major,0,East,Bicycle,Going Ahead, , , , , ,Motorist turned left across cyclists path.,Driving Properly,Normal, ,Yes,Yes, , , , , , ,Yes, , , ,79,University (79),981
-79.417232,43.640975,80252344,5001723055,2015,2015-10-06T04:00:00.000Z,813,8,KING ST W,SUDBURY ST,15 m West of,Major Arterial,Toronto and East York,10,0,0,14,0,0,43.640975,-79.417232,Intersection,Non Intersection,Traffic Signal,Clear,Daylight,Dry,Non-Fatal Injury,Cyclist Collisions,Cyclist,20 to 24,Major,0,East,Bicycle,Changing Lanes, , , , , ,Cyclist and Driver travelling in same direction. One vehicle sideswipes the other.,Improper Lane Change,Inattentive, ,Yes,Yes, , , , , , , , , , ,82,Niagara (82),982
-79.417232,43.640975,80252345,5001723055,2015,2015-10-06T04:00:00.000Z,813,8,KING ST W,SUDBURY ST,15 m West of,Major Arterial,Toronto and East York,10,0,0,14,0,0,43.640975,-79.417232,Intersection,Non Intersection,Traffic Signal,Clear,Daylight,Dry,Non-Fatal Injury,Cyclist Collisions,Driver,55 to 59,None,0,East,"Automobile, Station Wagon",Going Ahead,Driving Properly,Normal, , , , , , , ,Yes,Yes, , , , , , , , , , ,82,Niagara (82),983
-79.38859,43.704245,5864472,1154355,2009,2009-06-02T04:00:00.000Z,820,8,MANOR RD E,MOUNT PLEASANT RD, ,Major Arterial,Toronto and East York,1215,15,12,53,0,0,43.704245,-79.38859,Intersection, ,Traffic Signal,Clear,Daylight,Dry,Non-Fatal Injury,Cyclist Collisions,Driver,45 to 49,None,0,West,"Automobile, Station Wagon",Stopped,Driving Properly,Inattentive, , , , , , , ,Yes,Yes, , , , , , , , , , ,104,Mount Pleasant West (104),984
-79.38859,43.704245,5864473,1154355,2009,2009-06-02T04:00:00.000Z,820,8,MANOR RD E,MOUNT PLEASANT RD, ,Major Arterial,Toronto and East York,1215,15,12,53,0,0,43.704245,-79.38859,Intersection, ,Traffic Signal,Clear,Daylight,Dry,Non-Fatal Injury,Cyclist Collisions,Cyclist,20 to 24,Major,0,West,Bicycle,Going Ahead, , , , , ,Cyclist struck opened vehicle door,Driving Properly,Normal, ,Yes,Yes, , , , , , , , , , ,104,Mount Pleasant West (104),985
-79.5079,43.642501,7874117,1380106,2013,2013-07-25T04:00:00.000Z,820,8,GLENROY Ave,HUMBERVALE Blvd, ,Local,Etobicoke York,3,0,0,22,0,0,43.642501,-79.5079,Intersection,At Intersection,Stop Sign,Clear,Daylight,Dry,Non-Fatal Injury,Cyclist Collisions,Driver,50 to 54,None,0,West,"Automobile, Station Wagon",Going Ahead,Driving Properly,Normal, , , , , , , ,Yes,Yes, , , , , , , , , , ,16,Stonegate-Queensway (16),986
-79.5079,43.642501,7874118,1380106,2013,2013-07-25T04:00:00.000Z,820,8,GLENROY Ave,HUMBERVALE Blvd, ,Local,Etobicoke York,3,0,0,22,0,0,43.642501,-79.5079,Intersection,At Intersection,Stop Sign,Clear,Daylight,Dry,Non-Fatal Injury,Cyclist Collisions,Cyclist,15 to 19,Major,0,South,Bicycle,Going Ahead, , , , , ,"Cyclist without ROW rides into path of motorist at inter, lnwy, dwy-Cyclist not turn.",Failed to Yield Right of Way,Inattentive, ,Yes,Yes, , , , , , , , , , ,16,Stonegate-Queensway (16),987
-79.382312,43.679423,80000143,5000832268,2015,2015-05-19T04:00:00.000Z,823,8,ROXBOROUGH ST E,WRENTHAM PL, ,Collector,Toronto and East York,11,0,0,53,0,0,43.679423,-79.382312,Intersection, ,Stop Sign,Clear,"Daylight, artificial",Dry,Fatal,Cyclist Collisions,Cyclist,75 to 79,Fatal,26,North,Bicycle,Turning Left, , , , , ,Cyclist turned left across motorists path.,Improper Turn,Unknown, ,Yes,Yes, , , , , , , , , , ,98,Rosedale-Moore Park (98),988
-79.382312,43.679423,80000144,5000832268,2015,2015-05-19T04:00:00.000Z,823,8,ROXBOROUGH ST E,WRENTHAM PL, ,Collector,Toronto and East York,11,0,0,53,0,0,43.679423,-79.382312,Intersection, ,Stop Sign,Clear,"Daylight, artificial",Dry,Fatal,Cyclist Collisions,Driver,40 to 44,Minimal,0,East,"Automobile, Station Wagon",Going Ahead,Driving Properly,Normal, , , , , , , ,Yes,Yes, , , , , , , , , , ,98,Rosedale-Moore Park (98),989
-79.38379,43.663045,7456219,1311577,2012,2012-07-23T04:00:00.000Z,824,8,YONGE ST,GROSVENOR ST, ,Major Arterial,Toronto and East York,13,0,0,"51,52",52,51,43.663045,-79.38379,Intersection,At Intersection,Traffic Signal,Clear,Daylight,Dry,Non-Fatal Injury,Cyclist Collisions,Driver,50 to 54,Minimal,0,East,"Automobile, Station Wagon",Turning Left,Driving Properly,Normal, , , , , , , ,Yes,Yes, , , , , , , , , , ,75,Church-Yonge Corridor (75),990
-79.38379,43.663045,7456220,1311577,2012,2012-07-23T04:00:00.000Z,824,8,YONGE ST,GROSVENOR ST, ,Major Arterial,Toronto and East York,13,0,0,"51,52",52,51,43.663045,-79.38379,Intersection,At Intersection,Traffic Signal,Clear,Daylight,Dry,Non-Fatal Injury,Cyclist Collisions,Cyclist,25 to 29,Major,0,North,Bicycle,Going Ahead, , , , , ,Motorist turned left across cyclists path.,Disobeyed Traffic Control,Inattentive, ,Yes,Yes, , , , , , , , , , ,75,Church-Yonge Corridor (75),991
-79.407108,43.674845,80244877,5001212779,2015,2015-07-17T04:00:00.000Z,827,8,SPADINA RD,DUPONT ST, ,Major Arterial,Toronto and East York,11,0,0,"14,53",53,14,43.674845,-79.407108,Intersection,Intersection Related,Traffic Signal,Clear,Daylight,Wet,Non-Fatal Injury,Cyclist Collisions,Truck Driver,60 to 64,None,0,North,Truck - Tank,Turning Right,Improper Turn,Inattentive, , , , , , , ,Yes, , ,Yes, , , , , , , , ,95,Annex (95),992
-79.407108,43.674845,80244878,5001212779,2015,2015-07-17T04:00:00.000Z,827,8,SPADINA RD,DUPONT ST, ,Major Arterial,Toronto and East York,11,0,0,"14,53",53,14,43.674845,-79.407108,Intersection,Intersection Related,Traffic Signal,Clear,Daylight,Wet,Non-Fatal Injury,Cyclist Collisions,Cyclist,25 to 29,Major,0,North,Bicycle,Stopped, , , , , ,Motorist turning right on green or amber at signalized intersection strikes cyclist.,Driving Properly,Normal, ,Yes, , ,Yes, , , , , , , , ,95,Annex (95),993
-79.37704,43.771262,80241811,5001016196,2015,2015-06-17T04:00:00.000Z,830,8,ARROWSTOOK RD,BURBANK DR, ,Local,North York,17,0,0,33,0,0,43.771262,-79.37704,Intersection,At Intersection,Stop Sign,Clear,Daylight,Dry,Non-Fatal Injury,Cyclist Collisions,Driver,35 to 39,None,0,West,"Automobile, Station Wagon",Turning Right,Other,Unknown, , , , , , , ,Yes,Yes, , , , ,Yes, , , , , ,52,Bayview Village (52),994
-79.37704,43.771262,80241812,5001016196,2015,2015-06-17T04:00:00.000Z,830,8,ARROWSTOOK RD,BURBANK DR, ,Local,North York,17,0,0,33,0,0,43.771262,-79.37704,Intersection,At Intersection,Stop Sign,Clear,Daylight,Dry,Non-Fatal Injury,Cyclist Collisions,Cyclist,60 to 64,Major,0,South,Bicycle,Going Ahead, , , , , ,"Cyclist without ROW rides into path of motorist at inter, lnwy, dwy-Cyclist not turn.",Failed to Yield Right of Way,Inattentive, ,Yes,Yes, , , , ,Yes, , , , , ,52,Bayview Village (52),995
-79.37704,43.771262,80241813,5001016196,2015,2015-06-17T04:00:00.000Z,830,8,ARROWSTOOK RD,BURBANK DR, ,Local,North York,17,0,0,33,0,0,43.771262,-79.37704,Intersection,At Intersection,Stop Sign,Clear,Daylight,Dry,Non-Fatal Injury,Cyclist Collisions,Passenger,0 to 4,None,0, , , , , , , , , , , , ,Yes,Yes, , , , ,Yes, , , , , ,52,Bayview Village (52),996
-79.37704,43.771262,80241814,5001016196,2015,2015-06-17T04:00:00.000Z,830,8,ARROWSTOOK RD,BURBANK DR, ,Local,North York,17,0,0,33,0,0,43.771262,-79.37704,Intersection,At Intersection,Stop Sign,Clear,Daylight,Dry,Non-Fatal Injury,Cyclist Collisions,Passenger,5 to 9,None,0, , , , , , , , , , , , ,Yes,Yes, , , , ,Yes, , , , , ,52,Bayview Village (52),997
-79.450061,43.648932,80257195,5002035175,2015,2015-11-27T05:00:00.000Z,830,8,RONCESVALLES AVE,GRENADIER RD,5 m North of,Minor Arterial,Toronto and East York,4,0,0,11,0,0,43.648932,-79.450061,Intersection,Non Intersection,No Control,Clear,Daylight,Dry,Non-Fatal Injury,Cyclist Collisions,Driver,35 to 39,None,0,North,"Automobile, Station Wagon",Pulling Onto Shoulder or towardCurb,Failed to Yield Right of Way,Normal, , , , , , , ,Yes,Yes, , , , , , ,Yes, , , ,86,Roncesvalles (86),998
-79.450061,43.648932,80257196,5002035175,2015,2015-11-27T05:00:00.000Z,830,8,RONCESVALLES AVE,GRENADIER RD,5 m North of,Minor Arterial,Toronto and East York,4,0,0,11,0,0,43.648932,-79.450061,Intersection,Non Intersection,No Control,Clear,Daylight,Dry,Non-Fatal Injury,Cyclist Collisions,Cyclist,15 to 19,Major,0,North,Bicycle,Going Ahead, , , , , ,Cyclist and Driver travelling in same direction. One vehicle sideswipes the other.,Driving Properly,Normal, ,Yes,Yes, , , , , , ,Yes, , , ,86,Roncesvalles (86),999
-79.264446,43.724085,80784027,7001798069,2017,2017-10-04T04:00:00.000Z,830,8,KENNEDY RD,FOXRIDGE DR, ,Major Arterial,Scarborough,20,0,0,41,0,0,43.724085,-79.264446,Intersection,At Intersection,No Control,Clear,Daylight,Dry,Non-Fatal Injury,Cyclist Collisions,Driver,80 to 84,None,0,North,"Automobile, Station Wagon",Turning Left,Failed to Yield Right of Way,Inattentive, , , , , , , ,Yes,Yes, , , , , , ,Yes, , , ,124,Kennedy Park (124),1000
-79.420291,43.654845,7892790,1387644,2013,2013-09-26T04:00:00.000Z,1830,18,COLLEGE St,SHAW St, ,Major Arterial,Toronto and East York,11,0,0,14,0,0,43.654845,-79.420291,Intersection, ,Stop Sign,Clear,Daylight,Dry,Non-Fatal Injury,Cyclist Collisions,Driver,25 to 29,None,0,South,"Automobile, Station Wagon",Turning Left,Failed to Yield Right of Way,Inattentive, , , , , , , ,Yes,Yes, , , , , , ,Yes, , , ,81,Trinity-Bellwoods (81),1001
-79.420291,43.654845,7892791,1387644,2013,2013-09-26T04:00:00.000Z,1830,18,COLLEGE St,SHAW St, ,Major Arterial,Toronto and East York,11,0,0,14,0,0,43.654845,-79.420291,Intersection, ,Stop Sign,Clear,Daylight,Dry,Non-Fatal Injury,Cyclist Collisions,Cyclist,40 to 44,Major,0,West,Bicycle,Going Ahead, , , , , ,Motorist turned left across cyclists path.,Driving Properly,Normal, ,Yes,Yes, , , , , , ,Yes, , , ,81,Trinity-Bellwoods (81),1002
-79.381549,43.661402,80238359,5000780857,2015,2015-05-10T04:00:00.000Z,1830,18,50 CARLTON ST, ,4 m South of,Major Arterial,Toronto and East York,13,0,0,51,0,0,43.661402,-79.381549,Mid-Block,Non Intersection,No Control,Clear,Daylight,Dry,Non-Fatal Injury,Cyclist Collisions,Cyclist,60 to 64,Major,0,East,Bicycle,Changing Lanes, , , , , ,Cyclist and Driver travelling in same direction. One vehicle sideswipes the other.,Improper Lane Change,Had Been Drinking, ,Yes, , ,Yes, , , , , , , , ,75,Church-Yonge Corridor (75),1003
-79.381549,43.661402,80238360,5000780857,2015,2015-05-10T04:00:00.000Z,1830,18,50 CARLTON ST, ,4 m South of,Major Arterial,Toronto and East York,13,0,0,51,0,0,43.661402,-79.381549,Mid-Block,Non Intersection,No Control,Clear,Daylight,Dry,Non-Fatal Injury,Cyclist Collisions,Truck Driver,45 to 49,None,0,West,"Truck - Closed (Blazer, etc)",Going Ahead,Driving Properly,Normal, , , , , , , ,Yes, , ,Yes, , , , , , , , ,75,Church-Yonge Corridor (75),1004
-79.402156,43.725032,80240865,5000955442,2015,2015-06-07T04:00:00.000Z,1830,18,YONGE ST,LAWRENCE AVE E, ,Major Arterial,North York,815,15,8,"32,53",53,32,43.725032,-79.402156,Intersection,At Intersection,Traffic Signal,Clear,Daylight,Dry,Non-Fatal Injury,Cyclist Collisions,Cyclist,50 to 54,Major,0,North,Bicycle,Going Ahead, , , , , ,Cyclist and Driver travelling in same direction. One vehicle sideswipes the other.,Lost control,Normal, ,Yes, , , ,Yes, , , , , , , ,103,Lawrence Park South (103),1005
-79.435558,43.649817,80542794,6000951747,2016,2016-06-01T04:00:00.000Z,1940,19,DUNDAS ST W,BROCK AVE, ,Minor Arterial,Toronto and East York,9,0,0,11,0,0,43.649817,-79.435558,Intersection,At Intersection,Traffic Signal,Clear,Daylight,Dry,Non-Fatal Injury,Cyclist Collisions,Cyclist,30 to 34,Major,0,West,Bicycle,Turning Left, , , , , ,Cyclist turned left across motorists path.,Disobeyed Traffic Control,Inattentive, ,Yes,Yes, , , , , , , , , , ,84,Little Portugal (84),1006
-79.402156,43.725032,80240866,5000955442,2015,2015-06-07T04:00:00.000Z,1830,18,YONGE ST,LAWRENCE AVE E, ,Major Arterial,North York,815,15,8,"32,53",53,32,43.725032,-79.402156,Intersection,At Intersection,Traffic Signal,Clear,Daylight,Dry,Non-Fatal Injury,Cyclist Collisions,Driver,45 to 49,None,0,North,Municipal Transit Bus (TTC),Going Ahead,Driving Properly,Normal, , , , , , , ,Yes, , , ,Yes, , , , , , , ,103,Lawrence Park South (103),1007
-79.34179,43.679545,5266119,1116367,2009,2009-06-21T04:00:00.000Z,1838,18,DANFORTH AVE,WOODYCREST AVE, ,Major Arterial,Toronto and East York,14,0,0,"54,55",55,54,43.679545,-79.34179,Intersection, ,No Control,Clear,Daylight,Dry,Non-Fatal Injury,Cyclist Collisions,Driver,30 to 34,None,0,East,"Automobile, Station Wagon",Parked,Other,Inattentive, , , , , , , ,Yes,Yes, , , , , , , , , , ,69,Blake-Jones (69),1008
-79.34179,43.679545,5266120,1116367,2009,2009-06-21T04:00:00.000Z,1838,18,DANFORTH AVE,WOODYCREST AVE, ,Major Arterial,Toronto and East York,14,0,0,"54,55",55,54,43.679545,-79.34179,Intersection, ,No Control,Clear,Daylight,Dry,Non-Fatal Injury,Cyclist Collisions,Cyclist,35 to 39,Major,0,East,Bicycle,Overtaking, , , , , ,Cyclist struck opened vehicle door,Driving Properly,Normal, ,Yes,Yes, , , , , , , , , , ,69,Blake-Jones (69),1009
-79.477252,43.692324,80935880,7002025111,2017,2017-11-08T05:00:00.000Z,1838,18,TRETHEWEY DR,IRVING RD,20 m North of,Minor Arterial,Etobicoke York,5,0,0,12,0,0,43.692324,-79.477252,Intersection,Non Intersection,No Control,Clear,"Dark, artificial",Dry,Non-Fatal Injury,Cyclist Collisions,Cyclist,55 to 59,Major,0,West,Bicycle,Going Ahead, , , , , ,Cyclist and Driver travelling in same direction. One vehicle rear-ended the other.,Driving Properly,Normal, ,Yes,Yes, , , , , ,Yes,Yes, , , ,112,Beechborough-Greenbrook (112),1010
-79.477252,43.692324,80935881,7002025111,2017,2017-11-08T05:00:00.000Z,1838,18,TRETHEWEY DR,IRVING RD,20 m North of,Minor Arterial,Etobicoke York,5,0,0,12,0,0,43.692324,-79.477252,Intersection,Non Intersection,No Control,Clear,"Dark, artificial",Dry,Non-Fatal Injury,Cyclist Collisions,Driver,60 to 64,None,0,West,"Automobile, Station Wagon",Going Ahead,Improper Passing,Inattentive, , , , , , , ,Yes,Yes, , , , , ,Yes,Yes, , , ,112,Beechborough-Greenbrook (112),1011
-79.32397,43.664683,7875283,1380620,2013,2013-07-28T04:00:00.000Z,1840,18,QUEEN St E,VANCOUVER Ave, ,Minor Arterial,Toronto and East York,14,0,0,55,0,0,43.664683,-79.32397,Intersection,At Intersection,No Control,Clear,Daylight,Dry,Non-Fatal Injury,Cyclist Collisions,Vehicle Owner,unknown, ,0, ,Other, , , , , , , , , , ,Yes,Yes, , , , , , , , , , ,65,Greenwood-Coxwell (65),1012
-79.32397,43.664683,7875284,1380620,2013,2013-07-28T04:00:00.000Z,1840,18,QUEEN St E,VANCOUVER Ave, ,Minor Arterial,Toronto and East York,14,0,0,55,0,0,43.664683,-79.32397,Intersection,At Intersection,No Control,Clear,Daylight,Dry,Non-Fatal Injury,Cyclist Collisions,Driver,25 to 29,None,0,West,"Automobile, Station Wagon",Going Ahead,Driving Properly,Normal, , , , , , , ,Yes,Yes, , , , , , , , , , ,65,Greenwood-Coxwell (65),1013
-79.32397,43.664683,7875285,1380620,2013,2013-07-28T04:00:00.000Z,1840,18,QUEEN St E,VANCOUVER Ave, ,Minor Arterial,Toronto and East York,14,0,0,55,0,0,43.664683,-79.32397,Intersection,At Intersection,No Control,Clear,Daylight,Dry,Non-Fatal Injury,Cyclist Collisions,Vehicle Owner,unknown, ,0, ,Other, , , , , , , , , , ,Yes,Yes, , , , , , , , , , ,65,Greenwood-Coxwell (65),1014
-79.32397,43.664683,7875286,1380620,2013,2013-07-28T04:00:00.000Z,1840,18,QUEEN St E,VANCOUVER Ave, ,Minor Arterial,Toronto and East York,14,0,0,55,0,0,43.664683,-79.32397,Intersection,At Intersection,No Control,Clear,Daylight,Dry,Non-Fatal Injury,Cyclist Collisions,Driver,35 to 39,None,0,West,"Automobile, Station Wagon",Parked,Other,Inattentive, , , , , , , ,Yes,Yes, , , , , , , , , , ,65,Greenwood-Coxwell (65),1015
-79.32397,43.664683,7875287,1380620,2013,2013-07-28T04:00:00.000Z,1840,18,QUEEN St E,VANCOUVER Ave, ,Minor Arterial,Toronto and East York,14,0,0,55,0,0,43.664683,-79.32397,Intersection,At Intersection,No Control,Clear,Daylight,Dry,Non-Fatal Injury,Cyclist Collisions,Cyclist,40 to 44,Major,0,West,Bicycle,Going Ahead, , , , , ,Cyclist struck opened vehicle door,Driving Properly,Normal, ,Yes,Yes, , , , , , , , , , ,65,Greenwood-Coxwell (65),1016
-79.563464,43.653208,80632056,6001283246,2016,2016-07-21T04:00:00.000Z,2127,21,THE EAST MALL,RATHBURN RD,137 m South of,Minor Arterial,Etobicoke York,2,0,0,22,0,0,43.653208,-79.563464,Mid-Block,Non Intersection,No Control,Clear,"Dark, artificial",Dry,Non-Fatal Injury,Cyclist Collisions,Passenger,35 to 39,None,0, , , , , , , , , , , , ,Yes,Yes, , , , ,Yes, , , , , ,14,Islington-City Centre West (14),1017
-79.47149,43.683345,6681679,1256606,2011,2011-08-03T04:00:00.000Z,1842,18,AILEEN AVE,KEELE ST, ,Local,Etobicoke York,5,0,0,12,0,0,43.683345,-79.47149,Mid-Block, ,No Control,Rain,Daylight,Wet,Non-Fatal Injury,Cyclist Collisions,Driver,45 to 49,None,0,East,"Automobile, Station Wagon",Going Ahead,Driving Properly,Normal, , , , , , , ,Yes,Yes, , , , , , , , , , ,110,Keelesdale-Eglinton West (110),1018
-79.47149,43.683345,6681680,1256606,2011,2011-08-03T04:00:00.000Z,1842,18,AILEEN AVE,KEELE ST, ,Local,Etobicoke York,5,0,0,12,0,0,43.683345,-79.47149,Mid-Block, ,No Control,Rain,Daylight,Wet,Non-Fatal Injury,Cyclist Collisions,Cyclist,10 to 14,Major,0,North,Bicycle,Going Ahead, , , , , ,"Cyclist without ROW rides into path of motorist at inter, lnwy, dwy-Cyclist not turn.",Failed to Yield Right of Way,Inattentive, ,Yes,Yes, , , , , , , , , , ,110,Keelesdale-Eglinton West (110),1019
-79.36649,43.660645,5252135,1110181,2009,2009-06-19T04:00:00.000Z,1844,18,PARLIAMENT ST,OAK ST, ,Minor Arterial,Toronto and East York,13,0,0,51,0,0,43.660645,-79.36649,Intersection,At Intersection,Pedestrian Crossover,Clear,Daylight,Dry,Non-Fatal Injury,Cyclist Collisions,Passenger,30 to 34,None,0, ,Other, , , , , , , , , , ,Yes,Yes, , , , ,Yes, ,Yes, , , ,72,Regent Park (72),1020
-79.36649,43.660645,5252136,1110181,2009,2009-06-19T04:00:00.000Z,1844,18,PARLIAMENT ST,OAK ST, ,Minor Arterial,Toronto and East York,13,0,0,51,0,0,43.660645,-79.36649,Intersection,At Intersection,Pedestrian Crossover,Clear,Daylight,Dry,Non-Fatal Injury,Cyclist Collisions,Driver,25 to 29,None,0,South,"Automobile, Station Wagon",Going Ahead,Disobeyed Traffic Control,Inattentive, , , , , , , ,Yes,Yes, , , , ,Yes, ,Yes, , , ,72,Regent Park (72),1021