X,Y,Index_,ACCNUM,YEAR,DATE,TIME,Hour,STREET1,STREET2,OFFSET,ROAD_CLASS,District,WardNum,WardNum_X,WardNum_Y,Division,Division_X,Division_Y,LATITUDE,LONGITUDE,LOCCOORD,ACCLOC,TRAFFCTL,VISIBILITY,LIGHT,RDSFCOND,ACCLASS,IMPACTYPE,INVTYPE,INVAGE,INJURY,FATAL_NO,INITDIR,VEHTYPE,MANOEUVER,DRIVACT,DRIVCOND,PEDTYPE,PEDACT,PEDCOND,CYCLISTYPE,CYCACT,CYCCOND,PEDESTRIAN,CYCLIST,AUTOMOBILE,MOTORCYCLE,TRUCK,TRSN_CITY_,EMERG_VEH,PASSENGER,SPEEDING,AG_DRIV,REDLIGHT,ALCOHOL,DISABILITY,Hood_ID,Neighbourh,ObjectId
-79.36649,43.660645,5252137,1110181,2009,2009-06-19T04:00:00.000Z,1844,18,PARLIAMENT ST,OAK ST, ,Minor Arterial,Toronto and East York,13,0,0,51,0,0,43.660645,-79.36649,Intersection,At Intersection,Pedestrian Crossover,Clear,Daylight,Dry,Non-Fatal Injury,Cyclist Collisions,Cyclist,5 to 9,Major,0,West,Bicycle,Going Ahead, , , , , ,Cyclist struck at PXO(cyclist either travel in same dir. as veh. or ride across xwalk),Other,Normal, ,Yes,Yes, , , , ,Yes, ,Yes, , , ,72,Regent Park (72),1022
-79.391277,43.643408,7875093,1380543,2013,2013-07-24T04:00:00.000Z,1845,18,FRONT ST W,BLUE JAYS WAY, ,Minor Arterial,Toronto and East York,10,0,0,52,0,0,43.643408,-79.391277,Intersection, ,Traffic Signal,Clear,Daylight,Dry,Non-Fatal Injury,Cyclist Collisions,Driver,35 to 39,None,0,West,"Automobile, Station Wagon",Turning Left,Failed to Yield Right of Way,Normal, , , , , , , ,Yes,Yes, , , , , , ,Yes, , , ,77,Waterfront Communities-The Island (77),1023
-79.391277,43.643408,7875094,1380543,2013,2013-07-24T04:00:00.000Z,1845,18,FRONT ST W,BLUE JAYS WAY, ,Minor Arterial,Toronto and East York,10,0,0,52,0,0,43.643408,-79.391277,Intersection, ,Traffic Signal,Clear,Daylight,Dry,Non-Fatal Injury,Cyclist Collisions,Cyclist,25 to 29,Major,0,East,Bicycle,Going Ahead, , , , , ,Motorist turned left across cyclists path.,Driving Properly,Unknown, ,Yes,Yes, , , , , , ,Yes, , , ,77,Waterfront Communities-The Island (77),1024
-79.595607,43.717257,80178884,4003213460,2014,2014-10-31T04:00:00.000Z,1845,18,REXDALE BLVD,HIGHWAY 27  S, ,Major Arterial,Etobicoke York,1,0,0,23,0,0,43.717257,-79.595607,Intersection,At Intersection,Traffic Signal,Rain,"Dark, artificial",Wet,Non-Fatal Injury,Cyclist Collisions,Driver,25 to 29,None,0,East,"Automobile, Station Wagon",Going Ahead,Driving Properly,Normal, , , , , , , ,Yes,Yes, , , , ,Yes, , , , , ,1,West Humber-Clairville (1),1025
-79.595607,43.717257,80178885,4003213460,2014,2014-10-31T04:00:00.000Z,1845,18,REXDALE BLVD,HIGHWAY 27  S, ,Major Arterial,Etobicoke York,1,0,0,23,0,0,43.717257,-79.595607,Intersection,At Intersection,Traffic Signal,Rain,"Dark, artificial",Wet,Non-Fatal Injury,Cyclist Collisions,Passenger,30 to 34,None,0, , , , , , , , , , , , ,Yes,Yes, , , , ,Yes, , , , , ,1,West Humber-Clairville (1),1026
-79.595607,43.717257,80178886,4003213460,2014,2014-10-31T04:00:00.000Z,1845,18,REXDALE BLVD,HIGHWAY 27  S, ,Major Arterial,Etobicoke York,1,0,0,23,0,0,43.717257,-79.595607,Intersection,At Intersection,Traffic Signal,Rain,"Dark, artificial",Wet,Non-Fatal Injury,Cyclist Collisions,Passenger,10 to 14,None,0, , , , , , , , , , , , ,Yes,Yes, , , , ,Yes, , , , , ,1,West Humber-Clairville (1),1027
-79.595607,43.717257,80178887,4003213460,2014,2014-10-31T04:00:00.000Z,1845,18,REXDALE BLVD,HIGHWAY 27  S, ,Major Arterial,Etobicoke York,1,0,0,23,0,0,43.717257,-79.595607,Intersection,At Intersection,Traffic Signal,Rain,"Dark, artificial",Wet,Non-Fatal Injury,Cyclist Collisions,Passenger,10 to 14,None,0, , , , , , , , , , , , ,Yes,Yes, , , , ,Yes, , , , , ,1,West Humber-Clairville (1),1028
-79.595607,43.717257,80178888,4003213460,2014,2014-10-31T04:00:00.000Z,1845,18,REXDALE BLVD,HIGHWAY 27  S, ,Major Arterial,Etobicoke York,1,0,0,23,0,0,43.717257,-79.595607,Intersection,At Intersection,Traffic Signal,Rain,"Dark, artificial",Wet,Non-Fatal Injury,Cyclist Collisions,Passenger,5 to 9,None,0, , , , , , , , , , , , ,Yes,Yes, , , , ,Yes, , , , , ,1,West Humber-Clairville (1),1029
-79.595607,43.717257,80178889,4003213460,2014,2014-10-31T04:00:00.000Z,1845,18,REXDALE BLVD,HIGHWAY 27  S, ,Major Arterial,Etobicoke York,1,0,0,23,0,0,43.717257,-79.595607,Intersection,At Intersection,Traffic Signal,Rain,"Dark, artificial",Wet,Non-Fatal Injury,Cyclist Collisions,Cyclist,75 to 79,Major,0,East,Bicycle,Unknown, , , , , ,Cyclist and Driver travelling in same direction. One vehicle sideswipes the other.,Other,Normal, ,Yes,Yes, , , , ,Yes, , , , , ,1,West Humber-Clairville (1),1030
-79.43279,43.669645,6153492,1173424,2010,2010-06-15T04:00:00.000Z,1846,18,DOVERCOURT RD,DUPONT ST, ,Major Arterial,Toronto and East York,9,0,0,14,0,0,43.669645,-79.43279,Intersection,At Intersection,Traffic Signal,Clear,Daylight,Dry,Non-Fatal Injury,Cyclist Collisions,Driver,45 to 49,None,0,North,"Automobile, Station Wagon",Going Ahead,Disobeyed Traffic Control,"Ability Impaired, Alcohol Over .08", , , , , , , ,Yes,Yes, , , , , ,Yes,Yes,Yes,Yes, ,93,Dovercourt-Wallace Emerson-Junction (93),1031
-79.43279,43.669645,6153493,1173424,2010,2010-06-15T04:00:00.000Z,1846,18,DOVERCOURT RD,DUPONT ST, ,Major Arterial,Toronto and East York,9,0,0,14,0,0,43.669645,-79.43279,Intersection,At Intersection,Traffic Signal,Clear,Daylight,Dry,Non-Fatal Injury,Cyclist Collisions,Cyclist,25 to 29,Major,0,East,Bicycle,Going Ahead, , , , , ,"Cyclist without ROW rides into path of motorist at inter, lnwy, dwy-Cyclist not turn.",Disobeyed Traffic Control,Normal, ,Yes,Yes, , , , , ,Yes,Yes,Yes,Yes, ,93,Dovercourt-Wallace Emerson-Junction (93),1032
-79.283893,43.773146,7808065,1351606,2013,2013-04-13T04:00:00.000Z,1846,18,KENNEDY RD,401 C E KENNEDY RAMP RD E, ,Expressway,Scarborough,21,0,0,41,0,0,43.773146,-79.283893,Intersection,At Intersection,Traffic Signal,Clear,Dusk,Dry,Fatal,Cyclist Collisions,Driver,40 to 44,None,0,South,"Automobile, Station Wagon",Going Ahead,Driving Properly,Normal, , , , , , , ,Yes,Yes, , , , ,Yes,Yes,Yes,Yes,Yes, ,126,Dorset Park (126),1033
-79.283893,43.773146,7808066,1351606,2013,2013-04-13T04:00:00.000Z,1846,18,KENNEDY RD,401 C E KENNEDY RAMP RD E, ,Expressway,Scarborough,21,0,0,41,0,0,43.773146,-79.283893,Intersection,At Intersection,Traffic Signal,Clear,Dusk,Dry,Fatal,Cyclist Collisions,Driver,75 to 79,None,0,South,"Automobile, Station Wagon",Going Ahead,Driving Properly,Normal, , , , , , , ,Yes,Yes, , , , ,Yes,Yes,Yes,Yes,Yes, ,126,Dorset Park (126),1034
-79.283893,43.773146,7808067,1351606,2013,2013-04-13T04:00:00.000Z,1846,18,KENNEDY RD,401 C E KENNEDY RAMP RD E, ,Expressway,Scarborough,21,0,0,41,0,0,43.773146,-79.283893,Intersection,At Intersection,Traffic Signal,Clear,Dusk,Dry,Fatal,Cyclist Collisions,Passenger,20 to 24,Minimal,0, , , , , , , , , , , , ,Yes,Yes, , , , ,Yes,Yes,Yes,Yes,Yes, ,126,Dorset Park (126),1035
-79.283893,43.773146,7808068,1351606,2013,2013-04-13T04:00:00.000Z,1846,18,KENNEDY RD,401 C E KENNEDY RAMP RD E, ,Expressway,Scarborough,21,0,0,41,0,0,43.773146,-79.283893,Intersection,At Intersection,Traffic Signal,Clear,Dusk,Dry,Fatal,Cyclist Collisions,Passenger,20 to 24,Minor,0, , , , , , , , , , , , ,Yes,Yes, , , , ,Yes,Yes,Yes,Yes,Yes, ,126,Dorset Park (126),1036
-79.283893,43.773146,7808069,1351606,2013,2013-04-13T04:00:00.000Z,1846,18,KENNEDY RD,401 C E KENNEDY RAMP RD E, ,Expressway,Scarborough,21,0,0,41,0,0,43.773146,-79.283893,Intersection,At Intersection,Traffic Signal,Clear,Dusk,Dry,Fatal,Cyclist Collisions,Driver,20 to 24,Minor,0,North,"Automobile, Station Wagon",Stopped,Driving Properly,Normal, , , , , , , ,Yes,Yes, , , , ,Yes,Yes,Yes,Yes,Yes, ,126,Dorset Park (126),1037
-79.283893,43.773146,7808070,1351606,2013,2013-04-13T04:00:00.000Z,1846,18,KENNEDY RD,401 C E KENNEDY RAMP RD E, ,Expressway,Scarborough,21,0,0,41,0,0,43.773146,-79.283893,Intersection,At Intersection,Traffic Signal,Clear,Dusk,Dry,Fatal,Cyclist Collisions,Driver,45 to 49,None,0,East,"Automobile, Station Wagon",Going Ahead,Disobeyed Traffic Control,"Ability Impaired, Alcohol Over .08", , , , , , , ,Yes,Yes, , , , ,Yes,Yes,Yes,Yes,Yes, ,126,Dorset Park (126),1038
-79.283893,43.773146,7808071,1351606,2013,2013-04-13T04:00:00.000Z,1846,18,KENNEDY RD,401 C E KENNEDY RAMP RD E, ,Expressway,Scarborough,21,0,0,41,0,0,43.773146,-79.283893,Intersection,At Intersection,Traffic Signal,Clear,Dusk,Dry,Fatal,Cyclist Collisions,Driver,25 to 29,Minor,0,South,"Automobile, Station Wagon",Going Ahead,Driving Properly,Normal, , , , , , , ,Yes,Yes, , , , ,Yes,Yes,Yes,Yes,Yes, ,126,Dorset Park (126),1039
-79.283893,43.773146,7808072,1351606,2013,2013-04-13T04:00:00.000Z,1846,18,KENNEDY RD,401 C E KENNEDY RAMP RD E, ,Expressway,Scarborough,21,0,0,41,0,0,43.773146,-79.283893,Intersection,At Intersection,Traffic Signal,Clear,Dusk,Dry,Fatal,Cyclist Collisions,Passenger,50 to 54,Major,0, , , , , , , , , , , , ,Yes,Yes, , , , ,Yes,Yes,Yes,Yes,Yes, ,126,Dorset Park (126),1040
-79.283893,43.773146,7808073,1351606,2013,2013-04-13T04:00:00.000Z,1846,18,KENNEDY RD,401 C E KENNEDY RAMP RD E, ,Expressway,Scarborough,21,0,0,41,0,0,43.773146,-79.283893,Intersection,At Intersection,Traffic Signal,Clear,Dusk,Dry,Fatal,Cyclist Collisions,Driver,25 to 29,None,0,South,"Automobile, Station Wagon",Going Ahead,Driving Properly,Normal, , , , , , , ,Yes,Yes, , , , ,Yes,Yes,Yes,Yes,Yes, ,126,Dorset Park (126),1041
-79.283893,43.773146,7808074,1351606,2013,2013-04-13T04:00:00.000Z,1846,18,KENNEDY RD,401 C E KENNEDY RAMP RD E, ,Expressway,Scarborough,21,0,0,41,0,0,43.773146,-79.283893,Intersection,At Intersection,Traffic Signal,Clear,Dusk,Dry,Fatal,Cyclist Collisions,Cyclist,35 to 39,Fatal,10,North,Bicycle,Going Ahead, , , , , ,"Motorist without ROW drives into path of cyclist at inter, lnwy, dwy-Driver not turn.",Driving Properly,Unknown, ,Yes,Yes, , , , ,Yes,Yes,Yes,Yes,Yes, ,126,Dorset Park (126),1042
-79.35449,43.692345,6116475,1157271,2010,2010-02-04T05:00:00.000Z,1848,18,O CONNOR Driv,BEECHWOOD Cres, ,Minor Arterial,Toronto and East York,14,0,0,54,0,0,43.692345,-79.35449,Mid-Block, ,No Control,Clear,Dark,Dry,Non-Fatal Injury,Cyclist Collisions,Other,unknown,None,0, ,Other,Parked, , , , , , , , , ,Yes, , , , , , , , , , , ,57,Broadview North (57),1043
-79.35449,43.692345,6116476,1157271,2010,2010-02-04T05:00:00.000Z,1848,18,O CONNOR Driv,BEECHWOOD Cres, ,Minor Arterial,Toronto and East York,14,0,0,54,0,0,43.692345,-79.35449,Mid-Block, ,No Control,Clear,Dark,Dry,Non-Fatal Injury,Cyclist Collisions,Cyclist,50 to 54,Major,0,West,Bicycle,Going Ahead, , , , , ,Cyclist strikes a parked vehicle.,Lost control,Normal, ,Yes, , , , , , , , , , , ,57,Broadview North (57),1044
-79.40479,43.652145,6665450,1249542,2011,2011-07-06T04:00:00.000Z,1850,18,DUNDAS ST W,CARLYLE ST, ,Major Arterial,Toronto and East York,1110,10,11,14,0,0,43.652145,-79.40479,Intersection,At Intersection,Stop Sign,Clear,Daylight,Dry,Non-Fatal Injury,Cyclist Collisions,Driver,55 to 59,None,0,South,"Automobile, Station Wagon",Stopped,Driving Properly,Normal, , , , , , , ,Yes,Yes, , , , , , , , , , ,78,Kensington-Chinatown (78),1045
-79.40479,43.652145,6665451,1249542,2011,2011-07-06T04:00:00.000Z,1850,18,DUNDAS ST W,CARLYLE ST, ,Major Arterial,Toronto and East York,1110,10,11,14,0,0,43.652145,-79.40479,Intersection,At Intersection,Stop Sign,Clear,Daylight,Dry,Non-Fatal Injury,Cyclist Collisions,Cyclist,40 to 44,Major,0,East,Bicycle,Going Ahead, , , , , ,"Cyclist without ROW rides into path of motorist at inter, lnwy, dwy-Cyclist not turn.",Wrong Way on One Way Road,Inattentive, ,Yes,Yes, , , , , , , , , , ,78,Kensington-Chinatown (78),1046
-79.35139,43.665745,7840756,1365804,2013,2013-05-23T04:00:00.000Z,1850,18,GERRARD St E,BROADVIEW Ave, ,Minor Arterial,Toronto and East York,14,0,0,55,0,0,43.665745,-79.35139,Mid-Block, ,No Control,Clear,Daylight,Dry,Non-Fatal Injury,Cyclist Collisions,Driver,50 to 54,None,0,East,"Automobile, Station Wagon",Parked,Failed to Yield Right of Way,Normal, , , , , , , ,Yes,Yes, , , , , , ,Yes, , , ,68,North Riverdale (68),1047
-79.35139,43.665745,7840757,1365804,2013,2013-05-23T04:00:00.000Z,1850,18,GERRARD St E,BROADVIEW Ave, ,Minor Arterial,Toronto and East York,14,0,0,55,0,0,43.665745,-79.35139,Mid-Block, ,No Control,Clear,Daylight,Dry,Non-Fatal Injury,Cyclist Collisions,Cyclist,35 to 39,Major,0,East,Bicycle,Going Ahead, , , , , ,Cyclist struck opened vehicle door,Driving Properly,Normal, ,Yes,Yes, , , , , , ,Yes, , , ,68,North Riverdale (68),1048
-79.401088,43.646899,80632050,6001269035,2016,2016-07-19T04:00:00.000Z,1850,18,RICHMOND ST W,PORTLAND ST,27 m West of,Major Arterial,Toronto and East York,10,0,0,14,0,0,43.646899,-79.401088,Intersection,At/Near Private Drive,No Control,Clear,Daylight,Dry,Non-Fatal Injury,Cyclist Collisions,Driver,50 to 54,None,0,West,"Automobile, Station Wagon",Turning Right,Failed to Yield Right of Way,Inattentive, , , , , , , ,Yes,Yes, , , , , , ,Yes, , , ,77,Waterfront Communities-The Island (77),1049
-79.401088,43.646899,80632051,6001269035,2016,2016-07-19T04:00:00.000Z,1850,18,RICHMOND ST W,PORTLAND ST,27 m West of,Major Arterial,Toronto and East York,10,0,0,14,0,0,43.646899,-79.401088,Intersection,At/Near Private Drive,No Control,Clear,Daylight,Dry,Non-Fatal Injury,Cyclist Collisions,Cyclist,25 to 29,Major,0,West,Bicycle,Going Ahead, , , , , ,"Motorist turns right at non-signal Inter.(stop, yield, no cont.,and dwy) and strikes cyclist.",Driving Properly,Normal, ,Yes,Yes, , , , , , ,Yes, , , ,77,Waterfront Communities-The Island (77),1050
-79.49829,43.615945,5269889,1118031,2009,2009-08-09T04:00:00.000Z,1851,18,ROYAL YORK Road,JUDSON Stre, ,Minor Arterial,Etobicoke York,3,0,0,22,0,0,43.615945,-79.49829,Mid-Block,At Intersection,No Control,Clear,Daylight,Dry,Non-Fatal Injury,Cyclist Collisions,Cyclist,50 to 54,Major,0,South,Bicycle,Going Ahead, , , , , ,"Cyclist loses control and strikes object (pole, ttc track)",Lost control,Normal, ,Yes, , , , , , , , , , , ,17,Mimico (includes Humber Bay Shores) (17),1051
-79.328388,43.659243,7559958,1326953,2012,2012-11-07T05:00:00.000Z,1853,18,LESLIE ST,LAKE SHORE BLVD E, ,Major Arterial,Toronto and East York,14,0,0,55,0,0,43.659243,-79.328388,Intersection,At Intersection,Traffic Signal,Clear,Dark,Dry,Non-Fatal Injury,Cyclist Collisions,Driver,unknown,None,0,South,"Automobile, Station Wagon",Unknown,Other,Unknown, , , , , , , ,Yes,Yes, , , , , , , , , , ,70,South Riverdale (70),1052
-79.328388,43.659243,7559959,1326953,2012,2012-11-07T05:00:00.000Z,1853,18,LESLIE ST,LAKE SHORE BLVD E, ,Major Arterial,Toronto and East York,14,0,0,55,0,0,43.659243,-79.328388,Intersection,At Intersection,Traffic Signal,Clear,Dark,Dry,Non-Fatal Injury,Cyclist Collisions,Cyclist,45 to 49,Major,0,East,Bicycle,Going Ahead, , , , , ,Insufficient information (to determine cyclist crash type).,Other,Unknown, ,Yes,Yes, , , , , , , , , , ,70,South Riverdale (70),1053
-79.49259,43.688145,7475084,1319643,2012,2012-09-02T04:00:00.000Z,1855,18,WESTON RD,GLENVALLEY DR, ,Minor Arterial,Etobicoke York,5,0,0,12,0,0,43.688145,-79.49259,Intersection,At Intersection,Stop Sign,Clear,Daylight,Dry,Non-Fatal Injury,Cyclist Collisions,Driver,45 to 49,None,0,North,"Automobile, Station Wagon",Turning Left,Failed to Yield Right of Way,Inattentive, , , , , , , ,Yes,Yes, , , , , , ,Yes, , , ,115,Mount Dennis (115),1054
-79.49259,43.688145,7475085,1319643,2012,2012-09-02T04:00:00.000Z,1855,18,WESTON RD,GLENVALLEY DR, ,Minor Arterial,Etobicoke York,5,0,0,12,0,0,43.688145,-79.49259,Intersection,At Intersection,Stop Sign,Clear,Daylight,Dry,Non-Fatal Injury,Cyclist Collisions,Cyclist,45 to 49,Major,0,South,Bicycle,Going Ahead, , , , , ,Motorist turned left across cyclists path.,Driving Properly,Normal, ,Yes,Yes, , , , , , ,Yes, , , ,115,Mount Dennis (115),1055
-79.48289,43.665545,5214237,1093260,2009,2009-02-08T05:00:00.000Z,1856,18,DUNDAS ST W,BERESFORD AVE, ,Major Arterial,Toronto and East York,4,0,0,11,0,0,43.665545,-79.48289,Mid-Block, ,No Control,Clear,Dark,Dry,Non-Fatal Injury,Cyclist Collisions,Driver,50 to 54,None,0,West,"Automobile, Station Wagon",Going Ahead,Driving Properly,Normal, , , , , , , ,Yes,Yes, , , , , , , , , , ,89,Runnymede-Bloor West Village (89),1056
-79.48289,43.665545,5214238,1093260,2009,2009-02-08T05:00:00.000Z,1856,18,DUNDAS ST W,BERESFORD AVE, ,Major Arterial,Toronto and East York,4,0,0,11,0,0,43.665545,-79.48289,Mid-Block, ,No Control,Clear,Dark,Dry,Non-Fatal Injury,Cyclist Collisions,Cyclist,45 to 49,Major,0,East,Bicycle,Changing Lanes, , , , , ,Insufficient information (to determine cyclist crash type).,Failed to Yield Right of Way,Had Been Drinking, ,Yes,Yes, , , , , , , , , , ,89,Runnymede-Bloor West Village (89),1057
-79.289165,43.680293,80901586,7003056643,2017,2017-11-23T05:00:00.000Z,1856,18,KINGSTON RD,BALSAM AVE, ,Major Arterial,Toronto and East York,19,0,0,55,0,0,43.680293,-79.289165,Intersection,At Intersection,No Control,Clear,Dark,Dry,Non-Fatal Injury,Cyclist Collisions,Cyclist,55 to 59,Major,0,East,Bicycle,Going Ahead, , , , , ,Motorist turned left across cyclists path.,Driving Properly,Normal, ,Yes,Yes, , , , , , , , , , ,63,The Beaches (63),1058
-79.289165,43.680293,80901587,7003056643,2017,2017-11-23T05:00:00.000Z,1856,18,KINGSTON RD,BALSAM AVE, ,Major Arterial,Toronto and East York,19,0,0,55,0,0,43.680293,-79.289165,Intersection,At Intersection,No Control,Clear,Dark,Dry,Non-Fatal Injury,Cyclist Collisions,Driver,15 to 19,None,0,West,"Automobile, Station Wagon",Turning Left,Improper Turn,Inattentive, , , , , , , ,Yes,Yes, , , , , , , , , , ,63,The Beaches (63),1059
-79.40849,43.651745,5266944,1116707,2009,2009-06-23T04:00:00.000Z,1900,19,PALMERSTON AVE,DUNDAS ST W, ,Major Arterial,Toronto and East York,1110,10,11,14,0,0,43.651745,-79.40849,Intersection, ,Stop Sign,Clear,Daylight,Dry,Non-Fatal Injury,Pedestrian Collisions,Pedestrian,90 to 94,Major,0, ,Other, , , ,Vehicle turns left while ped crosses with ROW at inter.,Crossing with right of way,Normal, , , ,Yes,Yes, , , , , , , , , , , ,81,Trinity-Bellwoods (81),1060
-79.40849,43.651745,5266945,1116707,2009,2009-06-23T04:00:00.000Z,1900,19,PALMERSTON AVE,DUNDAS ST W, ,Major Arterial,Toronto and East York,1110,10,11,14,0,0,43.651745,-79.40849,Intersection, ,Stop Sign,Clear,Daylight,Dry,Non-Fatal Injury,Pedestrian Collisions,Cyclist,15 to 19,None,0,East,Bicycle,Turning Left, , , , , ,Cyclist strikes pedestrian.,Failed to Yield Right of Way,Normal,Yes,Yes, , , , , , , , , , , ,81,Trinity-Bellwoods (81),1061
-79.404735,43.668891,80975432,8002063591,2018,2018-11-08T05:00:00.000Z,1900,19,LOWTHER AVE,SPADINA RD, ,Minor Arterial,Toronto and East York,11,0,0,"14,53",53,14,43.668891,-79.404735,Intersection,At Intersection,Traffic Signal,Clear,Dark,Dry,Non-Fatal Injury,Cyclist Collisions,Cyclist,20 to 24,Major,0,West,Bicycle,Turning Left, , , , , ,Cyclist turned left across motorists path.,Improper Turn,Normal, ,Yes,Yes, , , , , , , , , , ,95,Annex (95),1062
-79.404735,43.668891,80975433,8002063591,2018,2018-11-08T05:00:00.000Z,1900,19,LOWTHER AVE,SPADINA RD, ,Minor Arterial,Toronto and East York,11,0,0,"14,53",53,14,43.668891,-79.404735,Intersection,At Intersection,Traffic Signal,Clear,Dark,Dry,Non-Fatal Injury,Cyclist Collisions,Driver,25 to 29,None,0,West,"Automobile, Station Wagon",Turning Left,Driving Properly,Normal, , , , , , , ,Yes,Yes, , , , , , , , , , ,95,Annex (95),1063
-79.445606,43.672,7884642,1384542,2013,2013-10-28T04:00:00.000Z,1902,19,DAVENPORT Rd,GREENLAW Ave, ,Minor Arterial,Toronto and East York,9,0,0,13,0,0,43.672,-79.445606,Intersection,At Intersection,No Control,Clear,Dusk,Dry,Non-Fatal Injury,Cyclist Collisions,Driver,25 to 29,Minimal,0,East,"Automobile, Station Wagon",Turning Left,Failed to Yield Right of Way,Normal, , , , , , , ,Yes,Yes, , , , , , ,Yes, , , ,93,Dovercourt-Wallace Emerson-Junction (93),1064
-79.445606,43.672,7884643,1384542,2013,2013-10-28T04:00:00.000Z,1902,19,DAVENPORT Rd,GREENLAW Ave, ,Minor Arterial,Toronto and East York,9,0,0,13,0,0,43.672,-79.445606,Intersection,At Intersection,No Control,Clear,Dusk,Dry,Non-Fatal Injury,Cyclist Collisions,Cyclist,30 to 34,Major,0,West,Bicycle,Going Ahead, , , , , ,Motorist turned left across cyclists path.,Driving Properly,Normal, ,Yes,Yes, , , , , , ,Yes, , , ,93,Dovercourt-Wallace Emerson-Junction (93),1065
-79.456088,43.754843,6198693,1192624,2010,2010-09-01T04:00:00.000Z,1905,19,SHAFTESBURY ST,CODSELL AVE, ,Local,North York,6,0,0,32,0,0,43.754843,-79.456088,Intersection, ,Stop Sign,Clear,Dusk,Dry,Non-Fatal Injury,SMV Other,Moped Driver,55 to 59,Major,0,South,Moped,Going Ahead, , , , , , , , , ,Yes, , , , , , , , , , , ,34,Bathurst Manor (34),1066
-79.52539,43.703045,7438895,1304471,2012,2012-05-24T04:00:00.000Z,1905,19,CHURCH ST,WESTON RD, ,Minor Arterial,Etobicoke York,5,0,0,12,0,0,43.703045,-79.52539,Intersection,At Intersection,Traffic Signal,Clear,Daylight,Dry,Non-Fatal Injury,Cyclist Collisions,Driver,35 to 39,None,0,West,"Automobile, Station Wagon",Turning Right,Improper Turn,Inattentive, , , , , , , ,Yes,Yes, , , , , , , , , , ,113,Weston (113),1067
-79.52539,43.703045,7438896,1304471,2012,2012-05-24T04:00:00.000Z,1905,19,CHURCH ST,WESTON RD, ,Minor Arterial,Etobicoke York,5,0,0,12,0,0,43.703045,-79.52539,Intersection,At Intersection,Traffic Signal,Clear,Daylight,Dry,Non-Fatal Injury,Cyclist Collisions,Cyclist,60 to 64,Major,0,South,Bicycle,Stopped, , , , , ,Motorist turning right on red at signalized intersection strikes cyclist.,Driving Properly,Normal, ,Yes,Yes, , , , , , , , , , ,113,Weston (113),1068
-79.482257,43.679877,80563739,6001139376,2016,2016-06-29T04:00:00.000Z,1908,19,99 HUMBER BLVD, , ,Collector,Etobicoke York,5,0,0,12,0,0,43.679877,-79.482257,Mid-Block,At Intersection,No Control,Clear,Daylight,Dry,Non-Fatal Injury,Cyclist Collisions,Cyclist,10 to 14,Major,0,West,Bicycle,Going Ahead, , , , , ,"Cyclist without ROW rides into path of motorist at inter, lnwy, dwy-Cyclist not turn.",Failed to Yield Right of Way,Normal, ,Yes,Yes, , , , , , , , , , ,111,Rockcliffe-Smythe (111),1069
-79.482257,43.679877,80563740,6001139376,2016,2016-06-29T04:00:00.000Z,1908,19,99 HUMBER BLVD, , ,Collector,Etobicoke York,5,0,0,12,0,0,43.679877,-79.482257,Mid-Block,At Intersection,No Control,Clear,Daylight,Dry,Non-Fatal Injury,Cyclist Collisions,Driver,35 to 39,None,0,North,Pick Up Truck,Going Ahead,Driving Properly,Normal, , , , , , , ,Yes,Yes, , , , , , , , , , ,111,Rockcliffe-Smythe (111),1070
-79.447261,43.734576,7433999,1302395,2012,2012-06-27T04:00:00.000Z,1910,19,TIPPET RD,WILSON AVE, ,Major Arterial,North York,6,0,0,32,0,0,43.734576,-79.447261,Intersection,At Intersection,Traffic Signal,Clear,Daylight,Dry,Non-Fatal Injury,Cyclist Collisions,Driver,60 to 64,None,0,North,"Automobile, Station Wagon",Going Ahead,Driving Properly,Normal, , , , , , , ,Yes,Yes, , , , , , , , , , ,33,Clanton Park (33),1071
-79.447261,43.734576,7434000,1302395,2012,2012-06-27T04:00:00.000Z,1910,19,TIPPET RD,WILSON AVE, ,Major Arterial,North York,6,0,0,32,0,0,43.734576,-79.447261,Intersection,At Intersection,Traffic Signal,Clear,Daylight,Dry,Non-Fatal Injury,Cyclist Collisions,Cyclist,55 to 59,Major,0,East,Bicycle,Going Ahead, , , , , ,"Cyclist without ROW rides into path of motorist at inter, lnwy, dwy-Cyclist not turn.",Disobeyed Traffic Control,Inattentive, ,Yes,Yes, , , , , , , , , , ,33,Clanton Park (33),1072
-79.371478,43.663439,80632178,6001577121,2016,2016-09-05T04:00:00.000Z,1913,19,CARLTON ST,SEATON ST,37 m East of,Minor Arterial,Toronto and East York,13,0,0,51,0,0,43.663439,-79.371478,Intersection,Intersection Related,No Control,Clear,Daylight,Dry,Non-Fatal Injury,Cyclist Collisions,Driver,35 to 39,None,0,East,"Automobile, Station Wagon",Going Ahead,Speed too Fast For Condition,Normal, , , , , , , ,Yes,Yes, , , , , ,Yes,Yes, , , ,73,Moss Park (73),1073
-79.371478,43.663439,80632179,6001577121,2016,2016-09-05T04:00:00.000Z,1913,19,CARLTON ST,SEATON ST,37 m East of,Minor Arterial,Toronto and East York,13,0,0,51,0,0,43.663439,-79.371478,Intersection,Intersection Related,No Control,Clear,Daylight,Dry,Non-Fatal Injury,Cyclist Collisions,Cyclist,45 to 49,Major,0,East,Bicycle,Going Ahead, , , , , ,Cyclist and Driver travelling in same direction. One vehicle rear-ended the other.,Driving Properly,Normal, ,Yes,Yes, , , , , ,Yes,Yes, , , ,73,Moss Park (73),1074
-79.222263,43.817439,7878337,1381878,2013,2013-10-21T04:00:00.000Z,1914,19,5930 FINCH AVE E, , ,Minor Arterial,Scarborough,25,0,0,42,0,0,43.817439,-79.222263,Mid-Block, ,No Control,Rain,Daylight,Wet,Non-Fatal Injury,Cyclist Collisions,Driver,60 to 64,None,0,East,"Automobile, Station Wagon",Going Ahead,Following too Close,Inattentive, , , , , , , ,Yes,Yes, , , , , , ,Yes, , , ,132,Malvern (132),1075