X,Y,Index_,ACCNUM,YEAR,DATE,TIME,Hour,STREET1,STREET2,OFFSET,ROAD_CLASS,District,WardNum,WardNum_X,WardNum_Y,Division,Division_X,Division_Y,LATITUDE,LONGITUDE,LOCCOORD,ACCLOC,TRAFFCTL,VISIBILITY,LIGHT,RDSFCOND,ACCLASS,IMPACTYPE,INVTYPE,INVAGE,INJURY,FATAL_NO,INITDIR,VEHTYPE,MANOEUVER,DRIVACT,DRIVCOND,PEDTYPE,PEDACT,PEDCOND,CYCLISTYPE,CYCACT,CYCCOND,PEDESTRIAN,CYCLIST,AUTOMOBILE,MOTORCYCLE,TRUCK,TRSN_CITY_,EMERG_VEH,PASSENGER,SPEEDING,AG_DRIV,REDLIGHT,ALCOHOL,DISABILITY,Hood_ID,Neighbourh,ObjectId
-79.222263,43.817439,7878338,1381878,2013,2013-10-21T04:00:00.000Z,1914,19,5930 FINCH AVE E, , ,Minor Arterial,Scarborough,25,0,0,42,0,0,43.817439,-79.222263,Mid-Block, ,No Control,Rain,Daylight,Wet,Non-Fatal Injury,Cyclist Collisions,Cyclist,60 to 64,Major,0,East,Bicycle,Going Ahead, , , , , ,Cyclist and Driver travelling in same direction. One vehicle rear-ended the other.,Driving Properly,Inattentive, ,Yes,Yes, , , , , , ,Yes, , , ,132,Malvern (132),1076
-79.46329,43.682745,5243010,1106184,2009,2009-05-26T04:00:00.000Z,1915,19,ROGERS Road,SILVERTHORN Aven, ,Minor Arterial,Toronto and East York,509,9,5,12,0,0,43.682745,-79.46329,Intersection, ,Traffic Signal,Rain,Daylight,Wet,Non-Fatal Injury,Cyclist Collisions,Driver,25 to 29,None,0,West,"Automobile, Station Wagon",Turning Right,Improper Turn,Inattentive, , , , , , , ,Yes,Yes, , , , , , , , , , ,110,Keelesdale-Eglinton West (110),1077
-79.46329,43.682745,5243011,1106184,2009,2009-05-26T04:00:00.000Z,1915,19,ROGERS Road,SILVERTHORN Aven, ,Minor Arterial,Toronto and East York,509,9,5,12,0,0,43.682745,-79.46329,Intersection, ,Traffic Signal,Rain,Daylight,Wet,Non-Fatal Injury,Cyclist Collisions,Cyclist,50 to 54,Major,0,West,Bicycle,Going Ahead, , , , , ,Motorist turning right on red at signalized intersection strikes cyclist.,Driving Properly,Normal, ,Yes,Yes, , , , , , , , , , ,110,Keelesdale-Eglinton West (110),1078
-79.443607,43.660639,80240982,5000961885,2015,2015-06-08T04:00:00.000Z,1915,19,PATON RD,LANSDOWNE AVE, ,Minor Arterial,Toronto and East York,9,0,0,11,0,0,43.660639,-79.443607,Intersection,At Intersection,Stop Sign,Other,Daylight,Other,Non-Fatal Injury,Angle,Driver,40 to 44,None,0,East, ,Going Ahead,Failed to Yield Right of Way,Unknown, , , , , , , ,Yes, , , , , , , ,Yes, , , ,93,Dovercourt-Wallace Emerson-Junction (93),1079
-79.443607,43.660639,80240983,5000961885,2015,2015-06-08T04:00:00.000Z,1915,19,PATON RD,LANSDOWNE AVE, ,Minor Arterial,Toronto and East York,9,0,0,11,0,0,43.660639,-79.443607,Intersection,At Intersection,Stop Sign,Other,Daylight,Other,Non-Fatal Injury,Angle,Moped Driver,50 to 54,Major,0,North,Moped,Going Ahead,Driving Properly,Unknown, , , , , , , ,Yes, , , , , , , ,Yes, , , ,93,Dovercourt-Wallace Emerson-Junction (93),1080
-79.41379,43.664545,7442504,1305919,2012,2012-06-10T04:00:00.000Z,1916,19,BLOOR Stre W,PALMERSTON Boul, ,Major Arterial,Toronto and East York,11,0,0,14,0,0,43.664545,-79.41379,Intersection, ,Traffic Signal,Clear,Daylight,Dry,Non-Fatal Injury,Cyclist Collisions,Driver,50 to 54,None,0,East,"Automobile, Station Wagon",Parked,Other,Normal, , , , , , , ,Yes,Yes, , , , , , , , , , ,80,Palmerston-Little Italy (80),1081
-79.41379,43.664545,7442505,1305919,2012,2012-06-10T04:00:00.000Z,1916,19,BLOOR Stre W,PALMERSTON Boul, ,Major Arterial,Toronto and East York,11,0,0,14,0,0,43.664545,-79.41379,Intersection, ,Traffic Signal,Clear,Daylight,Dry,Non-Fatal Injury,Cyclist Collisions,Cyclist,45 to 49,Major,0,East,Bicycle,Overtaking, , , , , ,Cyclist struck opened vehicle door,Driving Properly,Normal, ,Yes,Yes, , , , , , , , , , ,80,Palmerston-Little Italy (80),1082
-79.29568,43.708121,80167138,4002478309,2014,2014-07-11T04:00:00.000Z,1918,19,VICTORIA PARK AVE,GLENCREST BLVD, ,Major Arterial,Scarborough,1920,20,19,"54,41",41,54,43.708121,-79.29568,Intersection,At Intersection,No Control,Clear,Daylight,Dry,Non-Fatal Injury,Cyclist Collisions,Driver,50 to 54,None,0,South,"Automobile, Station Wagon",Going Ahead,Driving Properly,Normal, , , , , , , ,Yes,Yes, , , , , , , , , , ,120,Clairlea-Birchmount (120),1083
-79.29568,43.708121,80167139,4002478309,2014,2014-07-11T04:00:00.000Z,1918,19,VICTORIA PARK AVE,GLENCREST BLVD, ,Major Arterial,Scarborough,1920,20,19,"54,41",41,54,43.708121,-79.29568,Intersection,At Intersection,No Control,Clear,Daylight,Dry,Non-Fatal Injury,Cyclist Collisions,Cyclist,60 to 64,Major,0,South,Bicycle,Turning Left, , , , , ,Cyclist turned left across motorists path.,Improper Turn,Inattentive, ,Yes,Yes, , , , , , , , , , ,120,Clairlea-Birchmount (120),1084
-79.55466,43.685553,80913986,8000663907,2018,2018-04-13T04:00:00.000Z,1918,19,THE WESTWAY,KIPLING  AVE,11 m South of,Major Arterial,Etobicoke York,2,0,0,23,0,0,43.685553,-79.55466,Intersection,At Intersection,Traffic Signal,Rain,"Dark, artificial",Wet,Non-Fatal Injury,Cyclist Collisions,Driver,50 to 54,None,0,North,"Automobile, Station Wagon",Going Ahead,Driving Properly,Normal, , , , , , , ,Yes,Yes, , , , , , , , , , ,7,Willowridge-Martingrove-Richview (7),1085
-79.55466,43.685553,80913987,8000663907,2018,2018-04-13T04:00:00.000Z,1918,19,THE WESTWAY,KIPLING  AVE,11 m South of,Major Arterial,Etobicoke York,2,0,0,23,0,0,43.685553,-79.55466,Intersection,At Intersection,Traffic Signal,Rain,"Dark, artificial",Wet,Non-Fatal Injury,Cyclist Collisions,Cyclist,20 to 24,Major,0,East,Bicycle,Turning Left, , , , , ,Cyclist turned left across motorists path.,Disobeyed Traffic Control,Normal, ,Yes,Yes, , , , , , , , , , ,7,Willowridge-Martingrove-Richview (7),1086
-79.41979,43.724845,5368592,1042286,2008,2008-05-15T04:00:00.000Z,1920,19,WOBURN AVE,GREY RD, ,Collector,North York,8,0,0,32,0,0,43.724845,-79.41979,Intersection,At Intersection,Stop Sign,Clear,Daylight,Dry,Non-Fatal Injury,Cyclist Collisions,Driver,60 to 64,None,0,West,"Automobile, Station Wagon",Going Ahead,Driving Properly,Normal, , , , , , , ,Yes,Yes, , , , , , , , , , ,39,Bedford Park-Nortown (39),1087
-79.41979,43.724845,5368593,1042286,2008,2008-05-15T04:00:00.000Z,1920,19,WOBURN AVE,GREY RD, ,Collector,North York,8,0,0,32,0,0,43.724845,-79.41979,Intersection,At Intersection,Stop Sign,Clear,Daylight,Dry,Non-Fatal Injury,Cyclist Collisions,Cyclist,35 to 39,Major,0,North,Bicycle,Going Ahead, , , , , ,"Cyclist without ROW rides into path of motorist at inter, lnwy, dwy-Cyclist not turn.",Failed to Yield Right of Way,Normal, ,Yes,Yes, , , , , , , , , , ,39,Bedford Park-Nortown (39),1088
-79.37789,43.658245,6724677,1277761,2011,2011-10-29T04:00:00.000Z,1920,19,CHURCH ST,GOULD ST, ,Minor Arterial,Toronto and East York,13,0,0,51,0,0,43.658245,-79.37789,Intersection,At Intersection,Traffic Signal,Clear,Dark,Dry,Non-Fatal Injury,Cyclist Collisions,Other,unknown,None,0, ,Other,Parked, , , , , , , , , ,Yes,Yes, , , , , , , , , , ,75,Church-Yonge Corridor (75),1089
-79.37789,43.658245,6724678,1277761,2011,2011-10-29T04:00:00.000Z,1920,19,CHURCH ST,GOULD ST, ,Minor Arterial,Toronto and East York,13,0,0,51,0,0,43.658245,-79.37789,Intersection,At Intersection,Traffic Signal,Clear,Dark,Dry,Non-Fatal Injury,Cyclist Collisions,Vehicle Owner,unknown, ,0, ,Other, , , , , , , , , , ,Yes,Yes, , , , , , , , , , ,75,Church-Yonge Corridor (75),1090
-79.37789,43.658245,6724679,1277761,2011,2011-10-29T04:00:00.000Z,1920,19,CHURCH ST,GOULD ST, ,Minor Arterial,Toronto and East York,13,0,0,51,0,0,43.658245,-79.37789,Intersection,At Intersection,Traffic Signal,Clear,Dark,Dry,Non-Fatal Injury,Cyclist Collisions,Driver,50 to 54,None,0,North,"Automobile, Station Wagon",Overtaking,Other,Other, , , , , , , ,Yes,Yes, , , , , , , , , , ,75,Church-Yonge Corridor (75),1091
-79.37789,43.658245,6724680,1277761,2011,2011-10-29T04:00:00.000Z,1920,19,CHURCH ST,GOULD ST, ,Minor Arterial,Toronto and East York,13,0,0,51,0,0,43.658245,-79.37789,Intersection,At Intersection,Traffic Signal,Clear,Dark,Dry,Non-Fatal Injury,Cyclist Collisions,Cyclist,20 to 24,None,0,North,Bicycle,Overtaking, , , , , ,Cyclist and Driver travelling in same direction. One vehicle sideswipes the other.,Driving Properly,Normal, ,Yes,Yes, , , , , , , , , , ,75,Church-Yonge Corridor (75),1092
-79.37789,43.658245,6724681,1277761,2011,2011-10-29T04:00:00.000Z,1920,19,CHURCH ST,GOULD ST, ,Minor Arterial,Toronto and East York,13,0,0,51,0,0,43.658245,-79.37789,Intersection,At Intersection,Traffic Signal,Clear,Dark,Dry,Non-Fatal Injury,Cyclist Collisions,Cyclist,25 to 29,Major,0,North,Bicycle,Going Ahead, , , , , ,Cyclist and Driver travelling in same direction. One vehicle sideswipes the other.,Driving Properly,Normal, ,Yes,Yes, , , , , , , , , , ,75,Church-Yonge Corridor (75),1093
-79.32799,43.694145,5430668,1069547,2008,2008-10-22T04:00:00.000Z,1927,19,COXWELL AVE,COSBURN AVE, ,Minor Arterial,Toronto and East York,1419,19,14,54,0,0,43.694145,-79.32799,Intersection,At Intersection,Traffic Signal,Clear,Dark,Dry,Non-Fatal Injury,Cyclist Collisions,Driver,25 to 29,None,0,East,"Automobile, Station Wagon",Turning Left,Improper Turn,Normal, , , , , , , ,Yes,Yes, , , , , , , , , , ,58,Old East York (58),1094
-79.32799,43.694145,5430669,1069547,2008,2008-10-22T04:00:00.000Z,1927,19,COXWELL AVE,COSBURN AVE, ,Minor Arterial,Toronto and East York,1419,19,14,54,0,0,43.694145,-79.32799,Intersection,At Intersection,Traffic Signal,Clear,Dark,Dry,Non-Fatal Injury,Cyclist Collisions,Cyclist,25 to 29,Major,0,West,Bicycle,Going Ahead, , , , , ,Motorist turned left across cyclists path.,Driving Properly,Normal, ,Yes,Yes, , , , , , , , , , ,58,Old East York (58),1095
-79.365978,43.659369,80949682,8001299322,2018,2018-07-16T04:00:00.000Z,1928,19,DUNDAS ST E,PARLIAMENT ST, ,Major Arterial,Toronto and East York,13,0,0,51,0,0,43.659369,-79.365978,Intersection,At Intersection,Traffic Signal,Clear,Daylight,Dry,Non-Fatal Injury,Cyclist Collisions,Cyclist,35 to 39,Major,0,South,Bicycle,Going Ahead, , , , , ,"Cyclist without ROW rides into path of motorist at inter, lnwy, dwy-Cyclist not turn.",Disobeyed Traffic Control,Unknown, ,Yes,Yes, , , , , , , , , , ,72,Regent Park (72),1096
-79.365978,43.659369,80949683,8001299322,2018,2018-07-16T04:00:00.000Z,1928,19,DUNDAS ST E,PARLIAMENT ST, ,Major Arterial,Toronto and East York,13,0,0,51,0,0,43.659369,-79.365978,Intersection,At Intersection,Traffic Signal,Clear,Daylight,Dry,Non-Fatal Injury,Cyclist Collisions,Driver,55 to 59,None,0,West,"Automobile, Station Wagon",Going Ahead,Driving Properly,Normal, , , , , , , ,Yes,Yes, , , , , , , , , , ,72,Regent Park (72),1097
-79.56569,43.738145,5444788,1075887,2008,2008-11-30T05:00:00.000Z,1930,19,BARKWIN DR,ISLINGTON AVE, ,Major Arterial,Etobicoke York,1,0,0,23,0,0,43.738145,-79.56569,Intersection,At Intersection,Stop Sign,Clear,Dark,Dry,Non-Fatal Injury,Cyclist Collisions,Driver,unknown,None,0,West,"Automobile, Station Wagon",Slowing or Stopping,Driving Properly,Unknown, , , , , , , ,Yes,Yes, , , , , , , , , , ,3,Thistletown-Beaumond Heights (3),1098
-79.56569,43.738145,5444789,1075887,2008,2008-11-30T05:00:00.000Z,1930,19,BARKWIN DR,ISLINGTON AVE, ,Major Arterial,Etobicoke York,1,0,0,23,0,0,43.738145,-79.56569,Intersection,At Intersection,Stop Sign,Clear,Dark,Dry,Non-Fatal Injury,Cyclist Collisions,Cyclist,45 to 49,Major,0,South,Bicycle,Going Ahead, , , , , ,"Cyclist without ROW rides into path of motorist at inter, lnwy, dwy-Cyclist not turn.",Failed to Yield Right of Way,Inattentive, ,Yes,Yes, , , , , , , , , , ,3,Thistletown-Beaumond Heights (3),1099
-79.43849,43.645445,6805446,1255302,2011,2011-08-30T04:00:00.000Z,1930,19,LANSDOWNE Aven,RIDEAU Aven, ,Minor Arterial,Toronto and East York,4,0,0,11,0,0,43.645445,-79.43849,Mid-Block, ,No Control,Clear,"Dark, artificial",Dry,Non-Fatal Injury,Cyclist Collisions,Vehicle Owner,unknown, ,0, ,Other, , , , , , , , , , ,Yes,Yes, , , , , ,Yes,Yes, , , ,86,Roncesvalles (86),1100
-79.43849,43.645445,6805447,1255302,2011,2011-08-30T04:00:00.000Z,1930,19,LANSDOWNE Aven,RIDEAU Aven, ,Minor Arterial,Toronto and East York,4,0,0,11,0,0,43.645445,-79.43849,Mid-Block, ,No Control,Clear,"Dark, artificial",Dry,Non-Fatal Injury,Cyclist Collisions,Driver,20 to 24,None,0,South,"Automobile, Station Wagon",Parked,Other,Unknown, , , , , , , ,Yes,Yes, , , , , ,Yes,Yes, , , ,86,Roncesvalles (86),1101
-79.43849,43.645445,6805448,1255302,2011,2011-08-30T04:00:00.000Z,1930,19,LANSDOWNE Aven,RIDEAU Aven, ,Minor Arterial,Toronto and East York,4,0,0,11,0,0,43.645445,-79.43849,Mid-Block, ,No Control,Clear,"Dark, artificial",Dry,Non-Fatal Injury,Cyclist Collisions,Cyclist,35 to 39,Major,0,South,Bicycle,Going Ahead, , , , , ,Cyclist struck opened vehicle door,Speed too Fast For Condition,Unknown, ,Yes,Yes, , , , , ,Yes,Yes, , , ,86,Roncesvalles (86),1102
-79.38239,43.671145,7456571,1311734,2012,2012-08-13T04:00:00.000Z,1930,19,BLOOR ST E,ST PAULS SQ, ,Major Arterial,Toronto and East York,11,0,0,"51,53",53,51,43.671145,-79.38239,Intersection, ,No Control,Clear,Daylight,Dry,Non-Fatal Injury,Cyclist Collisions,Driver,25 to 29,None,0,East,"Automobile, Station Wagon",Changing Lanes,Improper Lane Change,Unknown, , , , , , , ,Yes,Yes, , , , , , , , , , ,75,Church-Yonge Corridor (75),1103
-79.38239,43.671145,7456572,1311734,2012,2012-08-13T04:00:00.000Z,1930,19,BLOOR ST E,ST PAULS SQ, ,Major Arterial,Toronto and East York,11,0,0,"51,53",53,51,43.671145,-79.38239,Intersection, ,No Control,Clear,Daylight,Dry,Non-Fatal Injury,Cyclist Collisions,Vehicle Owner,unknown, ,0, ,Other, , , , , , , , , , ,Yes,Yes, , , , , , , , , , ,75,Church-Yonge Corridor (75),1104
-79.38239,43.671145,7456573,1311734,2012,2012-08-13T04:00:00.000Z,1930,19,BLOOR ST E,ST PAULS SQ, ,Major Arterial,Toronto and East York,11,0,0,"51,53",53,51,43.671145,-79.38239,Intersection, ,No Control,Clear,Daylight,Dry,Non-Fatal Injury,Cyclist Collisions,Cyclist,60 to 64,Major,0,East,Bicycle,Going Ahead, , , , , ,Cyclist and Driver travelling in same direction. One vehicle sideswipes the other.,Driving Properly,Normal, ,Yes,Yes, , , , , , , , , , ,75,Church-Yonge Corridor (75),1105
-79.562839,43.75064,80163970,4002291464,2014,2014-06-14T04:00:00.000Z,1930,19,92 DUNCANWOODS DR, , ,Collector,Etobicoke York,7,0,0,31,0,0,43.75064,-79.562839,Mid-Block,At/Near Private Drive,No Control,Clear,Daylight,Dry,Non-Fatal Injury,Cyclist Collisions,Driver,75 to 79,None,0,North,"Automobile, Station Wagon",Going Ahead,Failed to Yield Right of Way,Inattentive, , , , , , , ,Yes,Yes, , , , , , ,Yes, , , ,21,Humber Summit (21),1106
-79.562839,43.75064,80163971,4002291464,2014,2014-06-14T04:00:00.000Z,1930,19,92 DUNCANWOODS DR, , ,Collector,Etobicoke York,7,0,0,31,0,0,43.75064,-79.562839,Mid-Block,At/Near Private Drive,No Control,Clear,Daylight,Dry,Non-Fatal Injury,Cyclist Collisions,Cyclist,5 to 9,Major,0,West,Bicycle,Going Ahead, , , , , ,"Motorist without ROW drives into path of cyclist at inter, lnwy, dwy-Driver not turn.",Driving Properly,Normal, ,Yes,Yes, , , , , , ,Yes, , , ,21,Humber Summit (21),1107
-79.424739,43.649428,80164617,4002366263,2014,2014-06-19T04:00:00.000Z,1930,19,DUNDAS ST W,DOVERCOURT RD, ,Minor Arterial,Toronto and East York,910,10,9,14,0,0,43.649428,-79.424739,Intersection,Non Intersection,No Control,Clear,Daylight,Dry,Non-Fatal Injury,Cyclist Collisions,Passenger,25 to 29,None,0, , , , , , , , , , , , ,Yes,Yes, , , , ,Yes, ,Yes, , , ,81,Trinity-Bellwoods (81),1108
-79.424739,43.649428,80164618,4002366263,2014,2014-06-19T04:00:00.000Z,1930,19,DUNDAS ST W,DOVERCOURT RD, ,Minor Arterial,Toronto and East York,910,10,9,14,0,0,43.649428,-79.424739,Intersection,Non Intersection,No Control,Clear,Daylight,Dry,Non-Fatal Injury,Cyclist Collisions,Driver,20 to 24,None,0,West,"Automobile, Station Wagon",Turning Left,Failed to Yield Right of Way,Normal, , , , , , , ,Yes,Yes, , , , ,Yes, ,Yes, , , ,81,Trinity-Bellwoods (81),1109
-79.424739,43.649428,80164619,4002366263,2014,2014-06-19T04:00:00.000Z,1930,19,DUNDAS ST W,DOVERCOURT RD, ,Minor Arterial,Toronto and East York,910,10,9,14,0,0,43.649428,-79.424739,Intersection,Non Intersection,No Control,Clear,Daylight,Dry,Non-Fatal Injury,Cyclist Collisions,Cyclist,25 to 29,Major,0,East,Bicycle,Going Ahead, , , , , ,Motorist turned left across cyclists path.,Driving Properly,Normal, ,Yes,Yes, , , , ,Yes, ,Yes, , , ,81,Trinity-Bellwoods (81),1110
-79.36629,43.694045,7465292,1315507,2012,2012-08-08T04:00:00.000Z,1935,19,BAYVIEW AVE,NESBITT DR, ,Major Arterial,Toronto and East York,1115,15,11,53,0,0,43.694045,-79.36629,Intersection,At Intersection,Traffic Signal,Clear,Daylight,Dry,Non-Fatal Injury,Cyclist Collisions,Driver,70 to 74,None,0,North,"Automobile, Station Wagon",Turning Left,Failed to Yield Right of Way,Inattentive, , , , , , , ,Yes,Yes, , , , , , ,Yes, , , ,56,Leaside-Bennington (56),1111
-79.36629,43.694045,7465293,1315507,2012,2012-08-08T04:00:00.000Z,1935,19,BAYVIEW AVE,NESBITT DR, ,Major Arterial,Toronto and East York,1115,15,11,53,0,0,43.694045,-79.36629,Intersection,At Intersection,Traffic Signal,Clear,Daylight,Dry,Non-Fatal Injury,Cyclist Collisions,Cyclist,25 to 29,Major,0,South,Bicycle,Going Ahead, , , , , ,Motorist turned left across cyclists path.,Driving Properly,Normal, ,Yes,Yes, , , , , , ,Yes, , , ,56,Leaside-Bennington (56),1112
-79.43275,43.669692,7890669,1386897,2013,2013-09-15T04:00:00.000Z,1937,19,DUPONT St,DOVERCOURT Rd, ,Major Arterial,Toronto and East York,9,0,0,14,0,0,43.669692,-79.43275,Intersection, ,Traffic Signal,Rain,"Dark, artificial",Wet,Non-Fatal Injury,Cyclist Collisions,Driver,20 to 24,None,0,West,"Automobile, Station Wagon",Going Ahead,Improper Passing,Inattentive, , , , , , , ,Yes,Yes, , , , , , ,Yes, , , ,93,Dovercourt-Wallace Emerson-Junction (93),1113
-79.43275,43.669692,7890670,1386897,2013,2013-09-15T04:00:00.000Z,1937,19,DUPONT St,DOVERCOURT Rd, ,Major Arterial,Toronto and East York,9,0,0,14,0,0,43.669692,-79.43275,Intersection, ,Traffic Signal,Rain,"Dark, artificial",Wet,Non-Fatal Injury,Cyclist Collisions,Cyclist,30 to 34,Major,0,West,Bicycle,Stopped, , , , , ,Cyclist and Driver travelling in same direction. One vehicle rear-ended the other.,Driving Properly,Normal, ,Yes,Yes, , , , , , ,Yes, , , ,93,Dovercourt-Wallace Emerson-Junction (93),1114
-79.35889,43.676545,7841568,1366122,2013,2013-07-11T04:00:00.000Z,1939,19,BROADVIEW Ave,DANFORTH Ave, ,Minor Arterial,Toronto and East York,14,0,0,54,0,0,43.676545,-79.35889,Mid-Block, ,No Control,Clear,Daylight,Dry,Non-Fatal Injury,Pedestrian Collisions,Pedestrian,unknown,None,0,East,"Automobile, Station Wagon",Going Ahead, , ,Pedestrian hit at mid-block,"Crossing, no Traffic Control",Inattentive, , , ,Yes,Yes,Yes, , , , , , , , , , ,67,Playter Estates-Danforth (67),1115
-79.35889,43.676545,7841569,1366122,2013,2013-07-11T04:00:00.000Z,1939,19,BROADVIEW Ave,DANFORTH Ave, ,Minor Arterial,Toronto and East York,14,0,0,54,0,0,43.676545,-79.35889,Mid-Block, ,No Control,Clear,Daylight,Dry,Non-Fatal Injury,Pedestrian Collisions,Cyclist,35 to 39,Major,0,South,Bicycle,Going Ahead, , , , , ,Cyclist strikes pedestrian.,Driving Properly,Normal,Yes,Yes,Yes, , , , , , , , , , ,67,Playter Estates-Danforth (67),1116
-79.435558,43.649817,80542795,6000951747,2016,2016-06-01T04:00:00.000Z,1940,19,DUNDAS ST W,BROCK AVE, ,Minor Arterial,Toronto and East York,9,0,0,11,0,0,43.649817,-79.435558,Intersection,At Intersection,Traffic Signal,Clear,Daylight,Dry,Non-Fatal Injury,Cyclist Collisions,Driver,25 to 29,None,0,South,"Automobile, Station Wagon",Going Ahead,Driving Properly,Normal, , , , , , , ,Yes,Yes, , , , , , , , , , ,84,Little Portugal (84),1117
-79.43309,43.676245,6645162,1240985,2011,2011-05-07T04:00:00.000Z,2128,21,MOUNT ROYAL Aven,THOME Cres, ,Local,Toronto and East York,9,0,0,13,0,0,43.676245,-79.43309,Intersection,At Intersection,Stop Sign,Clear,Dark,Dry,Non-Fatal Injury,Cyclist Collisions,Vehicle Owner,unknown, ,0, ,Other, , , , , , , , , , ,Yes,Yes, , , , , , ,Yes, , , ,94,Wychwood (94),1118
-79.30259,43.677545,5059944,1142399,2009,2009-12-15T05:00:00.000Z,1943,19,505 KINGSTON RD, , ,Major Arterial,Toronto and East York,19,0,0,55,0,0,43.677545,-79.30259,Mid-Block, ,No Control,Clear,Dark,Dry,Non-Fatal Injury,Cyclist Collisions,Driver,unknown,None,0,Unknown,"Automobile, Station Wagon",Parked,Other,Unknown, , , , , , , ,Yes,Yes, , , , , , , , , , ,63,The Beaches (63),1119
-79.43309,43.676245,6645163,1240985,2011,2011-05-07T04:00:00.000Z,2128,21,MOUNT ROYAL Aven,THOME Cres, ,Local,Toronto and East York,9,0,0,13,0,0,43.676245,-79.43309,Intersection,At Intersection,Stop Sign,Clear,Dark,Dry,Non-Fatal Injury,Cyclist Collisions,Driver,70 to 74,None,0,North,"Automobile, Station Wagon",Turning Left,Failed to Yield Right of Way,Inattentive, , , , , , , ,Yes,Yes, , , , , , ,Yes, , , ,94,Wychwood (94),1120
-79.30259,43.677545,5059945,1142399,2009,2009-12-15T05:00:00.000Z,1943,19,505 KINGSTON RD, , ,Major Arterial,Toronto and East York,19,0,0,55,0,0,43.677545,-79.30259,Mid-Block, ,No Control,Clear,Dark,Dry,Non-Fatal Injury,Cyclist Collisions,Driver,unknown,None,0,West,"Automobile, Station Wagon",Parked,Other,Unknown, , , , , , , ,Yes,Yes, , , , , , , , , , ,63,The Beaches (63),1121
-79.43309,43.676245,6645164,1240985,2011,2011-05-07T04:00:00.000Z,2128,21,MOUNT ROYAL Aven,THOME Cres, ,Local,Toronto and East York,9,0,0,13,0,0,43.676245,-79.43309,Intersection,At Intersection,Stop Sign,Clear,Dark,Dry,Non-Fatal Injury,Cyclist Collisions,Cyclist,85 to 89,Major,0,South,Bicycle,Going Ahead, , , , , ,Motorist turned left across cyclists path.,Driving Properly,Normal, ,Yes,Yes, , , , , , ,Yes, , , ,94,Wychwood (94),1122
-79.30259,43.677545,5059946,1142399,2009,2009-12-15T05:00:00.000Z,1943,19,505 KINGSTON RD, , ,Major Arterial,Toronto and East York,19,0,0,55,0,0,43.677545,-79.30259,Mid-Block, ,No Control,Clear,Dark,Dry,Non-Fatal Injury,Cyclist Collisions,Cyclist,40 to 44,Major,0,West,Bicycle,Going Ahead, , , , , ,Cyclist strikes a parked vehicle.,Improper Passing,"Ability Impaired, Alcohol", ,Yes,Yes, , , , , , , , , , ,63,The Beaches (63),1123
-79.47289,43.651845,6688357,1259578,2011,2011-08-19T04:00:00.000Z,2128,21,BLOOR ST W,HARCROFT RD, ,Major Arterial,Toronto and East York,4,0,0,11,0,0,43.651845,-79.47289,Intersection, ,No Control,Clear,Dark,Dry,Non-Fatal Injury,Cyclist Collisions,Driver,unknown,None,0,East,"Automobile, Station Wagon",Overtaking,Improper Passing,Unknown, , , , , , , ,Yes,Yes, , , , , , ,Yes, , , ,87,High Park-Swansea (87),1124
-79.574855,43.764334,7876444,1381080,2013,2013-08-01T04:00:00.000Z,1943,19,STEELES AVE W,ISLINGTON AVE, ,Major Arterial,Etobicoke York,7,0,0,31,0,0,43.764334,-79.574855,Intersection,At Intersection,Traffic Signal,Clear,Dusk,Dry,Non-Fatal Injury,Cyclist Collisions,Driver,55 to 59,None,0,North,"Automobile, Station Wagon",Turning Left,Failed to Yield Right of Way,Normal, , , , , , , ,Yes,Yes, , , , , , ,Yes, , , ,21,Humber Summit (21),1125
-79.574855,43.764334,7876445,1381080,2013,2013-08-01T04:00:00.000Z,1943,19,STEELES AVE W,ISLINGTON AVE, ,Major Arterial,Etobicoke York,7,0,0,31,0,0,43.764334,-79.574855,Intersection,At Intersection,Traffic Signal,Clear,Dusk,Dry,Non-Fatal Injury,Cyclist Collisions,Cyclist,50 to 54,Major,0,South,Bicycle,Going Ahead, , , , , ,Motorist turned left across cyclists path.,Other,Normal, ,Yes,Yes, , , , , , ,Yes, , , ,21,Humber Summit (21),1126
-79.39669,43.693045,6696581,1263122,2011,2011-08-25T04:00:00.000Z,1944,19,LAWTON Blvd,WALMSLEY Blvd, ,Local,Toronto and East York,12,0,0,53,0,0,43.693045,-79.39669,Intersection, ,No Control,Clear,Daylight,Dry,Non-Fatal Injury,Cyclist Collisions,Driver,40 to 44,None,0,North,"Automobile, Station Wagon",Overtaking,Driving Properly,Normal, , , , , , , ,Yes,Yes, , , , , , , , , , ,97,Yonge-St.Clair (97),1127
-79.47289,43.651845,6688358,1259578,2011,2011-08-19T04:00:00.000Z,2128,21,BLOOR ST W,HARCROFT RD, ,Major Arterial,Toronto and East York,4,0,0,11,0,0,43.651845,-79.47289,Intersection, ,No Control,Clear,Dark,Dry,Non-Fatal Injury,Cyclist Collisions,Cyclist,45 to 49,Major,0,East,Bicycle,Going Ahead, , , , , ,Cyclist and Driver travelling in same direction. One vehicle sideswipes the other.,Driving Properly,Normal, ,Yes,Yes, , , , , , ,Yes, , , ,87,High Park-Swansea (87),1128
-79.39669,43.693045,6696582,1263122,2011,2011-08-25T04:00:00.000Z,1944,19,LAWTON Blvd,WALMSLEY Blvd, ,Local,Toronto and East York,12,0,0,53,0,0,43.693045,-79.39669,Intersection, ,No Control,Clear,Daylight,Dry,Non-Fatal Injury,Cyclist Collisions,Cyclist,50 to 54,Major,0,North,Bicycle,Going Ahead, , , , , ,Cyclist and Driver travelling in same direction. One vehicle sideswipes the other.,Improper Passing,Normal, ,Yes,Yes, , , , , , , , , , ,97,Yonge-St.Clair (97),1129