X,Y,Index_,ACCNUM,YEAR,DATE,TIME,Hour,STREET1,STREET2,OFFSET,ROAD_CLASS,District,WardNum,WardNum_X,WardNum_Y,Division,Division_X,Division_Y,LATITUDE,LONGITUDE,LOCCOORD,ACCLOC,TRAFFCTL,VISIBILITY,LIGHT,RDSFCOND,ACCLASS,IMPACTYPE,INVTYPE,INVAGE,INJURY,FATAL_NO,INITDIR,VEHTYPE,MANOEUVER,DRIVACT,DRIVCOND,PEDTYPE,PEDACT,PEDCOND,CYCLISTYPE,CYCACT,CYCCOND,PEDESTRIAN,CYCLIST,AUTOMOBILE,MOTORCYCLE,TRUCK,TRSN_CITY_,EMERG_VEH,PASSENGER,SPEEDING,AG_DRIV,REDLIGHT,ALCOHOL,DISABILITY,Hood_ID,Neighbourh,ObjectId
-79.56039,43.751045,6705555,1266995,2011,2011-09-25T04:00:00.000Z,1945,19,GRACEDALE Boul,DUNCANWOODS Driv, ,Collector,Etobicoke York,7,0,0,31,0,0,43.751045,-79.56039,Intersection,At Intersection,Stop Sign,Clear,Dark,Dry,Non-Fatal Injury,Cyclist Collisions,Driver,65 to 69,None,0,South,"Automobile, Station Wagon",Going Ahead,Failed to Yield Right of Way,Normal, , , , , , , ,Yes,Yes, , , , , , ,Yes, , , ,21,Humber Summit (21),1130
-79.56039,43.751045,6705556,1266995,2011,2011-09-25T04:00:00.000Z,1945,19,GRACEDALE Boul,DUNCANWOODS Driv, ,Collector,Etobicoke York,7,0,0,31,0,0,43.751045,-79.56039,Intersection,At Intersection,Stop Sign,Clear,Dark,Dry,Non-Fatal Injury,Cyclist Collisions,Cyclist,10 to 14,Major,0,West,Bicycle,Going Ahead, , , , , ,"Motorist without ROW drives into path of cyclist at inter, lnwy, dwy-Driver not turn.",Driving Properly,Normal, ,Yes,Yes, , , , , , ,Yes, , , ,21,Humber Summit (21),1131
-79.38089,43.656345,6183559,1186302,2010,2010-07-26T04:00:00.000Z,1947,19,YONGE ST,DUNDAS ST E, ,Major Arterial,Toronto and East York,1113,13,11,"51,52",52,51,43.656345,-79.38089,Intersection, ,Traffic Signal,Clear,Daylight,Dry,Non-Fatal Injury,Cyclist Collisions,Driver,30 to 34,Major,0,North,Other,Going Ahead,Driving Properly,Normal, , , , , , , ,Yes, , , , , , , , , , , ,75,Church-Yonge Corridor (75),1132
-79.38089,43.656345,6183560,1186302,2010,2010-07-26T04:00:00.000Z,1947,19,YONGE ST,DUNDAS ST E, ,Major Arterial,Toronto and East York,1113,13,11,"51,52",52,51,43.656345,-79.38089,Intersection, ,Traffic Signal,Clear,Daylight,Dry,Non-Fatal Injury,Cyclist Collisions,Vehicle Owner,unknown, ,0, ,Other, , , , , , , , , , ,Yes, , , , , , , , , , , ,75,Church-Yonge Corridor (75),1133
-79.38089,43.656345,6183561,1186302,2010,2010-07-26T04:00:00.000Z,1947,19,YONGE ST,DUNDAS ST E, ,Major Arterial,Toronto and East York,1113,13,11,"51,52",52,51,43.656345,-79.38089,Intersection, ,Traffic Signal,Clear,Daylight,Dry,Non-Fatal Injury,Cyclist Collisions,Cyclist,40 to 44,None,0,North,Bicycle,Turning Left, , , , , ,Cyclist turned left across motorists path.,Improper Turn,Had Been Drinking, ,Yes, , , , , , , , , , , ,75,Church-Yonge Corridor (75),1134
-79.402095,43.663043,80207051,4001910374,2014,2014-04-08T04:00:00.000Z,1955,19,HARBORD ST,SPADINA AVE,25 m East of,Major Arterial,Toronto and East York,11,0,0,"14,52",52,14,43.663043,-79.402095,Intersection,Non Intersection,No Control,Other,Daylight,Dry,Non-Fatal Injury,Cyclist Collisions,Driver,20 to 24,None,0,East,"Automobile, Station Wagon",Parked,Other,Unknown, , , , , , , ,Yes,Yes, , , , ,Yes, , , , , ,79,University (79),1135
-79.402095,43.663043,80207052,4001910374,2014,2014-04-08T04:00:00.000Z,1955,19,HARBORD ST,SPADINA AVE,25 m East of,Major Arterial,Toronto and East York,11,0,0,"14,52",52,14,43.663043,-79.402095,Intersection,Non Intersection,No Control,Other,Daylight,Dry,Non-Fatal Injury,Cyclist Collisions,Cyclist,20 to 24,Major,0,East,Bicycle,Going Ahead, , , , , ,Cyclist struck opened vehicle door,Driving Properly,Normal, ,Yes,Yes, , , , ,Yes, , , , , ,79,University (79),1136
-79.402095,43.663043,80207053,4001910374,2014,2014-04-08T04:00:00.000Z,1955,19,HARBORD ST,SPADINA AVE,25 m East of,Major Arterial,Toronto and East York,11,0,0,"14,52",52,14,43.663043,-79.402095,Intersection,Non Intersection,No Control,Other,Daylight,Dry,Non-Fatal Injury,Cyclist Collisions,Passenger,50 to 54,None,0, , , , , , , , , , , , ,Yes,Yes, , , , ,Yes, , , , , ,79,University (79),1137
-79.465877,43.665415,80158371,4001952133,2014,2014-04-24T04:00:00.000Z,1956,19,MAVETY ST,DUNDAS ST W, ,Major Arterial,Toronto and East York,4,0,0,11,0,0,43.665415,-79.465877,Intersection,At Intersection,No Control,Clear,"Dusk, artificial",Dry,Non-Fatal Injury,Cyclist Collisions,Driver,65 to 69,None,0,East,"Automobile, Station Wagon",Parked,Other,Inattentive, , , , , , , ,Yes,Yes, , , , , , , , , , ,90,Junction Area (90),1138
-79.465877,43.665415,80158372,4001952133,2014,2014-04-24T04:00:00.000Z,1956,19,MAVETY ST,DUNDAS ST W, ,Major Arterial,Toronto and East York,4,0,0,11,0,0,43.665415,-79.465877,Intersection,At Intersection,No Control,Clear,"Dusk, artificial",Dry,Non-Fatal Injury,Cyclist Collisions,Cyclist,35 to 39,Major,0,East,Bicycle,Going Ahead, , , , , ,Cyclist struck opened vehicle door,Driving Properly,Normal, ,Yes,Yes, , , , , , , , , , ,90,Junction Area (90),1139
-79.262058,43.820048,80950662,8001679287,2018,2018-09-10T04:00:00.000Z,1957,19,MIDDLEFIELD RD,MCNICOLL AVE,1 m North of,Minor Arterial,Scarborough,23,0,0,42,0,0,43.820048,-79.262058,Intersection,At Intersection,Traffic Signal,Rain,"Dusk, artificial",Wet,Non-Fatal Injury,Cyclist Collisions,Cyclist,55 to 59,Major,0,West,Bicycle,Going Ahead, , , , , ,"Cyclist without ROW rides into path of motorist at inter, lnwy, dwy-Cyclist not turn.",Disobeyed Traffic Control,Unknown, ,Yes,Yes, , , , , , , , , , ,130,Milliken (130),1140
-79.262058,43.820048,80950663,8001679287,2018,2018-09-10T04:00:00.000Z,1957,19,MIDDLEFIELD RD,MCNICOLL AVE,1 m North of,Minor Arterial,Scarborough,23,0,0,42,0,0,43.820048,-79.262058,Intersection,At Intersection,Traffic Signal,Rain,"Dusk, artificial",Wet,Non-Fatal Injury,Cyclist Collisions,Driver,25 to 29,None,0,South,"Automobile, Station Wagon",Going Ahead,Driving Properly,Unknown, , , , , , , ,Yes,Yes, , , , , , , , , , ,130,Milliken (130),1141
-79.31409,43.685345,6189917,1188927,2010,2010-08-07T04:00:00.000Z,2000,20,DANFORTH AVE,MOBERLY AVE, ,Major Arterial,Toronto and East York,19,0,0,"54,55",55,54,43.685345,-79.31409,Intersection, ,No Control,Clear,Dusk,Dry,Non-Fatal Injury,Cyclist Collisions,Driver,70 to 74,None,0,East,"Automobile, Station Wagon",Going Ahead,Lost control,Unknown, , , , , , , ,Yes,Yes, , , , , , , , , , ,64,Woodbine Corridor (64),1142
-79.31409,43.685345,6189918,1188927,2010,2010-08-07T04:00:00.000Z,2000,20,DANFORTH AVE,MOBERLY AVE, ,Major Arterial,Toronto and East York,19,0,0,"54,55",55,54,43.685345,-79.31409,Intersection, ,No Control,Clear,Dusk,Dry,Non-Fatal Injury,Cyclist Collisions,Cyclist,20 to 24,Major,0,West,Bicycle,Going Ahead, , , , , ,Motorist loses control and strikes cyclist.,Driving Properly,Normal, ,Yes,Yes, , , , , , , , , , ,64,Woodbine Corridor (64),1143
-79.45059,43.661045,7441866,1305650,2012,2012-06-07T04:00:00.000Z,2000,20,WALLACE AVE,PERTH AVE, ,Local,Toronto and East York,9,0,0,11,0,0,43.661045,-79.45059,Intersection,At Intersection,Stop Sign,Clear,"Dark, artificial",Dry,Non-Fatal Injury,Cyclist Collisions,Driver,unknown,None,0,North,"Automobile, Station Wagon",Going Ahead,Failed to Yield Right of Way,Unknown, , , , , , , ,Yes,Yes, , , , , , ,Yes, , , ,93,Dovercourt-Wallace Emerson-Junction (93),1144
-79.45059,43.661045,7441867,1305650,2012,2012-06-07T04:00:00.000Z,2000,20,WALLACE AVE,PERTH AVE, ,Local,Toronto and East York,9,0,0,11,0,0,43.661045,-79.45059,Intersection,At Intersection,Stop Sign,Clear,"Dark, artificial",Dry,Non-Fatal Injury,Cyclist Collisions,Cyclist,45 to 49,Major,0,East,Bicycle,Going Ahead, , , , , ,"Motorist without ROW drives into path of cyclist at inter, lnwy, dwy-Driver not turn.",Driving Properly,Had Been Drinking, ,Yes,Yes, , , , , , ,Yes, , , ,93,Dovercourt-Wallace Emerson-Junction (93),1145
-79.395587,43.648944,7812849,1353734,2013,2013-04-04T04:00:00.000Z,2000,20,QUEEN St W,SPADINA Ave, ,Major Arterial,Toronto and East York,10,0,0,52,0,0,43.648944,-79.395587,Mid-Block, ,No Control,Clear,"Dusk, artificial",Dry,Non-Fatal Injury,Approaching,Vehicle Owner,unknown, ,0, , , , , , , , , , , , ,Yes, , , ,Yes, ,Yes, , , , , ,78,Kensington-Chinatown (78),1146
-79.395587,43.648944,7812850,1353734,2013,2013-04-04T04:00:00.000Z,2000,20,QUEEN St W,SPADINA Ave, ,Major Arterial,Toronto and East York,10,0,0,52,0,0,43.648944,-79.395587,Mid-Block, ,No Control,Clear,"Dusk, artificial",Dry,Non-Fatal Injury,Approaching,Driver,25 to 29,None,0,West,Street Car,Going Ahead,Driving Properly,Normal, , , , , , , ,Yes, , , ,Yes, ,Yes, , , , , ,78,Kensington-Chinatown (78),1147
-79.395587,43.648944,7812851,1353734,2013,2013-04-04T04:00:00.000Z,2000,20,QUEEN St W,SPADINA Ave, ,Major Arterial,Toronto and East York,10,0,0,52,0,0,43.648944,-79.395587,Mid-Block, ,No Control,Clear,"Dusk, artificial",Dry,Non-Fatal Injury,Approaching,Passenger,55 to 59,Minor,0, , , , , , , , , , , , ,Yes, , , ,Yes, ,Yes, , , , , ,78,Kensington-Chinatown (78),1148
-79.395587,43.648944,7812852,1353734,2013,2013-04-04T04:00:00.000Z,2000,20,QUEEN St W,SPADINA Ave, ,Major Arterial,Toronto and East York,10,0,0,52,0,0,43.648944,-79.395587,Mid-Block, ,No Control,Clear,"Dusk, artificial",Dry,Non-Fatal Injury,Approaching,Moped Driver,55 to 59,Major,0,East,Moped,Going Ahead, , , , , , , , , ,Yes, , , ,Yes, ,Yes, , , , , ,78,Kensington-Chinatown (78),1149
-79.386249,43.650012,80543378,6000956129,2016,2016-05-28T04:00:00.000Z,2005,20,RICHMOND ST W,UNIVERSITY AVE, ,Major Arterial,Toronto and East York,10,0,0,52,0,0,43.650012,-79.386249,Intersection,At Intersection,Traffic Signal,Clear,Daylight,Dry,Non-Fatal Injury,Cyclist Collisions,Driver,unknown,None,0,West,"Automobile, Station Wagon",Turning Right,Failed to Yield Right of Way,Inattentive, , , , , , , ,Yes,Yes, , , , , , ,Yes, , , ,76,Bay Street Corridor (76),1150
-79.386249,43.650012,80543379,6000956129,2016,2016-05-28T04:00:00.000Z,2005,20,RICHMOND ST W,UNIVERSITY AVE, ,Major Arterial,Toronto and East York,10,0,0,52,0,0,43.650012,-79.386249,Intersection,At Intersection,Traffic Signal,Clear,Daylight,Dry,Non-Fatal Injury,Cyclist Collisions,Cyclist,25 to 29,Major,0,West,Bicycle,Going Ahead, , , , , ,Motorist turning right on green or amber at signalized intersection strikes cyclist.,Driving Properly,Normal, ,Yes,Yes, , , , , , ,Yes, , , ,76,Bay Street Corridor (76),1151
-79.31829,43.670645,5260187,1113770,2009,2009-06-06T04:00:00.000Z,2009,20,COXWELL Ave,ROBBINS Ave, ,Minor Arterial,Toronto and East York,1419,19,14,55,0,0,43.670645,-79.31829,Mid-Block, ,No Control,Clear,Daylight,Dry,Non-Fatal Injury,Cyclist Collisions,Driver,40 to 44,None,0,South,"Automobile, Station Wagon",Parked,Other,Inattentive, , , , , , , ,Yes,Yes, , , , , , , , , , ,64,Woodbine Corridor (64),1152
-79.31829,43.670645,5260188,1113770,2009,2009-06-06T04:00:00.000Z,2009,20,COXWELL Ave,ROBBINS Ave, ,Minor Arterial,Toronto and East York,1419,19,14,55,0,0,43.670645,-79.31829,Mid-Block, ,No Control,Clear,Daylight,Dry,Non-Fatal Injury,Cyclist Collisions,Cyclist,50 to 54,Major,0,South,Bicycle,Going Ahead, , , , , ,Cyclist struck opened vehicle door,Driving Properly,Normal, ,Yes,Yes, , , , , , , , , , ,64,Woodbine Corridor (64),1153
-79.55611,43.614146,80497569,6000143198,2016,2016-01-23T05:00:00.000Z,2010,20,THE QUEENSWAY,NORTH QUEEN ST, ,Major Arterial,Etobicoke York,3,0,0,22,0,0,43.614146,-79.55611,Intersection,At Intersection,Traffic Signal,Clear,"Dark, artificial",Dry,Non-Fatal Injury,Cyclist Collisions,Driver,50 to 54,None,0,East,"Automobile, Station Wagon",Turning Left,Failed to Yield Right of Way,Unknown, , , , , , , ,Yes,Yes, , , , , ,Yes,Yes, , , ,14,Islington-City Centre West (14),1154
-79.55611,43.614146,80497570,6000143198,2016,2016-01-23T05:00:00.000Z,2010,20,THE QUEENSWAY,NORTH QUEEN ST, ,Major Arterial,Etobicoke York,3,0,0,22,0,0,43.614146,-79.55611,Intersection,At Intersection,Traffic Signal,Clear,"Dark, artificial",Dry,Non-Fatal Injury,Cyclist Collisions,Cyclist,20 to 24,Major,0,West,Bicycle,Going Ahead, , , , , ,Motorist turned left across cyclists path.,Other,Unknown, ,Yes,Yes, , , , , ,Yes,Yes, , , ,14,Islington-City Centre West (14),1155
-79.35094,43.658515,80972619,8001860748,2018,2018-10-08T04:00:00.000Z,2015,20,685 QUEEN ST E, ,Near #685,Major Arterial,Toronto and East York,14,0,0,55,0,0,43.658515,-79.35094,Intersection,At Intersection,No Control,Clear,"Dusk, artificial",Dry,Fatal,Cyclist Collisions,Cyclist,60 to 64,Fatal,54,East,Bicycle,Going Ahead, , , , , ,Cyclist strikes a parked vehicle.,Lost control,Unknown, ,Yes,Yes, , ,Yes, , , , , , , ,70,South Riverdale (70),1156
-79.35094,43.658515,80973080,8001860748,2018,2018-10-08T04:00:00.000Z,2015,20,685 QUEEN ST E, ,Near #685,Major Arterial,Toronto and East York,14,0,0,55,0,0,43.658515,-79.35094,Intersection,At Intersection,No Control,Clear,"Dusk, artificial",Dry,Fatal,Cyclist Collisions,Driver,30 to 34,None,0,East,Street Car,Going Ahead,Driving Properly,Normal, , , , , , , ,Yes,Yes, , ,Yes, , , , , , , ,70,South Riverdale (70),1157
-79.35094,43.658515,80973081,8001860748,2018,2018-10-08T04:00:00.000Z,2015,20,685 QUEEN ST E, ,Near #685,Major Arterial,Toronto and East York,14,0,0,55,0,0,43.658515,-79.35094,Intersection,At Intersection,No Control,Clear,"Dusk, artificial",Dry,Fatal,Cyclist Collisions,Other,unknown,None,0,East,"Automobile, Station Wagon",Parked, , , , , , , , , ,Yes,Yes, , ,Yes, , , , , , , ,70,South Riverdale (70),1158
-79.45109,43.671045,6162408,1177384,2010,2010-07-15T04:00:00.000Z,2018,20,CALEDONIA PARK RD,DAVENPORT RD, ,Minor Arterial,Toronto and East York,9,0,0,"11,13",13,11,43.671045,-79.45109,Intersection,At Intersection,Traffic Controller,Clear,Dusk,Dry,Non-Fatal Injury,Cyclist Collisions,Cyclist,40 to 44,Major,0,South,Bicycle,Turning Left, , , , , ,"Cyclist loses control and strikes object (pole, ttc track)",Lost control,Normal, ,Yes, , , , , , , , , , , ,93,Dovercourt-Wallace Emerson-Junction (93),1159
-79.429141,43.631358,80783390,7001696237,2017,2017-09-18T04:00:00.000Z,2019,20,LAKE SHORE BLVD W,BRITISH COLUMBIA RD,1 m West of,Expressway,Toronto and East York,4,0,0,14,0,0,43.631358,-79.429141,Intersection,At Intersection,Traffic Signal,Clear,"Dark, artificial",Dry,Non-Fatal Injury,Cyclist Collisions,Cyclist,15 to 19,Major,0,South,Bicycle,Going Ahead, , , , , ,"Cyclist without ROW rides into path of motorist at inter, lnwy, dwy-Cyclist not turn.",Disobeyed Traffic Control,Normal, ,Yes,Yes, , , , , , , , , , ,85,South Parkdale (85),1160
-79.429141,43.631358,80783391,7001696237,2017,2017-09-18T04:00:00.000Z,2019,20,LAKE SHORE BLVD W,BRITISH COLUMBIA RD,1 m West of,Expressway,Toronto and East York,4,0,0,14,0,0,43.631358,-79.429141,Intersection,At Intersection,Traffic Signal,Clear,"Dark, artificial",Dry,Non-Fatal Injury,Cyclist Collisions,Driver,60 to 64,None,0,West,"Automobile, Station Wagon",Going Ahead,Driving Properly,Normal, , , , , , , ,Yes,Yes, , , , , , , , , , ,85,South Parkdale (85),1161
-79.37999,43.663645,6657620,1246241,2011,2011-06-13T04:00:00.000Z,2020,20,CHURCH ST,ALEXANDER ST, ,Minor Arterial,Toronto and East York,13,0,0,51,0,0,43.663645,-79.37999,Intersection, ,No Control,Clear,Dark,Dry,Non-Fatal Injury,Cyclist Collisions,Driver,30 to 34,None,0,North,"Automobile, Station Wagon",Parked,Other,Normal, , , , , , , ,Yes,Yes, , , , , , , , , , ,75,Church-Yonge Corridor (75),1162
-79.37999,43.663645,6657621,1246241,2011,2011-06-13T04:00:00.000Z,2020,20,CHURCH ST,ALEXANDER ST, ,Minor Arterial,Toronto and East York,13,0,0,51,0,0,43.663645,-79.37999,Intersection, ,No Control,Clear,Dark,Dry,Non-Fatal Injury,Cyclist Collisions,Cyclist,25 to 29,Major,0,North,Bicycle,Going Ahead, , , , , ,Cyclist and Driver travelling in same direction. One vehicle sideswipes the other.,Driving Properly,Normal, ,Yes,Yes, , , , , , , , , , ,75,Church-Yonge Corridor (75),1163
-79.43829,43.650045,7406600,1290624,2012,2012-02-27T05:00:00.000Z,2020,20,DUNDAS ST W,ST CLARENS AVE, ,Minor Arterial,Toronto and East York,9,0,0,11,0,0,43.650045,-79.43829,Intersection,At Intersection,Stop Sign,Clear,Dark,Dry,Non-Fatal Injury,Cyclist Collisions,Driver,unknown,None,0,North,"Automobile, Station Wagon",Going Ahead,Disobeyed Traffic Control,Unknown, , , , , , , ,Yes,Yes, , , , , , ,Yes, , , ,84,Little Portugal (84),1164
-79.43829,43.650045,7406601,1290624,2012,2012-02-27T05:00:00.000Z,2020,20,DUNDAS ST W,ST CLARENS AVE, ,Minor Arterial,Toronto and East York,9,0,0,11,0,0,43.650045,-79.43829,Intersection,At Intersection,Stop Sign,Clear,Dark,Dry,Non-Fatal Injury,Cyclist Collisions,Cyclist,50 to 54,Major,0,West,Bicycle,Going Ahead, , , , , ,"Motorist without ROW drives into path of cyclist at inter, lnwy, dwy-Driver not turn.",Driving Properly,Normal, ,Yes,Yes, , , , , , ,Yes, , , ,84,Little Portugal (84),1165
-79.34344,43.737162,80255553,5001921835,2015,2015-11-08T05:00:00.000Z,2020,20,LAWRENCE AVE E,DON MILLS RD, ,Major Arterial,North York,16,0,0,33,0,0,43.737162,-79.34344,Intersection,At Intersection,Traffic Signal,Clear,Dark,Dry,Non-Fatal Injury,Cyclist Collisions,Cyclist,15 to 19,Major,0,East,Bicycle,Turning Left, , , , , ,Cyclist turned left across motorists path.,Failed to Yield Right of Way,Unknown, ,Yes,Yes, , , , , , ,Yes, , , ,42,Banbury-Don Mills (42),1166
-79.34344,43.737162,80255554,5001921835,2015,2015-11-08T05:00:00.000Z,2020,20,LAWRENCE AVE E,DON MILLS RD, ,Major Arterial,North York,16,0,0,33,0,0,43.737162,-79.34344,Intersection,At Intersection,Traffic Signal,Clear,Dark,Dry,Non-Fatal Injury,Cyclist Collisions,Driver,15 to 19,None,0,West,"Automobile, Station Wagon",Going Ahead,Driving Properly,Normal, , , , , , , ,Yes,Yes, , , , , , ,Yes, , , ,42,Banbury-Don Mills (42),1167
-79.429126,43.638571,80559522,5000471900,2015,2015-03-20T04:00:00.000Z,2020,20,KING ST W,TYNDALL AVE, ,Major Arterial,Toronto and East York,4,0,0,14,0,0,43.638571,-79.429126,Intersection,At Intersection,Stop Sign,Clear,"Dark, artificial",Dry,Non-Fatal Injury,Cyclist Collisions,Driver,55 to 59,None,0,North,"Automobile, Station Wagon",Turning Left,Failed to Yield Right of Way,Inattentive, , , , , , , ,Yes,Yes, , , , , , ,Yes, , , ,85,South Parkdale (85),1168
-79.429126,43.638571,80559523,5000471900,2015,2015-03-20T04:00:00.000Z,2020,20,KING ST W,TYNDALL AVE, ,Major Arterial,Toronto and East York,4,0,0,14,0,0,43.638571,-79.429126,Intersection,At Intersection,Stop Sign,Clear,"Dark, artificial",Dry,Non-Fatal Injury,Cyclist Collisions,Cyclist,45 to 49,Major,0,West,Bicycle,Going Ahead, , , , , ,Motorist turned left across cyclists path.,Driving Properly,Normal, ,Yes,Yes, , , , , , ,Yes, , , ,85,South Parkdale (85),1169
-79.42559,43.700945,5865152,1120536,2009,2009-07-13T04:00:00.000Z,2028,20,EGLINTON AVE W,BATHURST ST, ,Major Arterial,Toronto and East York,812,12,8,"13,53",53,13,43.700945,-79.42559,Intersection, ,Traffic Signal,Clear,Daylight,Dry,Non-Fatal Injury,Cyclist Collisions,Vehicle Owner,unknown, ,0, ,Other, , , , , , , , , , ,Yes,Yes, , , , , , , , , , ,106,Humewood-Cedarvale (106),1170
-79.42559,43.700945,5865153,1120536,2009,2009-07-13T04:00:00.000Z,2028,20,EGLINTON AVE W,BATHURST ST, ,Major Arterial,Toronto and East York,812,12,8,"13,53",53,13,43.700945,-79.42559,Intersection, ,Traffic Signal,Clear,Daylight,Dry,Non-Fatal Injury,Cyclist Collisions,Driver,20 to 24,None,0,North,"Automobile, Station Wagon",Turning Left,Driving Properly,Normal, , , , , , , ,Yes,Yes, , , , , , , , , , ,106,Humewood-Cedarvale (106),1171
-79.42559,43.700945,5865154,1120536,2009,2009-07-13T04:00:00.000Z,2028,20,EGLINTON AVE W,BATHURST ST, ,Major Arterial,Toronto and East York,812,12,8,"13,53",53,13,43.700945,-79.42559,Intersection, ,Traffic Signal,Clear,Daylight,Dry,Non-Fatal Injury,Cyclist Collisions,Cyclist,20 to 24,Major,0,South,Bicycle,Going Ahead, , , , , ,"Cyclist without ROW rides into path of motorist at inter, lnwy, dwy-Cyclist not turn.",Disobeyed Traffic Control,Normal, ,Yes,Yes, , , , , , , , , , ,106,Humewood-Cedarvale (106),1172
-79.582073,43.743193,80918691,7001954444,2017,2017-10-27T04:00:00.000Z,2031,20,FINCH  AVE W,KIPLING  AVE, ,Major Arterial,Etobicoke York,1,0,0,23,0,0,43.743193,-79.582073,Intersection,At Intersection,Traffic Signal,Clear,Dark,Dry,Non-Fatal Injury,Cyclist Collisions,Cyclist,30 to 34,Minor,0,West,Bicycle,Going Ahead, , , , , ,Cyclist and Driver travelling in same direction. One vehicle rear-ended the other.,Other,Normal, ,Yes,Yes, , , , , , , , , , ,3,Thistletown-Beaumond Heights (3),1173
-79.582073,43.743193,80918692,7001954444,2017,2017-10-27T04:00:00.000Z,2031,20,FINCH  AVE W,KIPLING  AVE, ,Major Arterial,Etobicoke York,1,0,0,23,0,0,43.743193,-79.582073,Intersection,At Intersection,Traffic Signal,Clear,Dark,Dry,Non-Fatal Injury,Cyclist Collisions,Driver,45 to 49,Major,0,South,"Automobile, Station Wagon",Going Ahead,Driving Properly,Normal, , , , , , , ,Yes,Yes, , , , , , , , , , ,3,Thistletown-Beaumond Heights (3),1174
-79.376674,43.662345,80632446,6000721028,2016,2016-04-27T04:00:00.000Z,2038,20,JARVIS ST,CARLTON ST, ,Major Arterial,Toronto and East York,13,0,0,51,0,0,43.662345,-79.376674,Intersection,At Intersection,Traffic Signal,Clear,"Dark, artificial",Dry,Non-Fatal Injury,Cyclist Collisions,Driver,30 to 34,None,0,North,"Automobile, Station Wagon",Going Ahead,Disobeyed Traffic Control,Normal, , , , , , , ,Yes,Yes, , , , , , ,Yes,Yes, , ,73,Moss Park (73),1175
-79.376674,43.662345,80632447,6000721028,2016,2016-04-27T04:00:00.000Z,2038,20,JARVIS ST,CARLTON ST, ,Major Arterial,Toronto and East York,13,0,0,51,0,0,43.662345,-79.376674,Intersection,At Intersection,Traffic Signal,Clear,"Dark, artificial",Dry,Non-Fatal Injury,Cyclist Collisions,Cyclist,25 to 29,Major,0,West,Bicycle,Going Ahead, , , , , ,"Motorist without ROW drives into path of cyclist at inter, lnwy, dwy-Driver not turn.",Disobeyed Traffic Control,Normal, ,Yes,Yes, , , , , , ,Yes,Yes, , ,73,Moss Park (73),1176
-79.17509,43.775445,5289851,1126624,2009,2009-08-16T04:00:00.000Z,2040,20,4660 KINGSTON Road, , ,Major Arterial,Scarborough,25,0,0,43,0,0,43.775445,-79.17509,Intersection, ,No Control,Clear,Dark,Dry,Non-Fatal Injury,Cyclist Collisions,Driver,unknown,None,0,South,"Automobile, Station Wagon",Going Ahead,Failed to Yield Right of Way,Unknown, , , , , , , ,Yes,Yes, , , , , , ,Yes, , , ,136,West Hill (136),1177
-79.17509,43.775445,5289852,1126624,2009,2009-08-16T04:00:00.000Z,2040,20,4660 KINGSTON Road, , ,Major Arterial,Scarborough,25,0,0,43,0,0,43.775445,-79.17509,Intersection, ,No Control,Clear,Dark,Dry,Non-Fatal Injury,Cyclist Collisions,Cyclist,55 to 59,Major,0,East,Bicycle,Going Ahead, , , , , ,"Motorist without ROW drives into path of cyclist at inter, lnwy, dwy-Driver not turn.",Driving Properly,Unknown, ,Yes,Yes, , , , , , ,Yes, , , ,136,West Hill (136),1178
-79.51259,43.728245,5374506,1044949,2008,2008-06-25T04:00:00.000Z,2040,20,136 NEAMES CRES, , ,Local,Etobicoke York,7,0,0,31,0,0,43.728245,-79.51259,Mid-Block, ,No Control,Clear,Daylight,Dry,Non-Fatal Injury,Cyclist Collisions,Passenger,35 to 39,None,0, ,Other, , , , , , , , , , ,Yes,Yes, , , , ,Yes, , , , , ,26,Downsview-Roding-CFB (26),1179
-79.51259,43.728245,5374507,1044949,2008,2008-06-25T04:00:00.000Z,2040,20,136 NEAMES CRES, , ,Local,Etobicoke York,7,0,0,31,0,0,43.728245,-79.51259,Mid-Block, ,No Control,Clear,Daylight,Dry,Non-Fatal Injury,Cyclist Collisions,Driver,35 to 39,None,0,North,"Automobile, Station Wagon",Going Ahead,Driving Properly,Normal, , , , , , , ,Yes,Yes, , , , ,Yes, , , , , ,26,Downsview-Roding-CFB (26),1180
-79.51259,43.728245,5374508,1044949,2008,2008-06-25T04:00:00.000Z,2040,20,136 NEAMES CRES, , ,Local,Etobicoke York,7,0,0,31,0,0,43.728245,-79.51259,Mid-Block, ,No Control,Clear,Daylight,Dry,Non-Fatal Injury,Cyclist Collisions,Cyclist,5 to 9,Major,0,South,Bicycle,Going Ahead, , , , , ,Insufficient information (to determine cyclist crash type).,Other,Inattentive, ,Yes,Yes, , , , ,Yes, , , , , ,26,Downsview-Roding-CFB (26),1181
-79.293407,43.685328,80783754,7001616713,2017,2017-09-06T04:00:00.000Z,2040,20,GERRARD ST E,HANNAFORD ST, ,Minor Arterial,Toronto and East York,19,0,0,55,0,0,43.685328,-79.293407,Intersection,At Intersection,No Control,Clear,"Dark, artificial",Dry,Non-Fatal Injury,Cyclist Collisions,Driver,55 to 59,None,0,West,"Automobile, Station Wagon",Turning Left,Improper Turn,Normal, , , , , , , ,Yes,Yes, , , , , , , , , , ,62,East End-Danforth (62),1182