X,Y,Index_,ACCNUM,YEAR,DATE,TIME,Hour,STREET1,STREET2,OFFSET,ROAD_CLASS,District,WardNum,WardNum_X,WardNum_Y,Division,Division_X,Division_Y,LATITUDE,LONGITUDE,LOCCOORD,ACCLOC,TRAFFCTL,VISIBILITY,LIGHT,RDSFCOND,ACCLASS,IMPACTYPE,INVTYPE,INVAGE,INJURY,FATAL_NO,INITDIR,VEHTYPE,MANOEUVER,DRIVACT,DRIVCOND,PEDTYPE,PEDACT,PEDCOND,CYCLISTYPE,CYCACT,CYCCOND,PEDESTRIAN,CYCLIST,AUTOMOBILE,MOTORCYCLE,TRUCK,TRSN_CITY_,EMERG_VEH,PASSENGER,SPEEDING,AG_DRIV,REDLIGHT,ALCOHOL,DISABILITY,Hood_ID,Neighbourh,ObjectId
-79.293407,43.685328,80783755,7001616713,2017,2017-09-06T04:00:00.000Z,2040,20,GERRARD ST E,HANNAFORD ST, ,Minor Arterial,Toronto and East York,19,0,0,55,0,0,43.685328,-79.293407,Intersection,At Intersection,No Control,Clear,"Dark, artificial",Dry,Non-Fatal Injury,Cyclist Collisions,Cyclist,30 to 34,Major,0,East,Bicycle,Going Ahead, , , , , ,Motorist turned left across cyclists path.,Driving Properly,Normal, ,Yes,Yes, , , , , , , , , , ,62,East End-Danforth (62),1183
-79.43539,43.659845,7441253,1305383,2012,2012-06-05T04:00:00.000Z,2045,20,DUFFERIN ST,BLOOR ST W, ,Major Arterial,Toronto and East York,9,0,0,"11,14",14,11,43.659845,-79.43539,Intersection,At Intersection,Traffic Signal,Clear,Dusk,Dry,Non-Fatal Injury,Cyclist Collisions,Driver,25 to 29,None,0,North,"Automobile, Station Wagon",Going Ahead,Driving Properly,Normal, , , , , , , ,Yes,Yes, , , , ,Yes, , , , , ,83,Dufferin Grove (83),1184
-79.43539,43.659845,7441254,1305383,2012,2012-06-05T04:00:00.000Z,2045,20,DUFFERIN ST,BLOOR ST W, ,Major Arterial,Toronto and East York,9,0,0,"11,14",14,11,43.659845,-79.43539,Intersection,At Intersection,Traffic Signal,Clear,Dusk,Dry,Non-Fatal Injury,Cyclist Collisions,Passenger,30 to 34,None,0, ,Other, , , , , , , , , , ,Yes,Yes, , , , ,Yes, , , , , ,83,Dufferin Grove (83),1185
-79.43539,43.659845,7441255,1305383,2012,2012-06-05T04:00:00.000Z,2045,20,DUFFERIN ST,BLOOR ST W, ,Major Arterial,Toronto and East York,9,0,0,"11,14",14,11,43.659845,-79.43539,Intersection,At Intersection,Traffic Signal,Clear,Dusk,Dry,Non-Fatal Injury,Cyclist Collisions,Passenger,20 to 24,None,0, ,Other, , , , , , , , , , ,Yes,Yes, , , , ,Yes, , , , , ,83,Dufferin Grove (83),1186
-79.43539,43.659845,7441256,1305383,2012,2012-06-05T04:00:00.000Z,2045,20,DUFFERIN ST,BLOOR ST W, ,Major Arterial,Toronto and East York,9,0,0,"11,14",14,11,43.659845,-79.43539,Intersection,At Intersection,Traffic Signal,Clear,Dusk,Dry,Non-Fatal Injury,Cyclist Collisions,Cyclist,20 to 24,Major,0,West,Bicycle,Going Ahead, , , , , ,"Cyclist without ROW rides into path of motorist at inter, lnwy, dwy-Cyclist not turn.",Disobeyed Traffic Control,Unknown, ,Yes,Yes, , , , ,Yes, , , , , ,83,Dufferin Grove (83),1187
-79.436054,43.651053,80632267,6001862709,2016,2016-10-19T04:00:00.000Z,2046,20,BROCK AVE,MOUTRAY ST, ,Collector,Toronto and East York,9,0,0,11,0,0,43.651053,-79.436054,Intersection,At Intersection,No Control,Clear,"Dark, artificial",Dry,Non-Fatal Injury,Cyclist Collisions,Driver,20 to 24,None,0,North,"Automobile, Station Wagon",Turning Left,Improper Turn,Normal, , , , , , , ,Yes,Yes, , , , , , , , , , ,84,Little Portugal (84),1188
-79.436054,43.651053,80632268,6001862709,2016,2016-10-19T04:00:00.000Z,2046,20,BROCK AVE,MOUTRAY ST, ,Collector,Toronto and East York,9,0,0,11,0,0,43.651053,-79.436054,Intersection,At Intersection,No Control,Clear,"Dark, artificial",Dry,Non-Fatal Injury,Cyclist Collisions,Cyclist,30 to 34,Major,0,South,Bicycle,Going Ahead, , , , , ,Motorist turned left across cyclists path.,Driving Properly,Normal, ,Yes,Yes, , , , , , , , , , ,84,Little Portugal (84),1189
-79.25129,43.718745,5410888,1060768,2008,2008-09-10T04:00:00.000Z,2047,20,ST CLAIR Aven E,MIDLAND Aven, ,Minor Arterial,Scarborough,20,0,0,41,0,0,43.718745,-79.25129,Intersection,At Intersection,Traffic Signal,Clear,Daylight,Dry,Non-Fatal Injury,Cyclist Collisions,Driver,65 to 69,None,0,South,"Automobile, Station Wagon",Turning Left,Failed to Yield Right of Way,Normal, , , , , , , ,Yes,Yes, , , , , , ,Yes, , , ,123,Cliffcrest (123),1190
-79.25129,43.718745,5410889,1060768,2008,2008-09-10T04:00:00.000Z,2047,20,ST CLAIR Aven E,MIDLAND Aven, ,Minor Arterial,Scarborough,20,0,0,41,0,0,43.718745,-79.25129,Intersection,At Intersection,Traffic Signal,Clear,Daylight,Dry,Non-Fatal Injury,Cyclist Collisions,Cyclist,55 to 59,Major,0,North,Bicycle,Going Ahead, , , , , ,Motorist turned left across cyclists path.,Other,Had Been Drinking, ,Yes,Yes, , , , , , ,Yes, , , ,123,Cliffcrest (123),1191
-79.39329,43.648345,7485583,1324043,2012,2012-09-27T04:00:00.000Z,2055,20,RICHMOND St W,PETER St, ,Major Arterial,Toronto and East York,10,0,0,52,0,0,43.648345,-79.39329,Intersection,At Intersection,Traffic Signal,Clear,"Dark, artificial",Dry,Non-Fatal Injury,Cyclist Collisions,Vehicle Owner,unknown, ,0, ,Other, , , , , , , , , , ,Yes,Yes, , , , , , , , , , ,77,Waterfront Communities-The Island (77),1192
-79.39329,43.648345,7485584,1324043,2012,2012-09-27T04:00:00.000Z,2055,20,RICHMOND St W,PETER St, ,Major Arterial,Toronto and East York,10,0,0,52,0,0,43.648345,-79.39329,Intersection,At Intersection,Traffic Signal,Clear,"Dark, artificial",Dry,Non-Fatal Injury,Cyclist Collisions,Driver,45 to 49,None,0,West,"Automobile, Station Wagon",Going Ahead,Driving Properly,Normal, , , , , , , ,Yes,Yes, , , , , , , , , , ,77,Waterfront Communities-The Island (77),1193
-79.39329,43.648345,7485585,1324043,2012,2012-09-27T04:00:00.000Z,2055,20,RICHMOND St W,PETER St, ,Major Arterial,Toronto and East York,10,0,0,52,0,0,43.648345,-79.39329,Intersection,At Intersection,Traffic Signal,Clear,"Dark, artificial",Dry,Non-Fatal Injury,Cyclist Collisions,Cyclist,35 to 39,Major,0,South,Bicycle,Going Ahead, , , , , ,"Cyclist without ROW rides into path of motorist at inter, lnwy, dwy-Cyclist not turn.",Disobeyed Traffic Control,Inattentive, ,Yes,Yes, , , , , , , , , , ,77,Waterfront Communities-The Island (77),1194
-79.189586,43.767646,7816203,1355187,2013,2013-05-07T04:00:00.000Z,2100,21,LAWRENCE AVE E,KINGSTON RD, ,Major Arterial,Scarborough,24,0,0,43,0,0,43.767646,-79.189586,Intersection,At Intersection,Traffic Signal,Clear,"Dark, artificial",Dry,Non-Fatal Injury,Cyclist Collisions,Vehicle Owner,unknown, ,0, ,Other, , , , , , , , , , ,Yes, , , ,Yes, , , , , , , ,136,West Hill (136),1195
-79.189586,43.767646,7816204,1355187,2013,2013-05-07T04:00:00.000Z,2100,21,LAWRENCE AVE E,KINGSTON RD, ,Major Arterial,Scarborough,24,0,0,43,0,0,43.767646,-79.189586,Intersection,At Intersection,Traffic Signal,Clear,"Dark, artificial",Dry,Non-Fatal Injury,Cyclist Collisions,Driver,35 to 39,None,0,East,Municipal Transit Bus (TTC),Going Ahead,Driving Properly,Normal, , , , , , , ,Yes, , , ,Yes, , , , , , , ,136,West Hill (136),1196
-79.189586,43.767646,7816205,1355187,2013,2013-05-07T04:00:00.000Z,2100,21,LAWRENCE AVE E,KINGSTON RD, ,Major Arterial,Scarborough,24,0,0,43,0,0,43.767646,-79.189586,Intersection,At Intersection,Traffic Signal,Clear,"Dark, artificial",Dry,Non-Fatal Injury,Cyclist Collisions,Cyclist,10 to 14,Major,0,North,Bicycle,Going Ahead, , , , , ,"Cyclist without ROW rides into path of motorist at inter, lnwy, dwy-Cyclist not turn.",Disobeyed Traffic Control,Inattentive, ,Yes, , , ,Yes, , , , , , , ,136,West Hill (136),1197
-79.449741,43.694426,80247821,5001404450,2015,2015-08-15T04:00:00.000Z,2100,21,DUFFERIN ST,HUNTER AVE, ,Major Arterial,Toronto and East York,912,12,9,13,0,0,43.694426,-79.449741,Intersection,At Intersection,No Control,Clear,"Dark, artificial",Dry,Non-Fatal Injury,Cyclist Collisions,Driver,70 to 74,None,0,North,"Automobile, Station Wagon",Turning Left,Improper Turn,Normal, , , , , , , ,Yes,Yes, , , , , , , , , , ,107,Oakwood Village (107),1198
-79.449741,43.694426,80247822,5001404450,2015,2015-08-15T04:00:00.000Z,2100,21,DUFFERIN ST,HUNTER AVE, ,Major Arterial,Toronto and East York,912,12,9,13,0,0,43.694426,-79.449741,Intersection,At Intersection,No Control,Clear,"Dark, artificial",Dry,Non-Fatal Injury,Cyclist Collisions,Cyclist,50 to 54,Major,0,South,Bicycle,Going Ahead, , , , , ,Motorist turned left across cyclists path.,Driving Properly,Normal, ,Yes,Yes, , , , , , , , , , ,107,Oakwood Village (107),1199
-79.25279,43.703945,5285163,1124595,2009,2009-09-14T04:00:00.000Z,2103,21,KINGSTON RD,CLIFFSIDE DR, ,Major Arterial,Scarborough,20,0,0,41,0,0,43.703945,-79.25279,Intersection,At Intersection,Traffic Signal,Clear,Dark,Dry,Non-Fatal Injury,Cyclist Collisions,Driver,30 to 34,Minor,0,West,"Automobile, Station Wagon",Going Ahead,Driving Properly,Normal, , , , , , , ,Yes,Yes, , , , ,Yes, , , , , ,122,Birchcliffe-Cliffside (122),1200
-79.25279,43.703945,5285164,1124595,2009,2009-09-14T04:00:00.000Z,2103,21,KINGSTON RD,CLIFFSIDE DR, ,Major Arterial,Scarborough,20,0,0,41,0,0,43.703945,-79.25279,Intersection,At Intersection,Traffic Signal,Clear,Dark,Dry,Non-Fatal Injury,Cyclist Collisions,Passenger,50 to 54,Minor,0, ,Other,Other, , , , , , , , , ,Yes,Yes, , , , ,Yes, , , , , ,122,Birchcliffe-Cliffside (122),1201
-79.25279,43.703945,5285165,1124595,2009,2009-09-14T04:00:00.000Z,2103,21,KINGSTON RD,CLIFFSIDE DR, ,Major Arterial,Scarborough,20,0,0,41,0,0,43.703945,-79.25279,Intersection,At Intersection,Traffic Signal,Clear,Dark,Dry,Non-Fatal Injury,Cyclist Collisions,Cyclist,45 to 49,Major,0, ,Bicycle,Going Ahead, , , , , ,"Cyclist without ROW rides into path of motorist at inter, lnwy, dwy-Cyclist not turn.",Disobeyed Traffic Control,"Ability Impaired, Alcohol Over .80", ,Yes,Yes, , , , ,Yes, , , , , ,122,Birchcliffe-Cliffside (122),1202
-79.311801,43.683352,80944297,8000979295,2018,2018-05-30T04:00:00.000Z,2103,21,WOODBINE  AVE,MERRILL AVE E, ,Major Arterial,Toronto and East York,19,0,0,55,0,0,43.683352,-79.311801,Intersection,At Intersection,No Control,Clear,"Dark, artificial",Dry,Non-Fatal Injury,Cyclist Collisions,Cyclist,20 to 24,Major,0,South,Bicycle,Going Ahead, , , , , ,"Cyclist without ROW rides into path of motorist at inter, lnwy, dwy-Cyclist not turn.",Speed too Fast For Condition,Normal, ,Yes,Yes, , , , , , , , , , ,62,East End-Danforth (62),1203
-79.311801,43.683352,80944298,8000979295,2018,2018-05-30T04:00:00.000Z,2103,21,WOODBINE  AVE,MERRILL AVE E, ,Major Arterial,Toronto and East York,19,0,0,55,0,0,43.683352,-79.311801,Intersection,At Intersection,No Control,Clear,"Dark, artificial",Dry,Non-Fatal Injury,Cyclist Collisions,Driver,30 to 34,None,0,North,"Automobile, Station Wagon",Turning Left,Driving Properly,Normal, , , , , , , ,Yes,Yes, , , , , , , , , , ,62,East End-Danforth (62),1204
-79.37999,43.654045,7844809,1367433,2013,2013-06-04T04:00:00.000Z,2104,21,YONGE ST,SHUTER ST, ,Major Arterial,Toronto and East York,13,0,0,"51,52",52,51,43.654045,-79.37999,Intersection, ,Traffic Signal,Clear,"Dark, artificial",Dry,Non-Fatal Injury,Cyclist Collisions,Vehicle Owner,unknown, ,0, ,Other, , , , , , , , , , ,Yes,Yes, , , , , , , , , , ,76,Bay Street Corridor (76),1205
-79.37999,43.654045,7844810,1367433,2013,2013-06-04T04:00:00.000Z,2104,21,YONGE ST,SHUTER ST, ,Major Arterial,Toronto and East York,13,0,0,"51,52",52,51,43.654045,-79.37999,Intersection, ,Traffic Signal,Clear,"Dark, artificial",Dry,Non-Fatal Injury,Cyclist Collisions,Driver,40 to 44,None,0,South,"Automobile, Station Wagon",Making U Turn,Improper Turn,Inattentive, , , , , , , ,Yes,Yes, , , , , , , , , , ,76,Bay Street Corridor (76),1206
-79.37999,43.654045,7844811,1367433,2013,2013-06-04T04:00:00.000Z,2104,21,YONGE ST,SHUTER ST, ,Major Arterial,Toronto and East York,13,0,0,"51,52",52,51,43.654045,-79.37999,Intersection, ,Traffic Signal,Clear,"Dark, artificial",Dry,Non-Fatal Injury,Cyclist Collisions,Cyclist,30 to 34,Major,0,South,Bicycle,Going Ahead, , , , , ,Motorist makes u-turn in-front of cyclist.,Driving Properly,Normal, ,Yes,Yes, , , , , , , , , , ,76,Bay Street Corridor (76),1207
-79.24449,43.749545,6101709,1150406,2010,2010-01-07T05:00:00.000Z,2108,21,DANFORTH Road,MACKINAC Cres, ,Major Arterial,Scarborough,21,0,0,43,0,0,43.749545,-79.24449,Intersection, ,No Control,Clear,Dark,Dry,Non-Fatal Injury,Cyclist Collisions,Vehicle Owner,unknown, ,0, ,Other, , , , , , , , , , ,Yes,Yes, , , , , , ,Yes, , , ,127,Bendale (127),1208
-79.24449,43.749545,6101710,1150406,2010,2010-01-07T05:00:00.000Z,2108,21,DANFORTH Road,MACKINAC Cres, ,Major Arterial,Scarborough,21,0,0,43,0,0,43.749545,-79.24449,Intersection, ,No Control,Clear,Dark,Dry,Non-Fatal Injury,Cyclist Collisions,Driver,20 to 24,None,0,North,"Automobile, Station Wagon",Overtaking,Failed to Yield Right of Way,Inattentive, , , , , , , ,Yes,Yes, , , , , , ,Yes, , , ,127,Bendale (127),1209
-79.24449,43.749545,6101711,1150406,2010,2010-01-07T05:00:00.000Z,2108,21,DANFORTH Road,MACKINAC Cres, ,Major Arterial,Scarborough,21,0,0,43,0,0,43.749545,-79.24449,Intersection, ,No Control,Clear,Dark,Dry,Non-Fatal Injury,Cyclist Collisions,Cyclist,40 to 44,Major,0,North,Bicycle,Going Ahead, , , , , ,Cyclist and Driver travelling in same direction. One vehicle rear-ended the other.,Driving Properly,Normal, ,Yes,Yes, , , , , , ,Yes, , , ,127,Bendale (127),1210
-79.31689,43.821345,7807807,1351458,2013,2013-04-12T04:00:00.000Z,2110,21,STEELES Ave E,BIRCHMOUNT Rd, ,Major Arterial,Scarborough,22,0,0,42,0,0,43.821345,-79.31689,Intersection,At Intersection,Traffic Signal,Clear,"Dark, artificial",Wet,Non-Fatal Injury,Cyclist Collisions,Driver,45 to 49,Minor,0,West,"Automobile, Station Wagon",Turning Left,Failed to Yield Right of Way,Normal, , , , , , , ,Yes,Yes, , , , ,Yes, ,Yes, , , ,116,Steeles (116),1211
-79.31689,43.821345,7807808,1351458,2013,2013-04-12T04:00:00.000Z,2110,21,STEELES Ave E,BIRCHMOUNT Rd, ,Major Arterial,Scarborough,22,0,0,42,0,0,43.821345,-79.31689,Intersection,At Intersection,Traffic Signal,Clear,"Dark, artificial",Wet,Non-Fatal Injury,Cyclist Collisions,Passenger,25 to 29,Minimal,0, ,Other, , , , , , , , , , ,Yes,Yes, , , , ,Yes, ,Yes, , , ,116,Steeles (116),1212
-79.31689,43.821345,7807809,1351458,2013,2013-04-12T04:00:00.000Z,2110,21,STEELES Ave E,BIRCHMOUNT Rd, ,Major Arterial,Scarborough,22,0,0,42,0,0,43.821345,-79.31689,Intersection,At Intersection,Traffic Signal,Clear,"Dark, artificial",Wet,Non-Fatal Injury,Cyclist Collisions,Passenger,25 to 29,Minimal,0, ,Other, , , , , , , , , , ,Yes,Yes, , , , ,Yes, ,Yes, , , ,116,Steeles (116),1213
-79.31689,43.821345,7807810,1351458,2013,2013-04-12T04:00:00.000Z,2110,21,STEELES Ave E,BIRCHMOUNT Rd, ,Major Arterial,Scarborough,22,0,0,42,0,0,43.821345,-79.31689,Intersection,At Intersection,Traffic Signal,Clear,"Dark, artificial",Wet,Non-Fatal Injury,Cyclist Collisions,Driver,20 to 24,Minimal,0,East,"Automobile, Station Wagon",Going Ahead,Driving Properly,Normal, , , , , , , ,Yes,Yes, , , , ,Yes, ,Yes, , , ,116,Steeles (116),1214
-79.31689,43.821345,7807811,1351458,2013,2013-04-12T04:00:00.000Z,2110,21,STEELES Ave E,BIRCHMOUNT Rd, ,Major Arterial,Scarborough,22,0,0,42,0,0,43.821345,-79.31689,Intersection,At Intersection,Traffic Signal,Clear,"Dark, artificial",Wet,Non-Fatal Injury,Cyclist Collisions,Cyclist,55 to 59,Major,0,East,Bicycle,Going Ahead, , , , , ,Insufficient information (to determine cyclist crash type).,Driving Properly,Normal, ,Yes,Yes, , , , ,Yes, ,Yes, , , ,116,Steeles (116),1215
-79.340793,43.662745,6178401,1184180,2010,2010-07-09T04:00:00.000Z,2115,21,CARLAW Ave,COLGATE Ave, ,Minor Arterial,Toronto and East York,14,0,0,55,0,0,43.662745,-79.340793,Mid-Block, ,No Control,Clear,Dark,Dry,Non-Fatal Injury,Sideswipe,Passenger,45 to 49,Minor,0, , , , , , , , , , , , ,Yes,Yes, , , , ,Yes, , , , , ,70,South Riverdale (70),1216
-79.340793,43.662745,6178402,1184180,2010,2010-07-09T04:00:00.000Z,2115,21,CARLAW Ave,COLGATE Ave, ,Minor Arterial,Toronto and East York,14,0,0,55,0,0,43.662745,-79.340793,Mid-Block, ,No Control,Clear,Dark,Dry,Non-Fatal Injury,Sideswipe,Driver,45 to 49,None,0,North,"Automobile, Station Wagon",Parked,Other,Normal, , , , , , , ,Yes,Yes, , , , ,Yes, , , , , ,70,South Riverdale (70),1217
-79.340793,43.662745,6178403,1184180,2010,2010-07-09T04:00:00.000Z,2115,21,CARLAW Ave,COLGATE Ave, ,Minor Arterial,Toronto and East York,14,0,0,55,0,0,43.662745,-79.340793,Mid-Block, ,No Control,Clear,Dark,Dry,Non-Fatal Injury,Sideswipe,Vehicle Owner,unknown, ,0, , , , , , , , , , , , ,Yes,Yes, , , , ,Yes, , , , , ,70,South Riverdale (70),1218
-79.340793,43.662745,6178404,1184180,2010,2010-07-09T04:00:00.000Z,2115,21,CARLAW Ave,COLGATE Ave, ,Minor Arterial,Toronto and East York,14,0,0,55,0,0,43.662745,-79.340793,Mid-Block, ,No Control,Clear,Dark,Dry,Non-Fatal Injury,Sideswipe,Passenger,15 to 19,Major,0, , , , , , , , , , , , ,Yes,Yes, , , , ,Yes, , , , , ,70,South Riverdale (70),1219
-79.340793,43.662745,6178405,1184180,2010,2010-07-09T04:00:00.000Z,2115,21,CARLAW Ave,COLGATE Ave, ,Minor Arterial,Toronto and East York,14,0,0,55,0,0,43.662745,-79.340793,Mid-Block, ,No Control,Clear,Dark,Dry,Non-Fatal Injury,Sideswipe,Moped Driver,15 to 19,None,0,North,Moped, , , , , , , , , , ,Yes,Yes, , , , ,Yes, , , , , ,70,South Riverdale (70),1220
-79.404765,43.668948,80494517,5002105318,2015,2015-12-08T05:00:00.000Z,2115,21,LOWTHER AVE,SPADINA RD,5 m South of,Minor Arterial,Toronto and East York,11,0,0,"14,53",53,14,43.668948,-79.404765,Intersection,Intersection Related,Traffic Signal,Rain,"Dark, artificial",Wet,Non-Fatal Injury,Cyclist Collisions,Cyclist,20 to 24,Major,0,North,Bicycle,Turning Left, , , , , ,Cyclist turned left across motorists path.,Improper Turn,Normal, ,Yes,Yes, , , , ,Yes, , , , , ,95,Annex (95),1221
-79.404765,43.668948,80494518,5002105318,2015,2015-12-08T05:00:00.000Z,2115,21,LOWTHER AVE,SPADINA RD,5 m South of,Minor Arterial,Toronto and East York,11,0,0,"14,53",53,14,43.668948,-79.404765,Intersection,Intersection Related,Traffic Signal,Rain,"Dark, artificial",Wet,Non-Fatal Injury,Cyclist Collisions,Driver,50 to 54,None,0,South,"Automobile, Station Wagon",Going Ahead,Driving Properly,Normal, , , , , , , ,Yes,Yes, , , , ,Yes, , , , , ,95,Annex (95),1222
-79.404765,43.668948,80494519,5002105318,2015,2015-12-08T05:00:00.000Z,2115,21,LOWTHER AVE,SPADINA RD,5 m South of,Minor Arterial,Toronto and East York,11,0,0,"14,53",53,14,43.668948,-79.404765,Intersection,Intersection Related,Traffic Signal,Rain,"Dark, artificial",Wet,Non-Fatal Injury,Cyclist Collisions,Passenger,15 to 19,None,0, , , , , , , , , , , , ,Yes,Yes, , , , ,Yes, , , , , ,95,Annex (95),1223
-79.404765,43.668948,80494520,5002105318,2015,2015-12-08T05:00:00.000Z,2115,21,LOWTHER AVE,SPADINA RD,5 m South of,Minor Arterial,Toronto and East York,11,0,0,"14,53",53,14,43.668948,-79.404765,Intersection,Intersection Related,Traffic Signal,Rain,"Dark, artificial",Wet,Non-Fatal Injury,Cyclist Collisions,Passenger,10 to 14,None,0, , , , , , , , , , , , ,Yes,Yes, , , , ,Yes, , , , , ,95,Annex (95),1224
-79.429668,43.652896,80171466,4002735786,2014,2014-08-19T04:00:00.000Z,2120,21,COLLEGE ST,RUSHOLME PARK CRT, ,Major Arterial,Toronto and East York,9,0,0,14,0,0,43.652896,-79.429668,Intersection,At Intersection,Stop Sign,Clear,"Dark, artificial",Dry,Non-Fatal Injury,Cyclist Collisions,Driver,25 to 29,None,0,East,Delivery Van,Turning Right,Improper Turn,Inattentive, , , , , , , ,Yes,Yes, , , , , , , , , , ,84,Little Portugal (84),1225
-79.429668,43.652896,80171467,4002735786,2014,2014-08-19T04:00:00.000Z,2120,21,COLLEGE ST,RUSHOLME PARK CRT, ,Major Arterial,Toronto and East York,9,0,0,14,0,0,43.652896,-79.429668,Intersection,At Intersection,Stop Sign,Clear,"Dark, artificial",Dry,Non-Fatal Injury,Cyclist Collisions,Cyclist,40 to 44,Major,0,North,Bicycle,Going Ahead, , , , , ,"Motorist turns right at non-signal Inter.(stop, yield, no cont.,and dwy) and strikes cyclist.",Driving Properly,Normal, ,Yes,Yes, , , , , , , , , , ,84,Little Portugal (84),1226
-79.423084,43.675551,7871852,1379135,2013,2013-07-17T04:00:00.000Z,2124,21,CHRISTIE St,DAVENPORT Rd, ,Minor Arterial,Toronto and East York,12,0,0,13,0,0,43.675551,-79.423084,Intersection,At Intersection,Traffic Signal,Clear,Dark,Dry,Non-Fatal Injury,Cyclist Collisions,Driver,60 to 64,None,0,North,"Automobile, Station Wagon",Turning Left,Failed to Yield Right of Way,Inattentive, , , , , , , ,Yes,Yes, , , , , , ,Yes, , , ,94,Wychwood (94),1227
-79.423084,43.675551,7871853,1379135,2013,2013-07-17T04:00:00.000Z,2124,21,CHRISTIE St,DAVENPORT Rd, ,Minor Arterial,Toronto and East York,12,0,0,13,0,0,43.675551,-79.423084,Intersection,At Intersection,Traffic Signal,Clear,Dark,Dry,Non-Fatal Injury,Cyclist Collisions,Cyclist,35 to 39,Major,0,South,Bicycle,Going Ahead, , , , , ,Motorist turned left across cyclists path.,Driving Properly,Normal, ,Yes,Yes, , , , , , ,Yes, , , ,94,Wychwood (94),1228
-79.432575,43.674491,7859462,1373747,2013,2013-06-25T04:00:00.000Z,2126,21,1173 DAVENPORT RD, , ,Minor Arterial,Toronto and East York,9,0,0,13,0,0,43.674491,-79.432575,Intersection,Intersection Related,No Control,Clear,"Dusk, artificial",Dry,Non-Fatal Injury,Cyclist Collisions,Driver,30 to 34,None,0,East,Pick Up Truck,Stopped,Other,Inattentive, , , , , , , ,Yes,Yes, , , , , , , , , , ,94,Wychwood (94),1229
-79.432575,43.674491,7859463,1373747,2013,2013-06-25T04:00:00.000Z,2126,21,1173 DAVENPORT RD, , ,Minor Arterial,Toronto and East York,9,0,0,13,0,0,43.674491,-79.432575,Intersection,Intersection Related,No Control,Clear,"Dusk, artificial",Dry,Non-Fatal Injury,Cyclist Collisions,Cyclist,25 to 29,Major,0,East,Bicycle,Going Ahead, , , , , ,Cyclist struck opened vehicle door,Driving Properly,Normal, ,Yes,Yes, , , , , , , , , , ,94,Wychwood (94),1230
-79.40479,43.668945,7425312,1298696,2012,2012-04-19T04:00:00.000Z,2127,21,SPADINA RD,LOWTHER AVE, ,Minor Arterial,Toronto and East York,11,0,0,"14,53",53,14,43.668945,-79.40479,Intersection,At Intersection,Traffic Signal,Clear,"Dark, artificial",Dry,Non-Fatal Injury,Cyclist Collisions,Driver,45 to 49,None,0,North,"Automobile, Station Wagon",Turning Left,Improper Turn,Normal, , , , , , , ,Yes,Yes, , , , , , , , , , ,95,Annex (95),1231
-79.40479,43.668945,7425313,1298696,2012,2012-04-19T04:00:00.000Z,2127,21,SPADINA RD,LOWTHER AVE, ,Minor Arterial,Toronto and East York,11,0,0,"14,53",53,14,43.668945,-79.40479,Intersection,At Intersection,Traffic Signal,Clear,"Dark, artificial",Dry,Non-Fatal Injury,Cyclist Collisions,Cyclist,30 to 34,Major,0,South,Bicycle,Going Ahead, , , , , ,Motorist turned left across cyclists path.,Driving Properly,Normal, ,Yes,Yes, , , , , , , , , , ,95,Annex (95),1232
-79.563464,43.653208,80632054,6001283246,2016,2016-07-21T04:00:00.000Z,2127,21,THE EAST MALL,RATHBURN RD,137 m South of,Minor Arterial,Etobicoke York,2,0,0,22,0,0,43.653208,-79.563464,Mid-Block,Non Intersection,No Control,Clear,"Dark, artificial",Dry,Non-Fatal Injury,Cyclist Collisions,Driver,65 to 69,None,0,West,Passenger Van,Reversing,Other,Normal, , , , , , , ,Yes,Yes, , , , ,Yes, , , , , ,14,Islington-City Centre West (14),1233
-79.563464,43.653208,80632055,6001283246,2016,2016-07-21T04:00:00.000Z,2127,21,THE EAST MALL,RATHBURN RD,137 m South of,Minor Arterial,Etobicoke York,2,0,0,22,0,0,43.653208,-79.563464,Mid-Block,Non Intersection,No Control,Clear,"Dark, artificial",Dry,Non-Fatal Injury,Cyclist Collisions,Cyclist,20 to 24,Major,0,South,Bicycle,Going Ahead, , , , , ,Motorist reversing struck cyclist.,Driving Properly,Other, ,Yes,Yes, , , , ,Yes, , , , , ,14,Islington-City Centre West (14),1234
-79.45882,43.67483,80944723,8001034649,2018,2018-06-07T04:00:00.000Z,2128,21,BLACKTHORN AVE,ST CLAIR AVE W,33 m North of,Local,Toronto and East York,9,0,0,12,0,0,43.67483,-79.45882,Intersection,Laneway,No Control,Clear,"Dark, artificial",Dry,Non-Fatal Injury,Cyclist Collisions,Driver,50 to 54,Minor,0,South,Pick Up Truck,Turning Left,Other,Normal, , , , , , , ,Yes,Yes, , , , , , , , , , ,91,Weston-Pellam Park (91),1235
-79.45882,43.67483,80944724,8001034649,2018,2018-06-07T04:00:00.000Z,2128,21,BLACKTHORN AVE,ST CLAIR AVE W,33 m North of,Local,Toronto and East York,9,0,0,12,0,0,43.67483,-79.45882,Intersection,Laneway,No Control,Clear,"Dark, artificial",Dry,Non-Fatal Injury,Cyclist Collisions,Cyclist,55 to 59,Major,0,North,Bicycle,Going Ahead, , , , , ,Motorist turned left across cyclists path.,Other,Unknown, ,Yes,Yes, , , , , , , , , , ,91,Weston-Pellam Park (91),1236