X,Y,Index_,ACCNUM,YEAR,DATE,TIME,Hour,STREET1,STREET2,OFFSET,ROAD_CLASS,District,WardNum,WardNum_X,WardNum_Y,Division,Division_X,Division_Y,LATITUDE,LONGITUDE,LOCCOORD,ACCLOC,TRAFFCTL,VISIBILITY,LIGHT,RDSFCOND,ACCLASS,IMPACTYPE,INVTYPE,INVAGE,INJURY,FATAL_NO,INITDIR,VEHTYPE,MANOEUVER,DRIVACT,DRIVCOND,PEDTYPE,PEDACT,PEDCOND,CYCLISTYPE,CYCACT,CYCCOND,PEDESTRIAN,CYCLIST,AUTOMOBILE,MOTORCYCLE,TRUCK,TRSN_CITY_,EMERG_VEH,PASSENGER,SPEEDING,AG_DRIV,REDLIGHT,ALCOHOL,DISABILITY,Hood_ID,Neighbourh,ObjectId
-79.402004,43.642199,80491000,5001821227,2015,2015-10-22T04:00:00.000Z,2130,21,BATHURST ST,NIAGARA ST,25 m South of,Major Arterial,Toronto and East York,10,0,0,14,0,0,43.642199,-79.402004,Intersection,At/Near Private Drive,Traffic Signal,Clear,"Dark, artificial",Dry,Non-Fatal Injury,Cyclist Collisions,Cyclist,30 to 34,Major,0,West,Bicycle,Turning Left, , , , , ,Cyclist turned left across motorists path.,Speed too Fast For Condition,Inattentive, ,Yes,Yes, , , , , , , , , , ,77,Waterfront Communities-The Island (77),1237
-79.402004,43.642199,80491001,5001821227,2015,2015-10-22T04:00:00.000Z,2130,21,BATHURST ST,NIAGARA ST,25 m South of,Major Arterial,Toronto and East York,10,0,0,14,0,0,43.642199,-79.402004,Intersection,At/Near Private Drive,Traffic Signal,Clear,"Dark, artificial",Dry,Non-Fatal Injury,Cyclist Collisions,Driver,20 to 24,None,0,North,"Automobile, Station Wagon",Turning Left,Driving Properly,Normal, , , , , , , ,Yes,Yes, , , , , , , , , , ,77,Waterfront Communities-The Island (77),1238
-79.189586,43.767646,7527653,1307650,2012,2012-07-27T04:00:00.000Z,2133,21,KINGSTON RD,LAWRENCE AVE E, ,Major Arterial,Scarborough,24,0,0,43,0,0,43.767646,-79.189586,Intersection,At Intersection,Traffic Signal,Clear,"Dusk, artificial",Dry,Fatal,Cyclist Collisions,Vehicle Owner,unknown, ,0, ,Other, , , , , , , , , , ,Yes,Yes, , , , , , , , , , ,136,West Hill (136),1239
-79.189586,43.767646,7527654,1307650,2012,2012-07-27T04:00:00.000Z,2133,21,KINGSTON RD,LAWRENCE AVE E, ,Major Arterial,Scarborough,24,0,0,43,0,0,43.767646,-79.189586,Intersection,At Intersection,Traffic Signal,Clear,"Dusk, artificial",Dry,Fatal,Cyclist Collisions,Driver,15 to 19,None,0,East,"Automobile, Station Wagon",Going Ahead,Driving Properly,Normal, , , , , , , ,Yes,Yes, , , , , , , , , , ,136,West Hill (136),1240
-79.189586,43.767646,7527655,1307650,2012,2012-07-27T04:00:00.000Z,2133,21,KINGSTON RD,LAWRENCE AVE E, ,Major Arterial,Scarborough,24,0,0,43,0,0,43.767646,-79.189586,Intersection,At Intersection,Traffic Signal,Clear,"Dusk, artificial",Dry,Fatal,Cyclist Collisions,Cyclist,15 to 19,Fatal,24,South,Bicycle,Going Ahead, , , , , ,"Cyclist without ROW rides into path of motorist at inter, lnwy, dwy-Cyclist not turn.",Disobeyed Traffic Control,Unknown, ,Yes,Yes, , , , , , , , , , ,136,West Hill (136),1241
-79.48429,43.659045,5253167,1110667,2009,2009-05-22T04:00:00.000Z,2135,21,675 ANNETTE Stre, , ,Minor Arterial,Toronto and East York,4,0,0,11,0,0,43.659045,-79.48429,Mid-Block, ,No Control,Clear,Dark,Dry,Non-Fatal Injury,Cyclist Collisions,Driver,35 to 39,None,0,East,"Automobile, Station Wagon",Going Ahead,Following too Close,Normal, , , , , , , ,Yes,Yes, , , , , , ,Yes, , , ,89,Runnymede-Bloor West Village (89),1242
-79.48429,43.659045,5253168,1110667,2009,2009-05-22T04:00:00.000Z,2135,21,675 ANNETTE Stre, , ,Minor Arterial,Toronto and East York,4,0,0,11,0,0,43.659045,-79.48429,Mid-Block, ,No Control,Clear,Dark,Dry,Non-Fatal Injury,Cyclist Collisions,Cyclist,15 to 19,Major,0,East,Bicycle,Turning Left, , , , , ,Cyclist and Driver travelling in same direction. One vehicle rear-ended the other.,Other,Normal, ,Yes,Yes, , , , , , ,Yes, , , ,89,Runnymede-Bloor West Village (89),1243
-79.264797,43.698958,80251660,5001672708,2015,2015-09-27T04:00:00.000Z,2136,21,336 BIRCHMOUNT RD, ,3 m South of,Minor Arterial,Scarborough,20,0,0,41,0,0,43.698958,-79.264797,Mid-Block,Non Intersection,No Control,Clear,"Dark, artificial",Dry,Non-Fatal Injury,Cyclist Collisions,Driver,65 to 69,None,0,South,"Automobile, Station Wagon",Going Ahead,Following too Close,Inattentive, , , , , , , ,Yes,Yes, , , , , , ,Yes, , , ,122,Birchcliffe-Cliffside (122),1244
-79.264797,43.698958,80251661,5001672708,2015,2015-09-27T04:00:00.000Z,2136,21,336 BIRCHMOUNT RD, ,3 m South of,Minor Arterial,Scarborough,20,0,0,41,0,0,43.698958,-79.264797,Mid-Block,Non Intersection,No Control,Clear,"Dark, artificial",Dry,Non-Fatal Injury,Cyclist Collisions,Cyclist,35 to 39,Major,0,South,Bicycle,Stopped, , , , , ,Cyclist and Driver travelling in same direction. One vehicle rear-ended the other.,Driving Properly,Normal, ,Yes,Yes, , , , , , ,Yes, , , ,122,Birchcliffe-Cliffside (122),1245
-79.38949,43.676945,7492267,1326911,2012,2012-10-11T04:00:00.000Z,2140,21,YONGE St,CRESCENT Rd, ,Major Arterial,Toronto and East York,11,0,0,53,0,0,43.676945,-79.38949,Intersection,At Intersection,Traffic Signal,Clear,"Dark, artificial",Dry,Non-Fatal Injury,Cyclist Collisions,Driver,75 to 79,None,0,South,"Automobile, Station Wagon",Turning Left,Failed to Yield Right of Way,Inattentive, , , , , , , ,Yes,Yes, , , , , , ,Yes, , , ,98,Rosedale-Moore Park (98),1246
-79.38949,43.676945,7492268,1326911,2012,2012-10-11T04:00:00.000Z,2140,21,YONGE St,CRESCENT Rd, ,Major Arterial,Toronto and East York,11,0,0,53,0,0,43.676945,-79.38949,Intersection,At Intersection,Traffic Signal,Clear,"Dark, artificial",Dry,Non-Fatal Injury,Cyclist Collisions,Cyclist,20 to 24,Major,0,North,Bicycle,Going Ahead, , , , , ,Motorist turned left across cyclists path.,Driving Properly,Normal, ,Yes,Yes, , , , , , ,Yes, , , ,98,Rosedale-Moore Park (98),1247
-79.403972,43.647116,7891610,1387238,2013,2013-09-21T04:00:00.000Z,2140,21,QUEEN ST W,BATHURST ST, ,Major Arterial,Toronto and East York,10,0,0,14,0,0,43.647116,-79.403972,Intersection,At Intersection,Traffic Signal,Clear,"Dark, artificial",Dry,Non-Fatal Injury,Cyclist Collisions,Driver,15 to 19,None,0,East,"Automobile, Station Wagon",Changing Lanes,Improper Lane Change,Had Been Drinking, , , , , , , ,Yes,Yes, , , , , , , , , , ,77,Waterfront Communities-The Island (77),1248
-79.403972,43.647116,7891611,1387238,2013,2013-09-21T04:00:00.000Z,2140,21,QUEEN ST W,BATHURST ST, ,Major Arterial,Toronto and East York,10,0,0,14,0,0,43.647116,-79.403972,Intersection,At Intersection,Traffic Signal,Clear,"Dark, artificial",Dry,Non-Fatal Injury,Cyclist Collisions,Cyclist,40 to 44,Major,0,East,Bicycle,Going Ahead, , , , , ,Cyclist and Driver travelling in same direction. One vehicle sideswipes the other.,Driving Properly,Normal, ,Yes,Yes, , , , , , , , , , ,77,Waterfront Communities-The Island (77),1249
-79.40209,43.636045,6182149,1185727,2010,2010-07-20T04:00:00.000Z,2141,21,FLEET ST,FLEET LAKE SHORE BLVD RAMP ST, ,Major Arterial,Toronto and East York,10,0,0,14,0,0,43.636045,-79.40209,Mid-Block, ,Traffic Signal,Clear,Dark,Dry,Non-Fatal Injury,Cyclist Collisions,Vehicle Owner,unknown, ,0, ,Other, , , , , , , , , , ,Yes, , , ,Yes, , , , , , , ,82,Niagara (82),1250
-79.40209,43.636045,6182150,1185727,2010,2010-07-20T04:00:00.000Z,2141,21,FLEET ST,FLEET LAKE SHORE BLVD RAMP ST, ,Major Arterial,Toronto and East York,10,0,0,14,0,0,43.636045,-79.40209,Mid-Block, ,Traffic Signal,Clear,Dark,Dry,Non-Fatal Injury,Cyclist Collisions,Driver,50 to 54,None,0,West,Municipal Transit Bus (TTC),Going Ahead,Driving Properly,Normal, , , , , , , ,Yes, , , ,Yes, , , , , , , ,82,Niagara (82),1251
-79.40209,43.636045,6182151,1185727,2010,2010-07-20T04:00:00.000Z,2141,21,FLEET ST,FLEET LAKE SHORE BLVD RAMP ST, ,Major Arterial,Toronto and East York,10,0,0,14,0,0,43.636045,-79.40209,Mid-Block, ,Traffic Signal,Clear,Dark,Dry,Non-Fatal Injury,Cyclist Collisions,Cyclist,50 to 54,Major,0,North,Bicycle,Going Ahead, , , , , ,"Cyclist without ROW rides into path of motorist at inter, lnwy, dwy-Cyclist not turn.",Disobeyed Traffic Control,Normal, ,Yes, , , ,Yes, , , , , , , ,82,Niagara (82),1252
-79.404529,43.73429,80781828,7001580093,2017,2017-08-31T04:00:00.000Z,2141,21,YONGE ST,YONGE BLVD, ,Major Arterial,North York,815,15,8,32,0,0,43.73429,-79.404529,Intersection,At Intersection,Traffic Controller,Clear,"Daylight, artificial",Dry,Non-Fatal Injury,Cyclist Collisions,Driver,20 to 24,None,0,East,Pick Up Truck,Turning Right,Improper Turn,Normal, , , , , , , ,Yes,Yes, , , , , , , , , , ,41,Bridle Path-Sunnybrook-York Mills (41),1253
-79.404529,43.73429,80781829,7001580093,2017,2017-08-31T04:00:00.000Z,2141,21,YONGE ST,YONGE BLVD, ,Major Arterial,North York,815,15,8,32,0,0,43.73429,-79.404529,Intersection,At Intersection,Traffic Controller,Clear,"Daylight, artificial",Dry,Non-Fatal Injury,Cyclist Collisions,Cyclist,20 to 24,Major,0,North,Bicycle,Going Ahead, , , , , ,Motorist turning right on red at signalized intersection strikes cyclist.,Improper Passing,Normal, ,Yes,Yes, , , , , , , , , , ,41,Bridle Path-Sunnybrook-York Mills (41),1254
-79.343715,43.775824,7491963,1326780,2012,2012-10-11T04:00:00.000Z,2148,21,SHEPPARD AVE E,PARKWAY FOREST DR, ,Major Arterial,North York,17,0,0,33,0,0,43.775824,-79.343715,Intersection,At Intersection,Traffic Signal,Rain,Dark,Wet,Non-Fatal Injury,Turning Movement,Vehicle Owner,unknown, ,0, ,Other, , , , , , , , , , ,Yes,Yes, , , , , , ,Yes, , , ,53,Henry Farm (53),1255
-79.343715,43.775824,7491964,1326780,2012,2012-10-11T04:00:00.000Z,2148,21,SHEPPARD AVE E,PARKWAY FOREST DR, ,Major Arterial,North York,17,0,0,33,0,0,43.775824,-79.343715,Intersection,At Intersection,Traffic Signal,Rain,Dark,Wet,Non-Fatal Injury,Turning Movement,Driver,35 to 39,None,0,West,"Automobile, Station Wagon",Turning Left,Failed to Yield Right of Way,Inattentive, , , , , , , ,Yes,Yes, , , , , , ,Yes, , , ,53,Henry Farm (53),1256
-79.343715,43.775824,7491965,1326780,2012,2012-10-11T04:00:00.000Z,2148,21,SHEPPARD AVE E,PARKWAY FOREST DR, ,Major Arterial,North York,17,0,0,33,0,0,43.775824,-79.343715,Intersection,At Intersection,Traffic Signal,Rain,Dark,Wet,Non-Fatal Injury,Turning Movement,Moped Driver,50 to 54,Major,0,East,Other,Going Ahead,Driving Properly,Normal, , , , , , , ,Yes,Yes, , , , , , ,Yes, , , ,53,Henry Farm (53),1257
-79.398639,43.654383,80559729,5000051256,2015,2015-01-09T05:00:00.000Z,2148,21,SPADINA AVE,ST ANDREW ST,6 m North of,Major Arterial,Toronto and East York,11,0,0,"14,52",52,14,43.654383,-79.398639,Intersection,Intersection Related,Traffic Signal,Clear,"Dark, artificial",Wet,Non-Fatal Injury,Cyclist Collisions,Cyclist,35 to 39,Major,0,South,Bicycle,Turning Left, , , , , ,Cyclist turned left across motorists path.,Improper Turn,Had Been Drinking, ,Yes, , , ,Yes, , , , , , , ,78,Kensington-Chinatown (78),1258
-79.398639,43.654383,80559730,5000051256,2015,2015-01-09T05:00:00.000Z,2148,21,SPADINA AVE,ST ANDREW ST,6 m North of,Major Arterial,Toronto and East York,11,0,0,"14,52",52,14,43.654383,-79.398639,Intersection,Intersection Related,Traffic Signal,Clear,"Dark, artificial",Wet,Non-Fatal Injury,Cyclist Collisions,Driver,35 to 39,None,0,South,Street Car,Going Ahead,Driving Properly,Normal, , , , , , , ,Yes, , , ,Yes, , , , , , , ,78,Kensington-Chinatown (78),1259
-79.391185,43.711058,80777025,7000925099,2017,2017-05-25T04:00:00.000Z,2150,21,MOUNT PLEASANT RD,BROADWAY AVE, ,Major Arterial,Toronto and East York,1215,15,12,53,0,0,43.711058,-79.391185,Intersection,At Intersection,Traffic Signal,Rain,"Dark, artificial",Wet,Non-Fatal Injury,Cyclist Collisions,Driver,15 to 19,None,0,South,"Automobile, Station Wagon",Turning Left,Failed to Yield Right of Way,Inattentive, , , , , , , ,Yes,Yes, , , , ,Yes, ,Yes, , , ,99,Mount Pleasant East (99),1260
-79.391185,43.711058,80777026,7000925099,2017,2017-05-25T04:00:00.000Z,2150,21,MOUNT PLEASANT RD,BROADWAY AVE, ,Major Arterial,Toronto and East York,1215,15,12,53,0,0,43.711058,-79.391185,Intersection,At Intersection,Traffic Signal,Rain,"Dark, artificial",Wet,Non-Fatal Injury,Cyclist Collisions,Cyclist,65 to 69,Major,0,North,Bicycle,Going Ahead, , , , , ,Motorist turned left across cyclists path.,Driving Properly,Normal, ,Yes,Yes, , , , ,Yes, ,Yes, , , ,99,Mount Pleasant East (99),1261
-79.391185,43.711058,80777027,7000925099,2017,2017-05-25T04:00:00.000Z,2150,21,MOUNT PLEASANT RD,BROADWAY AVE, ,Major Arterial,Toronto and East York,1215,15,12,53,0,0,43.711058,-79.391185,Intersection,At Intersection,Traffic Signal,Rain,"Dark, artificial",Wet,Non-Fatal Injury,Cyclist Collisions,Passenger,15 to 19,None,0, , , , , , , , , , , , ,Yes,Yes, , , , ,Yes, ,Yes, , , ,99,Mount Pleasant East (99),1262
-79.56599,43.642237,7858531,1373362,2013,2013-09-02T04:00:00.000Z,2152,21,THE WEST MALL,CIVIC CENTRE CRT, ,Minor Arterial,Etobicoke York,2,0,0,22,0,0,43.642237,-79.56599,Intersection, ,Traffic Signal,Clear,Dark,Dry,Non-Fatal Injury,Cyclist Collisions,Driver,unknown,None,0,West,"Automobile, Station Wagon",Turning Right,Failed to Yield Right of Way,Normal, , , , , , , ,Yes,Yes, , , , , , ,Yes, , , ,13,Etobicoke West Mall (13),1263
-79.56599,43.642237,7858532,1373362,2013,2013-09-02T04:00:00.000Z,2152,21,THE WEST MALL,CIVIC CENTRE CRT, ,Minor Arterial,Etobicoke York,2,0,0,22,0,0,43.642237,-79.56599,Intersection, ,Traffic Signal,Clear,Dark,Dry,Non-Fatal Injury,Cyclist Collisions,Cyclist,25 to 29,Major,0,North,Bicycle,Going Ahead, , , , , ,Motorist turning right on red at signalized intersection strikes cyclist.,Driving Properly,Normal, ,Yes,Yes, , , , , , ,Yes, , , ,13,Etobicoke West Mall (13),1264
-79.29889,43.704745,6254436,1194386,2010,2010-09-09T04:00:00.000Z,2158,21,SQUIRES Aven,FERRIS Road, ,Collector,Toronto and East York,19,0,0,54,0,0,43.704745,-79.29889,Intersection,At Intersection,Stop Sign,Clear,Dark,Dry,Non-Fatal Injury,Cyclist Collisions,Vehicle Owner,unknown, ,0, ,Other, , , , , , , , , , ,Yes, , , ,Yes, , , , , , , ,54,O'Connor-Parkview (54),1265
-79.29889,43.704745,6254437,1194386,2010,2010-09-09T04:00:00.000Z,2158,21,SQUIRES Aven,FERRIS Road, ,Collector,Toronto and East York,19,0,0,54,0,0,43.704745,-79.29889,Intersection,At Intersection,Stop Sign,Clear,Dark,Dry,Non-Fatal Injury,Cyclist Collisions,Driver,50 to 54,None,0,West,Municipal Transit Bus (TTC),Going Ahead,Driving Properly,Normal, , , , , , , ,Yes, , , ,Yes, , , , , , , ,54,O'Connor-Parkview (54),1266
-79.29889,43.704745,6254438,1194386,2010,2010-09-09T04:00:00.000Z,2158,21,SQUIRES Aven,FERRIS Road, ,Collector,Toronto and East York,19,0,0,54,0,0,43.704745,-79.29889,Intersection,At Intersection,Stop Sign,Clear,Dark,Dry,Non-Fatal Injury,Cyclist Collisions,Cyclist,20 to 24,Major,0,South,Bicycle,Turning Left, , , , , ,Cyclist turned left across motorists path.,Failed to Yield Right of Way,Inattentive, ,Yes, , , ,Yes, , , , , , , ,54,O'Connor-Parkview (54),1267
-79.289912,43.680213,80631963,4000009508,2014,2014-08-17T04:00:00.000Z,2159,21,KINGSTON RD,PICKERING ST,10 m East of,Major Arterial,Toronto and East York,19,0,0,55,0,0,43.680213,-79.289912,Intersection,At Intersection,No Control,Clear,"Dark, artificial",Dry,Non-Fatal Injury,Cyclist Collisions,Cyclist,15 to 19,Major,0,West,Bicycle,Changing Lanes, , , , , ,Cyclist and Driver travelling in same direction. One vehicle sideswipes the other.,Improper Lane Change,Inattentive, ,Yes,Yes, , , , , , , , , , ,63,The Beaches (63),1268
-79.289912,43.680213,80631964,4000009508,2014,2014-08-17T04:00:00.000Z,2159,21,KINGSTON RD,PICKERING ST,10 m East of,Major Arterial,Toronto and East York,19,0,0,55,0,0,43.680213,-79.289912,Intersection,At Intersection,No Control,Clear,"Dark, artificial",Dry,Non-Fatal Injury,Cyclist Collisions,Driver,50 to 54,None,0,West,"Automobile, Station Wagon",Going Ahead,Driving Properly,Normal, , , , , , , ,Yes,Yes, , , , , , , , , , ,63,The Beaches (63),1269
-79.289921,43.680282,80932999,4002723007,2014,2014-08-17T04:00:00.000Z,2159,21,KINGSTON RD,PICKERING ST, ,Major Arterial,Toronto and East York,19,0,0,55,0,0,43.680282,-79.289921,Mid-Block,Non Intersection,No Control,Clear,"Dark, artificial",Dry,Non-Fatal Injury,Cyclist Collisions,Driver,50 to 54,None,0,West,"Automobile, Station Wagon",Going Ahead,Driving Properly,Normal, , , , , , , ,Yes,Yes, , , , , , , , , , ,63,The Beaches (63),1270
-79.289921,43.680282,80933000,4002723007,2014,2014-08-17T04:00:00.000Z,2159,21,KINGSTON RD,PICKERING ST, ,Major Arterial,Toronto and East York,19,0,0,55,0,0,43.680282,-79.289921,Mid-Block,Non Intersection,No Control,Clear,"Dark, artificial",Dry,Non-Fatal Injury,Cyclist Collisions,Cyclist,15 to 19,Major,0,West,Bicycle,Changing Lanes, , , , , , ,Improper Lane Change,Inattentive, ,Yes,Yes, , , , , , , , , , ,63,The Beaches (63),1271
-79.516086,43.601107,80250667,5001604572,2015,2015-09-16T04:00:00.000Z,2200,22,BIRMINGHAM ST,SIXTEENTH ST,1 m East of,Collector,Etobicoke York,3,0,0,22,0,0,43.601107,-79.516086,Intersection,Non Intersection,No Control,Clear,"Dark, artificial",Dry,Non-Fatal Injury,Cyclist Collisions,Cyclist,50 to 54,Major,0,West,Bicycle,Changing Lanes, , , , , ,Cyclist and Driver travelling in same direction. One vehicle sideswipes the other.,Improper Lane Change,Inattentive, ,Yes,Yes, , , , , , , , , , ,18,New Toronto (18),1272
-79.516086,43.601107,80250668,5001604572,2015,2015-09-16T04:00:00.000Z,2200,22,BIRMINGHAM ST,SIXTEENTH ST,1 m East of,Collector,Etobicoke York,3,0,0,22,0,0,43.601107,-79.516086,Intersection,Non Intersection,No Control,Clear,"Dark, artificial",Dry,Non-Fatal Injury,Cyclist Collisions,Driver,50 to 54,None,0,West,"Automobile, Station Wagon",Going Ahead,Driving Properly,Normal, , , , , , , ,Yes,Yes, , , , , , , , , , ,18,New Toronto (18),1273
-79.415561,43.787329,80911902,7001903339,2017,2017-10-21T04:00:00.000Z,2200,22,45 CUMMER  AVE, , ,Minor Arterial,North York,18,0,0,32,0,0,43.787329,-79.415561,Mid-Block,Non Intersection,No Control,Clear,"Dark, artificial",Dry,Non-Fatal Injury,Cyclist Collisions,Cyclist,30 to 34,Major,0,East,Bicycle,Going Ahead, , , , , ,Cyclist and Driver travelling in same direction. One vehicle rear-ended the other.,Driving Properly,Unknown, ,Yes,Yes, , , , , , , , , , ,50,Newtonbrook East (50),1274
-79.415561,43.787329,80911903,7001903339,2017,2017-10-21T04:00:00.000Z,2200,22,45 CUMMER  AVE, , ,Minor Arterial,North York,18,0,0,32,0,0,43.787329,-79.415561,Mid-Block,Non Intersection,No Control,Clear,"Dark, artificial",Dry,Non-Fatal Injury,Cyclist Collisions,Driver,unknown,None,0,East,"Automobile, Station Wagon",Going Ahead,Lost control,Unknown, , , , , , , ,Yes,Yes, , , , , , , , , , ,50,Newtonbrook East (50),1275
-79.43879,43.774545,5394362,1053740,2008,2008-08-06T04:00:00.000Z,2210,22,ANCONA ST,FINCH AVE W, ,Major Arterial,North York,18,0,0,32,0,0,43.774545,-79.43879,Intersection,At Intersection,Stop Sign,Clear,Dark,Dry,Non-Fatal Injury,Cyclist Collisions,Driver,unknown,None,0,North,"Automobile, Station Wagon",Turning Left,Improper Turn,Inattentive, , , , , , , ,Yes,Yes, , , , , , , , , , ,37,Willowdale West (37),1276
-79.43879,43.774545,5394363,1053740,2008,2008-08-06T04:00:00.000Z,2210,22,ANCONA ST,FINCH AVE W, ,Major Arterial,North York,18,0,0,32,0,0,43.774545,-79.43879,Intersection,At Intersection,Stop Sign,Clear,Dark,Dry,Non-Fatal Injury,Cyclist Collisions,Cyclist,40 to 44,Major,0,West,Bicycle,Going Ahead, , , , , ,Motorist turned left across cyclists path.,Driving Properly,Normal, ,Yes,Yes, , , , , , , , , , ,37,Willowdale West (37),1277
-79.412273,43.780406,80775260,7000525658,2017,2017-03-24T04:00:00.000Z,2213,22,FINCH AVE E,DORIS AVE, ,Major Arterial,North York,18,0,0,32,0,0,43.780406,-79.412273,Intersection,At Intersection,Traffic Signal,Rain,"Dark, artificial",Wet,Non-Fatal Injury,Cyclist Collisions,Driver,50 to 54,None,0,North,"Automobile, Station Wagon",Turning Left,Improper Turn,Inattentive, , , , , , , ,Yes,Yes, , , , , , , , , , ,51,Willowdale East (51),1278
-79.412273,43.780406,80775261,7000525658,2017,2017-03-24T04:00:00.000Z,2213,22,FINCH AVE E,DORIS AVE, ,Major Arterial,North York,18,0,0,32,0,0,43.780406,-79.412273,Intersection,At Intersection,Traffic Signal,Rain,"Dark, artificial",Wet,Non-Fatal Injury,Cyclist Collisions,Cyclist,20 to 24,Major,0,South,Bicycle,Going Ahead, , , , , ,Motorist turned left across cyclists path.,Disobeyed Traffic Control,Inattentive, ,Yes,Yes, , , , , , , , , , ,51,Willowdale East (51),1279
-79.367328,43.674296,80632253,6001779522,2016,2016-10-05T04:00:00.000Z,2215,22,BLOOR ST E,DRUMSNAB RD, ,Major Arterial,Toronto and East York,11,0,0,"51,53",53,51,43.674296,-79.367328,Intersection,Intersection Related,No Control,Clear,"Dark, artificial",Dry,Non-Fatal Injury,Cyclist Collisions,Driver,unknown,None,0,East,"Automobile, Station Wagon",Turning Left,Improper Turn,Unknown, , , , , , , ,Yes,Yes, , , , , , , , , , ,71,Cabbagetown-South St.James Town (71),1280
-79.367328,43.674296,80632254,6001779522,2016,2016-10-05T04:00:00.000Z,2215,22,BLOOR ST E,DRUMSNAB RD, ,Major Arterial,Toronto and East York,11,0,0,"51,53",53,51,43.674296,-79.367328,Intersection,Intersection Related,No Control,Clear,"Dark, artificial",Dry,Non-Fatal Injury,Cyclist Collisions,Cyclist,35 to 39,Major,0,West,Bicycle,Going Ahead, , , , , ,Motorist turned left across cyclists path.,Driving Properly,Normal, ,Yes,Yes, , , , , , , , , , ,71,Cabbagetown-South St.James Town (71),1281
-79.598361,43.65576,80972403,8001765943,2018,2018-09-23T04:00:00.000Z,2228,22,CENTENNIAL PARK BLVD,EGLINTON  AVE W, ,Major Arterial,Etobicoke York,2,0,0,22,0,0,43.65576,-79.598361,Intersection,At Intersection,Traffic Signal,Clear,"Dark, artificial",Dry,Non-Fatal Injury,Cyclist Collisions,Driver,55 to 59,None,0,North,"Automobile, Station Wagon",Turning Right,Failed to Yield Right of Way,Normal, , , , , , , ,Yes,Yes, , , , , , ,Yes, , , ,11,Eringate-Centennial-West Deane (11),1282
-79.598361,43.65576,80972404,8001765943,2018,2018-09-23T04:00:00.000Z,2228,22,CENTENNIAL PARK BLVD,EGLINTON  AVE W, ,Major Arterial,Etobicoke York,2,0,0,22,0,0,43.65576,-79.598361,Intersection,At Intersection,Traffic Signal,Clear,"Dark, artificial",Dry,Non-Fatal Injury,Cyclist Collisions,Cyclist,35 to 39,Major,0,East,Bicycle,Going Ahead, , , , , ,Motorist turning right on red at signalized intersection strikes cyclist.,Driving Properly,Normal, ,Yes,Yes, , , , , , ,Yes, , , ,11,Eringate-Centennial-West Deane (11),1283
-79.43149,43.649645,6704036,1266347,2011,2011-09-21T04:00:00.000Z,2233,22,DUFFERIN Stre,DUNDAS Stre W, ,Minor Arterial,Toronto and East York,9,0,0,"11,14",14,11,43.649645,-79.43149,Intersection,At Intersection,Traffic Signal,Clear,"Dark, artificial",Wet,Non-Fatal Injury,Cyclist Collisions,Driver,25 to 29,None,0,North,"Automobile, Station Wagon",Going Ahead,Driving Properly,Unknown, , , , , , , ,Yes,Yes, , , , , , , , , , ,84,Little Portugal (84),1284
-79.43149,43.649645,6704037,1266347,2011,2011-09-21T04:00:00.000Z,2233,22,DUFFERIN Stre,DUNDAS Stre W, ,Minor Arterial,Toronto and East York,9,0,0,"11,14",14,11,43.649645,-79.43149,Intersection,At Intersection,Traffic Signal,Clear,"Dark, artificial",Wet,Non-Fatal Injury,Cyclist Collisions,Cyclist,20 to 24,Major,0,South,Bicycle,Turning Left, , , , , ,Cyclist turned left across motorists path.,Improper Turn,Unknown, ,Yes,Yes, , , , , , , , , , ,84,Little Portugal (84),1285
-79.321101,43.771048,80946403,8001178927,2018,2018-06-28T04:00:00.000Z,2234,22,VICTORIA PARK AVE,FARMCREST  DR,1 m North of,Expressway,Scarborough,1722,22,17,"33,42",42,33,43.771048,-79.321101,Intersection,Intersection Related,No Control,Clear,"Dark, artificial",Dry,Non-Fatal Injury,Cyclist Collisions,Cyclist,55 to 59,Major,0,North,Bicycle,Going Ahead, , , , , ,"Cyclist loses control and strikes object (pole, ttc track)",Lost control,Had Been Drinking, ,Yes, , , , , , , , , , , ,118,Tam O'Shanter-Sullivan (118),1286
-79.23849,43.709545,5274085,1119932,2009,2009-07-06T04:00:00.000Z,2235,22,BRIMLEY RD S,BLUFFERS PARK RD, ,Collector,Scarborough,20,0,0,"41,43",43,41,43.709545,-79.23849,Mid-Block, ,No Control,Clear,Dark,Dry,Non-Fatal Injury,Cyclist Collisions,Driver,20 to 24,None,0,North,"Automobile, Station Wagon",Going Ahead,Driving Properly,Normal, , , , , , , ,Yes,Yes, , , , , , , , , , ,123,Cliffcrest (123),1287
-79.23849,43.709545,5274086,1119932,2009,2009-07-06T04:00:00.000Z,2235,22,BRIMLEY RD S,BLUFFERS PARK RD, ,Collector,Scarborough,20,0,0,"41,43",43,41,43.709545,-79.23849,Mid-Block, ,No Control,Clear,Dark,Dry,Non-Fatal Injury,Cyclist Collisions,Cyclist,15 to 19,Major,0,South,Bicycle,Going Ahead, , , , , ,Cyclist falls off bike - no contact with motorist.,Lost control,Inattentive, ,Yes,Yes, , , , , , , , , , ,123,Cliffcrest (123),1288
-79.44736,43.688601,7867481,1377196,2013,2013-07-12T04:00:00.000Z,2240,22,DUFFERIN St,HOLMESDALE Rd, ,Major Arterial,Toronto and East York,912,12,9,13,0,0,43.688601,-79.44736,Intersection,At Intersection,Traffic Signal,Clear,"Dark, artificial",Dry,Non-Fatal Injury,Cyclist Collisions,Driver,55 to 59,Minimal,0,North,"Automobile, Station Wagon",Turning Left,Improper Turn,Normal, , , , , , , ,Yes,Yes, , , , , , , , , , ,107,Oakwood Village (107),1289