X,Y,Index_,ACCNUM,YEAR,DATE,TIME,Hour,STREET1,STREET2,OFFSET,ROAD_CLASS,District,WardNum,WardNum_X,WardNum_Y,Division,Division_X,Division_Y,LATITUDE,LONGITUDE,LOCCOORD,ACCLOC,TRAFFCTL,VISIBILITY,LIGHT,RDSFCOND,ACCLASS,IMPACTYPE,INVTYPE,INVAGE,INJURY,FATAL_NO,INITDIR,VEHTYPE,MANOEUVER,DRIVACT,DRIVCOND,PEDTYPE,PEDACT,PEDCOND,CYCLISTYPE,CYCACT,CYCCOND,PEDESTRIAN,CYCLIST,AUTOMOBILE,MOTORCYCLE,TRUCK,TRSN_CITY_,EMERG_VEH,PASSENGER,SPEEDING,AG_DRIV,REDLIGHT,ALCOHOL,DISABILITY,Hood_ID,Neighbourh,ObjectId
-79.44736,43.688601,7867482,1377196,2013,2013-07-12T04:00:00.000Z,2240,22,DUFFERIN St,HOLMESDALE Rd, ,Major Arterial,Toronto and East York,912,12,9,13,0,0,43.688601,-79.44736,Intersection,At Intersection,Traffic Signal,Clear,"Dark, artificial",Dry,Non-Fatal Injury,Cyclist Collisions,Cyclist,15 to 19,Major,0,South,Bicycle,Going Ahead, , , , , ,Motorist turned left across cyclists path.,Driving Properly,Normal, ,Yes,Yes, , , , , , , , , , ,107,Oakwood Village (107),1290
-79.373523,43.660868,80631117,4002525835,2014,2014-07-18T04:00:00.000Z,2240,22,GERRARD ST E,PEMBROKE ST, ,Minor Arterial,Toronto and East York,13,0,0,51,0,0,43.660868,-79.373523,Intersection,At Intersection,No Control,Clear,Dark,Dry,Non-Fatal Injury,Cyclist Collisions,Cyclist,25 to 29,Major,0,South,Bicycle,Going Ahead, , , , , ,"Cyclist without ROW rides into path of motorist at inter, lnwy, dwy-Cyclist not turn.",Failed to Yield Right of Way,Had Been Drinking, ,Yes,Yes, , , , ,Yes, ,Yes, , , ,73,Moss Park (73),1291
-79.373523,43.660868,80631118,4002525835,2014,2014-07-18T04:00:00.000Z,2240,22,GERRARD ST E,PEMBROKE ST, ,Minor Arterial,Toronto and East York,13,0,0,51,0,0,43.660868,-79.373523,Intersection,At Intersection,No Control,Clear,Dark,Dry,Non-Fatal Injury,Cyclist Collisions,Driver,25 to 29,None,0,West,"Automobile, Station Wagon",Going Ahead,Driving Properly,Normal, , , , , , , ,Yes,Yes, , , , ,Yes, ,Yes, , , ,73,Moss Park (73),1292
-79.373523,43.660868,80631119,4002525835,2014,2014-07-18T04:00:00.000Z,2240,22,GERRARD ST E,PEMBROKE ST, ,Minor Arterial,Toronto and East York,13,0,0,51,0,0,43.660868,-79.373523,Intersection,At Intersection,No Control,Clear,Dark,Dry,Non-Fatal Injury,Cyclist Collisions,Passenger,25 to 29,None,0, , , , , , , , , , , , ,Yes,Yes, , , , ,Yes, ,Yes, , , ,73,Moss Park (73),1293
-79.37089,43.648245,5388635,1051130,2008,2008-07-31T04:00:00.000Z,2245,22,LOWER JARVIS ST,THE ESPLANADE, ,Major Arterial,Toronto and East York,1013,13,10,51,0,0,43.648245,-79.37089,Intersection,At Intersection,Traffic Signal,Clear,Dark,Dry,Non-Fatal Injury,Cyclist Collisions,Vehicle Owner,unknown, ,0, ,Other, , , , , , , , , , ,Yes,Yes, , , , , , ,Yes,Yes,Yes, ,77,Waterfront Communities-The Island (77),1294
-79.37089,43.648245,5388636,1051130,2008,2008-07-31T04:00:00.000Z,2245,22,LOWER JARVIS ST,THE ESPLANADE, ,Major Arterial,Toronto and East York,1013,13,10,51,0,0,43.648245,-79.37089,Intersection,At Intersection,Traffic Signal,Clear,Dark,Dry,Non-Fatal Injury,Cyclist Collisions,Driver,55 to 59,None,0,South,"Automobile, Station Wagon",Going Ahead,Disobeyed Traffic Control,"Ability Impaired, Alcohol Over .08", , , , , , , ,Yes,Yes, , , , , , ,Yes,Yes,Yes, ,77,Waterfront Communities-The Island (77),1295
-79.37089,43.648245,5388637,1051130,2008,2008-07-31T04:00:00.000Z,2245,22,LOWER JARVIS ST,THE ESPLANADE, ,Major Arterial,Toronto and East York,1013,13,10,51,0,0,43.648245,-79.37089,Intersection,At Intersection,Traffic Signal,Clear,Dark,Dry,Non-Fatal Injury,Cyclist Collisions,Cyclist,50 to 54,Major,0,North,Bicycle,Turning Left, , , , , ,Cyclist turned left across motorists path.,Driving Properly,Normal, ,Yes,Yes, , , , , , ,Yes,Yes,Yes, ,77,Waterfront Communities-The Island (77),1296
-79.279674,43.68035,6214096,1199237,2010,2010-10-02T04:00:00.000Z,2245,22,145 COURCELETTE RD, , ,Local,Scarborough,20,0,0,41,0,0,43.68035,-79.279674,Mid-Block,Non Intersection,No Control,Clear,Dark,Dry,Non-Fatal Injury,Cyclist Collisions,Driver,60 to 64,None,0,North,"Automobile, Station Wagon",Turning Left,Improper Turn,Unknown, , , , , , , ,Yes,Yes, , , , , , , , , , ,122,Birchcliffe-Cliffside (122),1297
-79.279674,43.68035,6214097,1199237,2010,2010-10-02T04:00:00.000Z,2245,22,145 COURCELETTE RD, , ,Local,Scarborough,20,0,0,41,0,0,43.68035,-79.279674,Mid-Block,Non Intersection,No Control,Clear,Dark,Dry,Non-Fatal Injury,Cyclist Collisions,Cyclist,55 to 59,Major,0,South,Bicycle,Going Ahead, , , , , ,Cyclist falls off bike - no contact with motorist.,Lost control,Normal, ,Yes,Yes, , , , , , , , , , ,122,Birchcliffe-Cliffside (122),1298
-79.376933,43.646811,80632014,5000859369,2015,2015-05-21T04:00:00.000Z,2255,22,YONGE ST,FRONT ST E,10 m North of,Major Arterial,Toronto and East York,1013,13,10,"51,52",52,51,43.646811,-79.376933,Intersection,At Intersection,Traffic Signal,Clear,"Dark, artificial",Dry,Non-Fatal Injury,Cyclist Collisions,Cyclist,35 to 39,Major,0,South,Bicycle,Overtaking, , , , , ,Cyclist and Driver travelling in same direction. One vehicle sideswipes the other.,Improper Passing,Normal, ,Yes,Yes, , , , ,Yes, , , , , ,77,Waterfront Communities-The Island (77),1299
-79.376933,43.646811,80632015,5000859369,2015,2015-05-21T04:00:00.000Z,2255,22,YONGE ST,FRONT ST E,10 m North of,Major Arterial,Toronto and East York,1013,13,10,"51,52",52,51,43.646811,-79.376933,Intersection,At Intersection,Traffic Signal,Clear,"Dark, artificial",Dry,Non-Fatal Injury,Cyclist Collisions,Driver,60 to 64,None,0,South,Pick Up Truck,Going Ahead,Driving Properly,Normal, , , , , , , ,Yes,Yes, , , , ,Yes, , , , , ,77,Waterfront Communities-The Island (77),1300
-79.376933,43.646811,80632016,5000859369,2015,2015-05-21T04:00:00.000Z,2255,22,YONGE ST,FRONT ST E,10 m North of,Major Arterial,Toronto and East York,1013,13,10,"51,52",52,51,43.646811,-79.376933,Intersection,At Intersection,Traffic Signal,Clear,"Dark, artificial",Dry,Non-Fatal Injury,Cyclist Collisions,Passenger,20 to 24,None,0, , , , , , , , , , , , ,Yes,Yes, , , , ,Yes, , , , , ,77,Waterfront Communities-The Island (77),1301
-79.439693,43.658946,7814391,1354394,2013,2013-04-05T04:00:00.000Z,2259,22,BLOOR ST W,MARGUERETTA ST, ,Major Arterial,Toronto and East York,9,0,0,11,0,0,43.658946,-79.439693,Intersection,At Intersection,No Control,Clear,Dark,Dry,Non-Fatal Injury,Cyclist Collisions,Driver,unknown,None,0,West,"Automobile, Station Wagon",Going Ahead,Improper Passing,Unknown, , , , , , , ,Yes,Yes, , , , , , ,Yes, , , ,83,Dufferin Grove (83),1302
-79.439693,43.658946,7814392,1354394,2013,2013-04-05T04:00:00.000Z,2259,22,BLOOR ST W,MARGUERETTA ST, ,Major Arterial,Toronto and East York,9,0,0,11,0,0,43.658946,-79.439693,Intersection,At Intersection,No Control,Clear,Dark,Dry,Non-Fatal Injury,Cyclist Collisions,Cyclist,35 to 39,Major,0,West,Bicycle,Going Ahead, , , , , ,Cyclist and Driver travelling in same direction. One vehicle rear-ended the other., , , ,Yes,Yes, , , , , , ,Yes, , , ,83,Dufferin Grove (83),1303
-79.523952,43.703757,80951002,8001574808,2018,2018-08-25T04:00:00.000Z,2300,23,CHURCH ST,CROSS ST, ,Collector,Etobicoke York,5,0,0,12,0,0,43.703757,-79.523952,Intersection,At Intersection,No Control,Clear,"Dark, artificial",Dry,Non-Fatal Injury,Cyclist Collisions,Driver,45 to 49,None,0,East,Passenger Van,Turning Left,Improper Turn,Inattentive, , , , , , , ,Yes,Yes, , , , , , , , , , ,113,Weston (113),1304
-79.523952,43.703757,80951003,8001574808,2018,2018-08-25T04:00:00.000Z,2300,23,CHURCH ST,CROSS ST, ,Collector,Etobicoke York,5,0,0,12,0,0,43.703757,-79.523952,Intersection,At Intersection,No Control,Clear,"Dark, artificial",Dry,Non-Fatal Injury,Cyclist Collisions,Cyclist,40 to 44,Major,0,West,Bicycle,Going Ahead, , , , , ,Motorist turned left across cyclists path.,Driving Properly,Normal, ,Yes,Yes, , , , , , , , , , ,113,Weston (113),1305
-79.334056,43.758891,6661545,1247894,2011,2011-08-04T04:00:00.000Z,2301,23,YORK MILLS RD,DVP N YORK MILLS W RAMP, ,Expressway,North York,16,0,0,33,0,0,43.758891,-79.334056,Intersection, ,Traffic Signal,Clear,Dark,Dry,Non-Fatal Injury,Cyclist Collisions,Driver,40 to 44,None,0,North,"Automobile, Station Wagon",Stopped,Driving Properly,Normal, , , , , , , ,Yes,Yes, , , , , , , , , , ,45,Parkwoods-Donalda (45),1306
-79.334056,43.758891,6661546,1247894,2011,2011-08-04T04:00:00.000Z,2301,23,YORK MILLS RD,DVP N YORK MILLS W RAMP, ,Expressway,North York,16,0,0,33,0,0,43.758891,-79.334056,Intersection, ,Traffic Signal,Clear,Dark,Dry,Non-Fatal Injury,Cyclist Collisions,Cyclist,20 to 24,Major,0,West,Bicycle,Going Ahead, , , , , ,"Cyclist without ROW rides into path of motorist at inter, lnwy, dwy-Cyclist not turn.",Disobeyed Traffic Control,Unknown, ,Yes,Yes, , , , , , , , , , ,45,Parkwoods-Donalda (45),1307
-79.44159,43.650345,6139785,1167297,2010,2010-04-24T04:00:00.000Z,2302,23,DUNDAS Stre W,COLLEGE Stre, ,Minor Arterial,Toronto and East York,9,0,0,11,0,0,43.650345,-79.44159,Mid-Block, ,No Control,Clear,Dark,Dry,Non-Fatal Injury,Cyclist Collisions,Driver,80 to 84,None,0,East,"Automobile, Station Wagon",Going Ahead,Exceeding Speed Limit,Inattentive, , , , , , , ,Yes,Yes, , , , , ,Yes,Yes, , , ,84,Little Portugal (84),1308
-79.44159,43.650345,6139786,1167297,2010,2010-04-24T04:00:00.000Z,2302,23,DUNDAS Stre W,COLLEGE Stre, ,Minor Arterial,Toronto and East York,9,0,0,11,0,0,43.650345,-79.44159,Mid-Block, ,No Control,Clear,Dark,Dry,Non-Fatal Injury,Cyclist Collisions,Cyclist,25 to 29,Major,0,East,Bicycle,Stopped, , , , , ,Cyclist and Driver travelling in same direction. One vehicle rear-ended the other.,Driving Properly,Normal, ,Yes,Yes, , , , , ,Yes,Yes, , , ,84,Little Portugal (84),1309
-79.320789,43.676543,5792382,1103248,2009,2009-05-07T04:00:00.000Z,2307,23,COXWELL AVE,CASCI AVE, ,Minor Arterial,Toronto and East York,1419,19,14,55,0,0,43.676543,-79.320789,Intersection, ,No Control,Clear,Dark,Dry,Non-Fatal Injury,Cyclist Collisions,Driver,15 to 19,None,0,North,Passenger Van,Going Ahead,Driving Properly,Normal, , , , , , , ,Yes,Yes, , , , , , , , , , ,64,Woodbine Corridor (64),1310
-79.320789,43.676543,5792383,1103248,2009,2009-05-07T04:00:00.000Z,2307,23,COXWELL AVE,CASCI AVE, ,Minor Arterial,Toronto and East York,1419,19,14,55,0,0,43.676543,-79.320789,Intersection, ,No Control,Clear,Dark,Dry,Non-Fatal Injury,Cyclist Collisions,Cyclist,15 to 19,Major,0,North,Bicycle,Changing Lanes, , , , , ,Cyclist and Driver travelling in same direction. One vehicle sideswipes the other.,Improper Lane Change, , ,Yes,Yes, , , , , , , , , , ,64,Woodbine Corridor (64),1311
-79.45899,43.637945,6279953,1191582,2010,2010-09-26T04:00:00.000Z,2309,23,LAKE SHORE BLVD W,COLBORNE LODGE DR, ,Major Arterial,Toronto and East York,4,0,0,11,0,0,43.637945,-79.45899,Intersection,At Intersection,Traffic Signal,Clear,Dark,Dry,Fatal,Cyclist Collisions,Driver,30 to 34,None,0,East,"Automobile, Station Wagon",Going Ahead,Driving Properly,Normal, , , , , , , ,Yes,Yes, , , , , , , , , , ,85,South Parkdale (85),1312
-79.45899,43.637945,6279954,1191582,2010,2010-09-26T04:00:00.000Z,2309,23,LAKE SHORE BLVD W,COLBORNE LODGE DR, ,Major Arterial,Toronto and East York,4,0,0,11,0,0,43.637945,-79.45899,Intersection,At Intersection,Traffic Signal,Clear,Dark,Dry,Fatal,Cyclist Collisions,Driver,60 to 64,None,0,East,"Automobile, Station Wagon",Going Ahead,Driving Properly,Normal, , , , , , , ,Yes,Yes, , , , , , , , , , ,85,South Parkdale (85),1313
-79.45899,43.637945,6279955,1191582,2010,2010-09-26T04:00:00.000Z,2309,23,LAKE SHORE BLVD W,COLBORNE LODGE DR, ,Major Arterial,Toronto and East York,4,0,0,11,0,0,43.637945,-79.45899,Intersection,At Intersection,Traffic Signal,Clear,Dark,Dry,Fatal,Cyclist Collisions,Cyclist,25 to 29,Fatal,33,South,Bicycle,Going Ahead, , , , , ,"Cyclist without ROW rides into path of motorist at inter, lnwy, dwy-Cyclist not turn.",Disobeyed Traffic Control,Had Been Drinking, ,Yes,Yes, , , , , , , , , , ,85,South Parkdale (85),1314
-79.398532,43.659106,80772592,7000366630,2017,2017-02-26T05:00:00.000Z,2311,23,215 HURON ST, ,20 m South of,Local,Toronto and East York,11,0,0,52,0,0,43.659106,-79.398532,Mid-Block,Non Intersection,No Control,Clear,"Dark, artificial",Dry,Non-Fatal Injury,Cyclist Collisions,Driver,45 to 49,None,0,North,"Automobile, Station Wagon",Going Ahead,Other,Inattentive, , , , , , , ,Yes,Yes, , , , ,Yes, , , , , ,79,University (79),1315
-79.398532,43.659106,80772593,7000366630,2017,2017-02-26T05:00:00.000Z,2311,23,215 HURON ST, ,20 m South of,Local,Toronto and East York,11,0,0,52,0,0,43.659106,-79.398532,Mid-Block,Non Intersection,No Control,Clear,"Dark, artificial",Dry,Non-Fatal Injury,Cyclist Collisions,Cyclist,25 to 29,Major,0,South,Bicycle,Going Ahead, , , , , ,Insufficient information (to determine cyclist crash type).,Other,Inattentive, ,Yes,Yes, , , , ,Yes, , , , , ,79,University (79),1316
-79.398532,43.659106,80772594,7000366630,2017,2017-02-26T05:00:00.000Z,2311,23,215 HURON ST, ,20 m South of,Local,Toronto and East York,11,0,0,52,0,0,43.659106,-79.398532,Mid-Block,Non Intersection,No Control,Clear,"Dark, artificial",Dry,Non-Fatal Injury,Cyclist Collisions,Passenger,20 to 24,None,0, , , , , , , , , , , , ,Yes,Yes, , , , ,Yes, , , , , ,79,University (79),1317
-79.382236,43.710009,80169237,4002604819,2014,2014-07-30T04:00:00.000Z,2312,23,EGLINTON AVE E,BANFF RD, ,Major Arterial,North York,15,0,0,53,0,0,43.710009,-79.382236,Intersection,Intersection Related,Traffic Signal,Clear,"Dark, artificial",Dry,Non-Fatal Injury,Cyclist Collisions,Driver,25 to 29,None,0,East,"Automobile, Station Wagon",Going Ahead,Driving Properly,Normal, , , , , , , ,Yes,Yes, , , , , , , , , , ,99,Mount Pleasant East (99),1318
-79.382236,43.710009,80169238,4002604819,2014,2014-07-30T04:00:00.000Z,2312,23,EGLINTON AVE E,BANFF RD, ,Major Arterial,North York,15,0,0,53,0,0,43.710009,-79.382236,Intersection,Intersection Related,Traffic Signal,Clear,"Dark, artificial",Dry,Non-Fatal Injury,Cyclist Collisions,Cyclist,55 to 59,Major,0,South,Bicycle,Going Ahead, , , , , ,"Cyclist without ROW rides into path of motorist at inter, lnwy, dwy-Cyclist not turn.",Disobeyed Traffic Control,Normal, ,Yes,Yes, , , , , , , , , , ,99,Mount Pleasant East (99),1319
-79.481014,43.784629,80976594,8002051381,2018,2018-11-06T05:00:00.000Z,2315,23,STEELES AVE W,ALNESS ST, ,Major Arterial,North York,6,0,0,32,0,0,43.784629,-79.481014,Intersection,At Intersection,Traffic Signal,Rain,"Dark, artificial",Wet,Non-Fatal Injury,Cyclist Collisions,Driver,20 to 24,None,0,East,"Automobile, Station Wagon",Turning Left,Improper Turn,Inattentive, , , , , , , ,Yes,Yes, , , , , , , , , , ,27,York University Heights (27),1320
-79.481014,43.784629,80976595,8002051381,2018,2018-11-06T05:00:00.000Z,2315,23,STEELES AVE W,ALNESS ST, ,Major Arterial,North York,6,0,0,32,0,0,43.784629,-79.481014,Intersection,At Intersection,Traffic Signal,Rain,"Dark, artificial",Wet,Non-Fatal Injury,Cyclist Collisions,Cyclist,15 to 19,Major,0,East,Bicycle,Going Ahead, , , , , ,Motorist turned left across cyclists path.,Driving Properly,Normal, ,Yes,Yes, , , , , , , , , , ,27,York University Heights (27),1321
-79.416911,43.646323,80240820,5000950977,2015,2015-06-07T04:00:00.000Z,2316,23,169 SHAW ST, , ,Collector,North York,19,0,0,D14UE,0,0,43.646323,-79.416911,Mid-Block,Non Intersection,No Control,Clear,"Dark, artificial",Dry,Non-Fatal Injury,Cyclist Collisions,Cyclist,25 to 29,Major,0,North,Bicycle,Going Ahead, , , , , ,Cyclist strikes a parked vehicle.,Lost control,"Ability Impaired, Alcohol", ,Yes, , , , , , , , , , , ,81,Trinity-Bellwoods (81),1322
-79.396594,43.674712,80497099,5000995174,2015,2015-06-13T04:00:00.000Z,2320,23,AVENUE RD,DAVENPORT RD, ,Major Arterial,Toronto and East York,11,0,0,53,0,0,43.674712,-79.396594,Intersection,At Intersection,Traffic Signal,Clear,"Dark, artificial",Dry,Fatal,Cyclist Collisions,Cyclist,25 to 29,Fatal,31,South,Bicycle,Turning Left, , , , , ,Cyclist turned left across motorists path.,Failed to Yield Right of Way,Normal, ,Yes,Yes, , , , , , , , , , ,95,Annex (95),1323
-79.396594,43.674712,80497100,5000995174,2015,2015-06-13T04:00:00.000Z,2320,23,AVENUE RD,DAVENPORT RD, ,Major Arterial,Toronto and East York,11,0,0,53,0,0,43.674712,-79.396594,Intersection,At Intersection,Traffic Signal,Clear,"Dark, artificial",Dry,Fatal,Cyclist Collisions,Driver,15 to 19,None,0,North,"Automobile, Station Wagon",Going Ahead,Other,Unknown, , , , , , , ,Yes,Yes, , , , , , , , , , ,95,Annex (95),1324
-79.361652,43.760329,80161523,4002159560,2014,2014-05-26T04:00:00.000Z,2322,23,1999 LESLIE ST, , ,Major Arterial,North York,1516,16,15,33,0,0,43.760329,-79.361652,Mid-Block,Non Intersection,No Control,Clear,"Dark, artificial",Dry,Non-Fatal Injury,Cyclist Collisions,Cyclist,50 to 54,Major,0,North,Bicycle,Going Ahead, , , , , ,Cyclist and Driver travelling in same direction. One vehicle rear-ended the other.,Driving Properly,Normal, ,Yes, , , , , , , ,Yes, , , ,40,St.Andrew-Windfields (40),1325
-79.361652,43.760329,80161524,4002159560,2014,2014-05-26T04:00:00.000Z,2322,23,1999 LESLIE ST, , ,Major Arterial,North York,1516,16,15,33,0,0,43.760329,-79.361652,Mid-Block,Non Intersection,No Control,Clear,"Dark, artificial",Dry,Non-Fatal Injury,Cyclist Collisions,Driver,unknown,None,0,North, ,Going Ahead,Following too Close,Unknown, , , , , , , ,Yes, , , , , , , ,Yes, , , ,40,St.Andrew-Windfields (40),1326
-79.562633,43.6123,80715701,6001451280,2016,2016-08-16T04:00:00.000Z,2325,23,THE WEST MALL,THE QUEENSWAY, ,Major Arterial,Etobicoke York,3,0,0,22,0,0,43.6123,-79.562633,Intersection,At Intersection,Traffic Signal,Clear,"Dark, artificial",Dry,Non-Fatal Injury,Cyclist Collisions,Cyclist,30 to 34,Major,0,South,Bicycle,Going Ahead, , , , , ,"Cyclist without ROW rides into path of motorist at inter, lnwy, dwy-Cyclist not turn.",Other,Unknown, ,Yes, , ,Yes, , , , , , , , ,14,Islington-City Centre West (14),1327
-79.562633,43.6123,80715702,6001451280,2016,2016-08-16T04:00:00.000Z,2325,23,THE WEST MALL,THE QUEENSWAY, ,Major Arterial,Etobicoke York,3,0,0,22,0,0,43.6123,-79.562633,Intersection,At Intersection,Traffic Signal,Clear,"Dark, artificial",Dry,Non-Fatal Injury,Cyclist Collisions,Truck Driver,50 to 54,None,0,North,Truck-Tractor,Turning Right,Driving Properly,Normal, , , , , , , ,Yes, , ,Yes, , , , , , , , ,14,Islington-City Centre West (14),1328
-79.45473,43.67528,80771253,7001005616,2017,2017-06-03T04:00:00.000Z,2330,23,ST CLAIR AVE W,CALEDONIA RD, ,Major Arterial,Toronto and East York,9,0,0,13,0,0,43.67528,-79.45473,Intersection,Intersection Related,Traffic Signal,Clear,"Dark, artificial",Dry,Non-Fatal Injury,Cyclist Collisions,Driver,unknown,None,0,West,"Automobile, Station Wagon",Going Ahead,Improper Passing,Inattentive, , , , , , , ,Yes,Yes, , , , , , ,Yes, , , ,92,Corso Italia-Davenport (92),1329
-79.45473,43.67528,80771254,7001005616,2017,2017-06-03T04:00:00.000Z,2330,23,ST CLAIR AVE W,CALEDONIA RD, ,Major Arterial,Toronto and East York,9,0,0,13,0,0,43.67528,-79.45473,Intersection,Intersection Related,Traffic Signal,Clear,"Dark, artificial",Dry,Non-Fatal Injury,Cyclist Collisions,Cyclist,40 to 44,Major,0,West,Bicycle,Going Ahead, , , , , ,Cyclist and Driver travelling in same direction. One vehicle sideswipes the other.,Driving Properly,Normal, ,Yes,Yes, , , , , , ,Yes, , , ,92,Corso Italia-Davenport (92),1330
-79.517566,43.756663,80167945,4002524694,2014,2014-07-18T04:00:00.000Z,2340,23,3900 JANE ST, , ,Major Arterial,Etobicoke York,7,0,0,31,0,0,43.756663,-79.517566,Mid-Block,At/Near Private Drive,No Control,Clear,Daylight,Dry,Non-Fatal Injury,Cyclist Collisions,Driver,35 to 39,None,0,East, ,Going Ahead,Other,Unknown, , , , , , , ,Yes, , , , , , , , , , , ,25,Glenfield-Jane Heights (25),1331
-79.517566,43.756663,80167946,4002524694,2014,2014-07-18T04:00:00.000Z,2340,23,3900 JANE ST, , ,Major Arterial,Etobicoke York,7,0,0,31,0,0,43.756663,-79.517566,Mid-Block,At/Near Private Drive,No Control,Clear,Daylight,Dry,Non-Fatal Injury,Cyclist Collisions,Cyclist,30 to 34,Major,0,Unknown,Bicycle,Unknown, , , , , ,"Motorist without ROW drives into path of cyclist at inter, lnwy, dwy-Driver not turn.",Other,Unknown, ,Yes, , , , , , , , , , , ,25,Glenfield-Jane Heights (25),1332
-79.553577,43.629279,80788857,7003071478,2017,2017-11-25T05:00:00.000Z,2351,23,DUNDAS ST W,THE EAST MALL, ,Expressway,Etobicoke York,3,0,0,22,0,0,43.629279,-79.553577,Mid-Block,Non Intersection,No Control,Clear,"Dark, artificial",Dry,Non-Fatal Injury,Cyclist Collisions,Cyclist,35 to 39,None,0,West,Bicycle,Changing Lanes, , , , , ,"Cyclist without ROW rides into path of motorist at inter, lnwy, dwy-Cyclist not turn.",Improper Lane Change,Normal, ,Yes,Yes, , , , , , , , , , ,14,Islington-City Centre West (14),1333
-79.553577,43.629279,80788858,7003071478,2017,2017-11-25T05:00:00.000Z,2351,23,DUNDAS ST W,THE EAST MALL, ,Expressway,Etobicoke York,3,0,0,22,0,0,43.629279,-79.553577,Mid-Block,Non Intersection,No Control,Clear,"Dark, artificial",Dry,Non-Fatal Injury,Cyclist Collisions,Driver,55 to 59,Major,0,North,"Automobile, Station Wagon",Going Ahead,Driving Properly,Normal, , , , , , , ,Yes,Yes, , , , , , , , , , ,14,Islington-City Centre West (14),1334
-79.419742,43.630351,80892785,7001690052,2017,2017-09-17T04:00:00.000Z,2358,23,LAKE SHORE BLVD W,REMEMBRANCE DR, ,Major Arterial,Toronto and East York,10,0,0,14,0,0,43.630351,-79.419742,Intersection,At Intersection,Traffic Signal,Clear,"Dark, artificial",Dry,Non-Fatal Injury,Cyclist Collisions,Cyclist,25 to 29,Major,0,West,Bicycle,Going Ahead, , , , , ,Motorist turning right on red at signalized intersection strikes cyclist.,Driving Properly,Normal, ,Yes,Yes, , , , , , , , , , ,82,Niagara (82),1335
-79.419742,43.630351,80892786,7001690052,2017,2017-09-17T04:00:00.000Z,2358,23,LAKE SHORE BLVD W,REMEMBRANCE DR, ,Major Arterial,Toronto and East York,10,0,0,14,0,0,43.630351,-79.419742,Intersection,At Intersection,Traffic Signal,Clear,"Dark, artificial",Dry,Non-Fatal Injury,Cyclist Collisions,Driver,45 to 49,None,0,North,Passenger Van,Turning Right,Improper Turn,Normal, , , , , , , ,Yes,Yes, , , , , , , , , , ,82,Niagara (82),1336
-79.47429,43.683245,6160006,1176361,2010,2010-07-07T04:00:00.000Z,2359,23,BICKNELL Ave,NASHVILLE Ave, ,Collector,Etobicoke York,5,0,0,12,0,0,43.683245,-79.47429,Intersection, ,No Control,Clear,Dark,Dry,Non-Fatal Injury,Cyclist Collisions,Vehicle Owner,unknown, ,0, ,Other, , , , , , , , , , ,Yes,Yes, , , , , , , , , , ,110,Keelesdale-Eglinton West (110),1337
-79.47429,43.683245,6160007,1176361,2010,2010-07-07T04:00:00.000Z,2359,23,BICKNELL Ave,NASHVILLE Ave, ,Collector,Etobicoke York,5,0,0,12,0,0,43.683245,-79.47429,Intersection, ,No Control,Clear,Dark,Dry,Non-Fatal Injury,Cyclist Collisions,Driver,40 to 44,None,0,North,"Automobile, Station Wagon",Parked,Driving Properly,Normal, , , , , , , ,Yes,Yes, , , , , , , , , , ,110,Keelesdale-Eglinton West (110),1338
-79.47429,43.683245,6160008,1176361,2010,2010-07-07T04:00:00.000Z,2359,23,BICKNELL Ave,NASHVILLE Ave, ,Collector,Etobicoke York,5,0,0,12,0,0,43.683245,-79.47429,Intersection, ,No Control,Clear,Dark,Dry,Non-Fatal Injury,Cyclist Collisions,Cyclist,40 to 44,Major,0,North,Bicycle,Going Ahead, , , , , ,Cyclist and Driver travelling in same direction. One vehicle rear-ended the other.,Other,Had Been Drinking, ,Yes,Yes, , , , , , , , , , ,110,Keelesdale-Eglinton West (110),1339
-79.26588,43.727336,80566002,6001309573,2016,2016-07-25T04:00:00.000Z,2359,23,KENNEDY RD,MERRIAN RD, ,Major Arterial,Scarborough,20,0,0,41,0,0,43.727336,-79.26588,Intersection,At Intersection,Traffic Signal,Clear,"Dark, artificial",Dry,Non-Fatal Injury,Cyclist Collisions,Cyclist,35 to 39,Major,0,West,Bicycle,Going Ahead, , , , , ,"Cyclist without ROW rides into path of motorist at inter, lnwy, dwy-Cyclist not turn.",Disobeyed Traffic Control,Inattentive, ,Yes, , , , ,Yes, , , , , , ,124,Kennedy Park (124),1340
-79.26588,43.727336,80566003,6001309573,2016,2016-07-25T04:00:00.000Z,2359,23,KENNEDY RD,MERRIAN RD, ,Major Arterial,Scarborough,20,0,0,41,0,0,43.727336,-79.26588,Intersection,At Intersection,Traffic Signal,Clear,"Dark, artificial",Dry,Non-Fatal Injury,Cyclist Collisions,Driver,35 to 39,None,0,North,Police Vehicle,Going Ahead,Driving Properly,Normal, , , , , , , ,Yes, , , , ,Yes, , , , , , ,124,Kennedy Park (124),1341